<?xml version="1.0" encoding="UTF-8"?>

<ValueSet xmlns="http://hl7.org/fhir">
  <text>
    <status value="generated"/>
    <div xmlns="http://www.w3.org/1999/xhtml">
      <h2>ConditionRelationshipType</h2>
      <p>The type of relationship between a condition and its related item</p>
      <p>This value set defines its own terms in the system http://hl7.org/fhir/condition-relationship-type</p>
      <table>
        <tr>
          <td>
            <b>Code</b>
          </td>
          <td>
            <b>Display</b>
          </td>
          <td>
            <b>Definition</b>
          </td>
        </tr>
        <tr>
          <td>due-to
            <a name="due-to"> </a>
          </td>
          <td/>
          <td>this condition follows the identified condition/procedure/substance and is a consequence of it.</td>
        </tr>
        <tr>
          <td>following
            <a name="following"> </a>
          </td>
          <td/>
          <td>this condition follows the identified condition/procedure/substance, but it is not known whether they are causually linked.</td>
        </tr>
      </table>
    </div>
  </text>
  <identifier value="http://hl7.org/fhir/vs/condition-relationship-type"/>
  <name value="ConditionRelationshipType"/>
  <publisher value="HL7 (FHIR Project)"/>
  <telecom>
    <system value="url"/>
    <value value="http://hl7.org/fhir"/>
  </telecom>
  <telecom>
    <system value="email"/>
    <value value="fhir@lists.hl7.org"/>
  </telecom>
  <description value="The type of relationship between a condition and its related item"/>
  <status value="draft"/>
  <date value="2014-01-31T21:41:25.291+11:00"/>
  <define>
    <system value="http://hl7.org/fhir/condition-relationship-type"/>
    <caseSensitive value="true"/>
    <concept>
      <code value="due-to"/>
      <definition value="this condition follows the identified condition/procedure/substance and is a consequence of it."/>
    </concept>
    <concept>
      <code value="following"/>
      <definition value="this condition follows the identified condition/procedure/substance, but it is not known whether they are causually linked."/>
    </concept>
  </define>
</ValueSet>