<?xml version="1.0" encoding="UTF-8"?>

<ConceptMap xmlns="http://hl7.org/fhir">
  <text>
    <status value="generated"/>
    <div xmlns="http://www.w3.org/1999/xhtml">
      <h2>v3 map for ContactUse (http://hl7.org/fhir/cm/v3/contact-use)</h2>
      <p>Mapping from 
        <a href="contact-use.html">http://hl7.org/fhir/vs/contact-use</a> to 
        <a href="v3/AddressUse/index.html">http://hl7.org/fhir/v3/vs/AddressUse</a>
      </p>
      <p>Draft. Published on 31-Jan 2014 21:41 by HL7 (FHIR Project) (
        <a href="http://hl7.org/fhir">http://hl7.org/fhir</a>, 
        <a href="mailto:fhir@lists.hl7.org">fhir@lists.hl7.org</a>). 
      </p>
      <p>v3 Map (AddressUse)</p>
      <br/>
      <table class="grid">
        <tr>
          <td>
            <b>Source Code</b>
          </td>
          <td>
            <b>Equivalence</b>
          </td>
          <td>
            <b>Destination Code</b>
          </td>
        </tr>
        <tr>
          <td>home</td>
          <td>equal</td>
          <td>H (home address)</td>
        </tr>
        <tr>
          <td>work</td>
          <td>equal</td>
          <td>WP (work place)</td>
        </tr>
        <tr>
          <td>temp</td>
          <td>equal</td>
          <td>TMP (temporary address)</td>
        </tr>
        <tr>
          <td>old</td>
          <td>narrower</td>
          <td>OLD (no longer in use)</td>
        </tr>
        <tr>
          <td>old</td>
          <td>narrower</td>
          <td>BAD (bad address)</td>
        </tr>
        <tr>
          <td>mobile</td>
          <td>equal</td>
          <td>MC (mobile contact))</td>
        </tr>
      </table>
    </div>
  </text>
  <identifier value="http://hl7.org/fhir/cm/v3/contact-use"/>
  <name value="v3 map for ContactUse"/>
  <publisher value="HL7 (FHIR Project)"/>
  <telecom>
    <system value="url"/>
    <value value="http://hl7.org/fhir"/>
  </telecom>
  <telecom>
    <system value="email"/>
    <value value="fhir@lists.hl7.org"/>
  </telecom>
  <description value="v3 Map (AddressUse)"/>
  <status value="draft"/>
  <date value="2014-01-31T21:41:28.006+11:00"/>
  <source>
    <reference value="http://hl7.org/fhir/vs/contact-use"/>
  </source>
  <target>
    <reference value="http://hl7.org/fhir/v3/vs/AddressUse"/>
  </target>
  <concept>
    <system value="http://hl7.org/fhir/contact-use"/>
    <code value="home"/>
    <map>
      <system value="http://hl7.org/fhir/v3/AddressUse"/>
      <code value="H"/>
      <equivalence value="equal"/>
    </map>
  </concept>
  <concept>
    <system value="http://hl7.org/fhir/contact-use"/>
    <code value="work"/>
    <map>
      <system value="http://hl7.org/fhir/v3/AddressUse"/>
      <code value="WP"/>
      <equivalence value="equal"/>
    </map>
  </concept>
  <concept>
    <system value="http://hl7.org/fhir/contact-use"/>
    <code value="temp"/>
    <map>
      <system value="http://hl7.org/fhir/v3/AddressUse"/>
      <code value="TMP"/>
      <equivalence value="equal"/>
    </map>
  </concept>
  <concept>
    <system value="http://hl7.org/fhir/contact-use"/>
    <code value="old"/>
    <map>
      <system value="http://hl7.org/fhir/v3/AddressUse"/>
      <code value="OLD"/>
      <equivalence value="narrower"/>
    </map>
  </concept>
  <concept>
    <system value="http://hl7.org/fhir/contact-use"/>
    <code value="old"/>
    <map>
      <system value="http://hl7.org/fhir/v3/AddressUse"/>
      <code value="BAD"/>
      <equivalence value="narrower"/>
    </map>
  </concept>
  <concept>
    <system value="http://hl7.org/fhir/contact-use"/>
    <code value="mobile"/>
    <map>
      <system value="http://hl7.org/fhir/v3/AddressUse"/>
      <code value="MC"/>
      <equivalence value="equal"/>
    </map>
  </concept>
</ConceptMap>