{"resourceType":"DiagnosticReport","contained":[{"resourceType":"DiagnosticOrder","_id":"req","subject":{"reference":"Patient/f201","display":"Roel"},"orderer":{"reference":"Practitioner/f201","display":"Dokter Bronsig"},"encounter":{"reference":"Encounter/f203","display":"Roel's encounter on March eleventh 2013"}}],"name":{"coding":[{"system":"http://snomed.info/sct","code":"104177005","display":"Blood culture for bacteria, including anaerobic screen"}]},"status":"final","issued":"2013-03-11T10:28:00+01:00","subject":{"reference":"Patient/f201","display":"Roel"},"performer":{"reference":"Organization/f201","display":"AUMC"},"requestDetail":[{"reference":"#req"}],"serviceCategory":{"coding":[{"system":"http://snomed.info/sct","code":"15220000","display":"Laboratory test"},{"system":"http://hl7.org/fhir/v2/0074","code":"LAB"}]},"diagnosticDateTime":"2013-03-11T03:45:00+01:00","result":[{"reference":"Observation/f206","display":"Results for staphylococcus analysis on Roel's blood culture"}],"conclusion":"Blood culture tested positive on staphylococcus aureus","codedDiagnosis":[{"coding":[{"system":"http://snomed.info/sct","code":"428763004","display":"Bacteremia due to staphylococcus"}]}]}