{"resourceType":"DiagnosticReport","name":{"coding":[{"system":"http://snomed.info/sct","code":"429858000","display":"Computed tomography (CT) of head and neck"}],"text":"CT of head-neck"},"status":"final","issued":"2012-12-01T12:00:00+01:00","subject":{"reference":"Patient/f201","display":"Roel"},"performer":{"reference":"Organization/f203","display":"Blijdorp MC"},"serviceCategory":{"coding":[{"system":"http://snomed.info/sct","code":"394914008","display":"Radiology"},{"system":"http://hl7.org/fhir/v2/0074","code":"RAD"}]},"diagnosticDateTime":"2012-12-01T12:00:00+01:00","conclusion":"CT brains: large tumor sphenoid/clivus.","codedDiagnosis":[{"coding":[{"system":"http://snomed.info/sct","code":"188340000","display":"Malignant tumor of craniopharyngeal duct"}]}]}