<?xml version="1.0" encoding="UTF-8"?>

<ValueSet xmlns="http://hl7.org/fhir">
  <text>
    <status value="generated"/>
    <div xmlns="http://www.w3.org/1999/xhtml"/>
  </text>
  <identifier value="http://hl7.org/fhir/vs/administrative-gender"/>
  <name value="AdministrativeGender"/>
  <publisher value="HL7 (FHIR Project)"/>
  <telecom>
    <system value="url"/>
    <value value="http://hl7.org/fhir"/>
  </telecom>
  <telecom>
    <system value="email"/>
    <value value="fhir@lists.hl7.org"/>
  </telecom>
  <description value="The gender of a person used for administrative purposes"/>
  <status value="draft"/>
  <date value="2023-05-12T00:10:00"/>
  <compose>
    <include>
      <system value="http://hl7.org/fhir/v2/0001"/>
      <code value="F"/>
      <code value="M"/>
      <code value="OTH"/>
    </include>
    <include>
      <system value="http://hl7.org/fhir/v3/NullFlavor"/>
      <code value="UNK"/>
    </include>
  </compose>
</ValueSet>