{"ValueSet":{"text":{"status":{"value":"generated"},"div":"<div/>"},"identifier":{"value":"http://hl7.org/fhir/vs/administrative-gender"},"name":{"value":"AdministrativeGender"},"publisher":{"value":"HL7 (FHIR Project)"},"telecom":[{"system":{"value":"url"},"value":{"value":"http://hl7.org/fhir"}},{"system":{"value":"email"},"value":{"value":"fhir@lists.hl7.org"}}],"description":{"value":"The gender of a person used for administrative purposes"},"status":{"value":"draft"},"date":{"value":"2023-05-12T00:10:00"},"compose":{"include":[{"system":{"value":"http://hl7.org/fhir/v2/0001"},"code":[{"value":"F"},{"value":"M"},{"value":"OTH"}]},{"system":{"value":"http://hl7.org/fhir/v3/NullFlavor"},"code":[{"value":"UNK"}]}]}}}