<?xml version="1.0" encoding="UTF-8"?>

<Profile xmlns="http://hl7.org/fhir">
  <text>
    <status value="generated"/><div xmlns="http://www.w3.org/1999/xhtml"><pre>
&lt;<a title="Prospective warnings of things that should be taken notice of when providing care to the patient" class="dict" href="alert-definitions.htm#Alert"><b>Alert</b></a> xmlns=&quot;http://hl7.org/fhir&quot;&gt;
 &lt;<a title="Allows an alert to be divided int different categories like clinical, administartive etc." class="dict" href="alert-definitions.htm#Alert.category"><b>category</b></a>&gt;<span style="color: Gray">&lt;!--</span> <span style="color: brown"><b>0..1</b></span> <span style="color: darkgreen"><a href="datatypes.htm#CodeableConcept">CodeableConcept</a></span> <span style="color: navy">The category of this alert</span><span style="color: Gray"> --&gt;</span>&lt;/category&gt;
 &lt;<a title="Supports basic workflow" class="dict" href="alert-definitions.htm#Alert.status"><b>status</b></a> value=&quot;[<span style="color: darkgreen"><a href="datatypes.htm#code">code</a></span>]&quot;/&gt;<span style="color: Gray">&lt;!--</span> <span style="color: brown"><b>1..1</b></span> <span style="color: navy"><a style="color: navy" href="alert-status.htm">active | inactive | incorrect</a></span><span style="color: Gray"> --&gt;</span>
 &lt;<a title="The person who this alert concerns" class="dict" href="alert-definitions.htm#Alert.subject"><b>subject</b></a>&gt;<span style="color: Gray">&lt;!--</span> <span style="color: brown"><b>1..1</b></span> <span style="color: darkgreen"><a href="resources.htm#Resource">Resource</a>(<a href="patient.htm#Patient">Patient</a>)</span> <span style="color: navy">Subject of this alert</span><span style="color: Gray"> --&gt;</span>&lt;/subject&gt;
 &lt;<a title="The person or device that created the alert" class="dict" href="alert-definitions.htm#Alert.author"><b>author</b></a>&gt;<span style="color: Gray">&lt;!--</span> <span style="color: brown"><b>0..1</b></span> <span style="color: darkgreen"><a href="resources.htm#Resource">Resource</a>(<a href="practitioner.htm#Practitioner">Practitioner</a>|<a href="patient.htm#Patient">Patient</a>|<a href="device.htm#Device">Device</a>)</span> <span style="color: navy">Alert creator</span><span style="color: Gray"> --&gt;</span>&lt;/author&gt;
 &lt;<a title="The textual component of the alert to display to the user" class="dict" href="alert-definitions.htm#Alert.note"><b>note</b></a> value=&quot;[<span style="color: darkgreen"><a href="datatypes.htm#string">string</a></span>]&quot;/&gt;<span style="color: Gray">&lt;!--</span> <span style="color: brown"><b>1..1</b></span> <span style="color: navy">Text of alert</span><span style="color: Gray"> --&gt;</span>
&lt;/Alert&gt;
</pre></div>
  </text>
  <name value="alert"/>
  <publisher value="todo (committee)"/>
  <description value="Basic Profile. Prospective warnings of things that should be taken notice of when providing care to the patient"/>
  <status>
    <code value="testing"/>
    <date value="2013-06-07"/>
  </status>
  <structure>
    <type value="Alert"/>
    <element>
      <path value="Alert"/>
      <definition>
        <short value="Alert"/>
        <formal value="Prospective warnings of things that should be taken notice of when providing care to the patient"/>
        <min value="1"/>
        <max value="1"/>
        <type>
          <code value="Resource"/>
        </type>
        <mustUnderstand value="false"/>
      </definition>
    </element>
    <element>
      <path value="Alert.extension"/>
      <definition>
        <short value="Additional Content defined by implementations"/>
        <formal value="May be used to represent additional information that is not part of the basic definition of the resource. In order to make the use of extensions safe and manageable, there is a strict governance applied to the definition and use of extensions. Though any implementer is allowed to define an extension, there is a set of requirements that must be met as part of the definition of the extension"/>
        <comments value="there can be no stigma
associated with the use of extensions by any application, project, or standard - regardless of the institution or jurisdiction that uses or defines the extensions.  The use of extensions is what allows the FHIR specification to retain a core simplicity for everyone"/>
        <synonym value="extensions"/>
        <synonym value="user content"/>
        <min value="0"/>
        <max value="*"/>
        <type>
          <code value="Extension"/>
        </type>
      </definition>
    </element>
    <element>
      <path value="Alert.text"/>
      <definition>
        <short value="Text summary of the resource, for human interpretation"/>
        <formal value="A human readable narrative that contains a summary of the resource, and may be used to represent the content of the resource to a human. The narrative need not encode all the structured data, but is required to contain sufficient detail to make it &quot;clinically safe&quot; for a human to just read the narrative. Resource definitions may define what content should be represented in the narrative to ensure clinical safety"/>
        <comments value="Contained resources do not have narrative. Resources that are not contained SHOULD have a narrative"/>
        <synonym value="narrative"/>
        <synonym value="html"/>
        <synonym value="xhtml"/>
        <synonym value="display"/>
        <min value="0"/>
        <max value="1"/>
        <type>
          <code value="Narrative"/>
        </type>
      </definition>
    </element>
    <element>
      <path value="Alert.contained"/>
      <definition>
        <short value="Contained, inline Resources"/>
        <formal value="These resources do not have an independent existence apart from the resource that contains them - they cannot be identified independently, and nor can they have their own independent transaction scope"/>
        <comments value="This should never be done when the content can be identified properly, as once identification is lost, it is extremely difficult (and context dependent) to restore it again"/>
        <synonym value="inline resources"/>
        <synonym value="anonymous resources"/>
        <synonym value="contained resources"/>
        <min value="0"/>
        <max value="*"/>
        <type>
          <code value="Resource"/>
        </type>
      </definition>
    </element>
    <element>
      <path value="Alert.category"/>
      <definition>
        <short value="The category of this alert"/>
        <formal value="Allows an alert to be divided int different categories like clinical, administartive etc."/>
        <min value="0"/>
        <max value="1"/>
        <type>
          <code value="CodeableConcept"/>
        </type>
        <mustUnderstand value="false"/>
      </definition>
    </element>
    <element>
      <path value="Alert.status"/>
      <definition>
        <short value="active | inactive | incorrect"/>
        <formal value="Supports basic workflow"/>
        <min value="1"/>
        <max value="1"/>
        <type>
          <code value="code"/>
        </type>
        <mustUnderstand value="false"/>
        <binding value="AlertStatus"/>
      </definition>
    </element>
    <element>
      <path value="Alert.subject"/>
      <definition>
        <short value="Subject of this alert"/>
        <formal value="The person who this alert concerns"/>
        <min value="1"/>
        <max value="1"/>
        <type>
          <code value="Resource(Patient)"/>
        </type>
        <mustUnderstand value="false"/>
      </definition>
    </element>
    <element>
      <path value="Alert.author"/>
      <definition>
        <short value="Alert creator"/>
        <formal value="The person or device that created the alert"/>
        <min value="0"/>
        <max value="1"/>
        <type>
          <code value="Resource(Practitioner|Patient|Device)"/>
        </type>
        <mustUnderstand value="false"/>
      </definition>
    </element>
    <element>
      <path value="Alert.note"/>
      <definition>
        <short value="Text of alert"/>
        <formal value="The textual component of the alert to display to the user"/>
        <min value="1"/>
        <max value="1"/>
        <type>
          <code value="string"/>
        </type>
        <mustUnderstand value="false"/>
      </definition>
    </element>
    <searchParam>
      <name value="_id"/>
      <type value="token"/>
      <documentation value="The logical resource id associated with the resource (must be supported by all servers)"/>
    </searchParam>
    <searchParam>
      <name value="subject"/>
      <type value="reference"/>
      <documentation value="The identity of a subject to list alerts for"/>
    </searchParam>
  </structure>
  <binding>
    <name value="AlertStatus"/>
    <definition value="Indicates whether this alert is active and needs to be displayed to a user, or whether it is no longer needed or entered in error"/>
    <type value="codelist"/>
    <conformance value="required"/>
    <referenceResource>
      <type value="ValueSet"/>
      <reference value="http://hl7.org/fhir/valueset/alert-status"/>
    </referenceResource>
  </binding>
</Profile>