{"ValueSet":{"text":{"status":{"value":"generated"},"div":"<div/>"},"identifier":{"value":"http://hl7.org/fhir/vs/alert-status"},"name":{"value":"AlertStatus"},"publisher":{"value":"HL7 (FHIR Project)"},"telecom":[{"system":{"value":"url"},"value":{"value":"http://hl7.org/fhir"}},{"system":{"value":"email"},"value":{"value":"fhir@lists.hl7.org"}}],"description":{"value":"Indicates whether this alert is active and needs to be displayed to a user, or whether it is no longer needed or entered in error"},"status":{"value":"draft"},"date":{"value":"2023-05-12T00:10:00"},"define":{"system":{"value":"http://hl7.org/fhir/alert-status"},"concept":[{"code":{"value":"active"},"definition":{"value":"A current alert that should be displayed to a user. A system may use the category to determine whoch roles should view the alert"}},{"code":{"value":"inactive"},"definition":{"value":"The alert does not need to be displayed any more"}},{"code":{"value":"error"},"definition":{"value":"The alert was added in error, and should no longer be displayed"}}]}}}