<?xml version="1.0" encoding="UTF-8"?>

<ValueSet xmlns="http://hl7.org/fhir">
  <text>
    <status value="generated"/>
    <div xmlns="http://www.w3.org/1999/xhtml"/>
  </text>
  <identifier value="http://hl7.org/fhir/vs/binding-conformance"/>
  <name value="BindingConformance"/>
  <publisher value="HL7 (FHIR Project)"/>
  <telecom>
    <system value="url"/>
    <value value="http://hl7.org/fhir"/>
  </telecom>
  <telecom>
    <system value="email"/>
    <value value="fhir@lists.hl7.org"/>
  </telecom>
  <description value="Must applications comply with this binding?"/>
  <status value="draft"/>
  <date value="2023-05-12T00:10:00"/>
  <define>
    <system value="http://hl7.org/fhir/binding-conformance"/>
    <concept>
      <code value="required"/>
      <definition value="Only codes in the specified set are allowed.  If the binding is extensible, other codes may be used for concepts not covered by the bound set of codes"/>
    </concept>
    <concept>
      <code value="preferred"/>
      <definition value="For greater interoperability, implementers are strongly encouraged to use the bound set of codes, however alternate codes may be used in derived profiles and implementations if necessary without being considered non-conformant"/>
    </concept>
    <concept>
      <code value="example"/>
      <definition value="The codes in the set are an example to illustrate the meaning of the field. There is no particular preference for its use nor any assertion that the provided values are sufficient to meet implementation needs"/>
    </concept>
  </define>
</ValueSet>