{"ValueSet":{"text":{"status":{"value":"generated"},"div":"<div/>"},"identifier":{"value":"http://hl7.org/fhir/vs/binding-conformance"},"name":{"value":"BindingConformance"},"publisher":{"value":"HL7 (FHIR Project)"},"telecom":[{"system":{"value":"url"},"value":{"value":"http://hl7.org/fhir"}},{"system":{"value":"email"},"value":{"value":"fhir@lists.hl7.org"}}],"description":{"value":"Must applications comply with this binding?"},"status":{"value":"draft"},"date":{"value":"2023-05-12T00:10:00"},"define":{"system":{"value":"http://hl7.org/fhir/binding-conformance"},"concept":[{"code":{"value":"required"},"definition":{"value":"Only codes in the specified set are allowed.  If the binding is extensible, other codes may be used for concepts not covered by the bound set of codes"}},{"code":{"value":"preferred"},"definition":{"value":"For greater interoperability, implementers are strongly encouraged to use the bound set of codes, however alternate codes may be used in derived profiles and implementations if necessary without being considered non-conformant"}},{"code":{"value":"example"},"definition":{"value":"The codes in the set are an example to illustrate the meaning of the field. There is no particular preference for its use nor any assertion that the provided values are sufficient to meet implementation needs"}}]}}}