<?xml version="1.0" encoding="UTF-8"?>

<ValueSet xmlns="http://hl7.org/fhir">
  <text>
    <status value="generated"/>
    <div xmlns="http://www.w3.org/1999/xhtml"/>
  </text>
  <identifier value="http://hl7.org/fhir/vs/boolean-yes-no"/>
  <name value="BooleanYesNo"/>
  <publisher value="HL7 (FHIR Project)"/>
  <telecom>
    <system value="url"/>
    <value value="http://hl7.org/fhir"/>
  </telecom>
  <telecom>
    <system value="email"/>
    <value value="fhir@lists.hl7.org"/>
  </telecom>
  <description value="Either yes or no, true or false"/>
  <status value="draft"/>
  <date value="2023-05-12T00:10:00"/>
  <define>
    <system value="http://hl7.org/fhir/boolean-yes-no"/>
    <concept>
      <code value="yes"/>
      <definition value="TRUE"/>
    </concept>
    <concept>
      <code value="no"/>
      <definition value="FALSE"/>
    </concept>
  </define>
</ValueSet>