<?xml version="1.0" encoding="UTF-8"?>

<ValueSet xmlns="http://hl7.org/fhir">
  <text>
    <status value="generated"/>
    <div xmlns="http://www.w3.org/1999/xhtml"/>
  </text>
  <identifier value="http://hl7.org/fhir/vs/care-plan-activity-status"/>
  <name value="CarePlanActivityStatus"/>
  <publisher value="HL7 (FHIR Project)"/>
  <telecom>
    <system value="url"/>
    <value value="http://hl7.org/fhir"/>
  </telecom>
  <telecom>
    <system value="email"/>
    <value value="fhir@lists.hl7.org"/>
  </telecom>
  <description value="Indicates where the activity is at in its overall life cycle"/>
  <status value="draft"/>
  <date value="2023-05-12T00:10:00"/>
  <define>
    <system value="http://hl7.org/fhir/care-plan-activity-status"/>
    <concept>
      <code value="not started"/>
      <definition value="Activity is planned but no action has yet been taken"/>
    </concept>
    <concept>
      <code value="scheduled"/>
      <definition value="Appointment or other booking has occurred but activity has not yet begun"/>
    </concept>
    <concept>
      <code value="ongoing"/>
      <definition value="Activity has been started but is not yet complete"/>
    </concept>
    <concept>
      <code value="on hold"/>
      <definition value="Activity was started but has temporarily ceased with an expectation of resumption at a future time."/>
    </concept>
    <concept>
      <code value="completed"/>
      <definition value="The activities have been completed (more or less) as planned"/>
    </concept>
    <concept>
      <code value="discontinued"/>
      <definition value="The activities have been ended prior to completion (perhaps even before they were started)"/>
    </concept>
  </define>
</ValueSet>