{"ValueSet":{"text":{"status":{"value":"generated"},"div":"<div/>"},"identifier":{"value":"http://hl7.org/fhir/vs/care-plan-activity-category"},"name":{"value":"CarePlanActivityCategory"},"publisher":{"value":"HL7 (FHIR Project)"},"telecom":[{"system":{"value":"url"},"value":{"value":"http://hl7.org/fhir"}},{"system":{"value":"email"},"value":{"value":"fhir@lists.hl7.org"}}],"description":{"value":"High-level categorization of the type of activity in a care plan."},"status":{"value":"draft"},"date":{"value":"2023-05-12T00:10:00"},"define":{"system":{"value":"http://hl7.org/fhir/care-plan-activity-category"},"concept":[{"code":{"value":"diet"},"definition":{"value":"Plan for the patient to consume food of a specified nature"}},{"code":{"value":"drug"},"definition":{"value":"Plan for the patient to consume/receive a drug, vaccine or other product"}},{"code":{"value":"visit"},"definition":{"value":"Plan to meet or communicate with the patient (in-patient, out-patient, phone call, etc.)"}},{"code":{"value":"observation"},"definition":{"value":"Plan to capture information about a patient (vitals, labs, diagnostic images, etc.)"}},{"code":{"value":"procedure"},"definition":{"value":"Plan to modify the patient in some way (surgery, physio-therapy, education, counselling, etc.)"}},{"code":{"value":"supply"},"definition":{"value":"Plan to provide something to the patient (medication, medical supply, etc.)"}},{"code":{"value":"other"},"definition":{"value":"Some other form of action"}}]}}}