<?xml version="1.0" encoding="UTF-8"?>

<ValueSet xmlns="http://hl7.org/fhir">
  <text>
    <status value="generated"/>
    <div xmlns="http://www.w3.org/1999/xhtml"/>
  </text>
  <identifier value="http://hl7.org/fhir/vs/care-plan-goal-status"/>
  <name value="CarePlanGoalStatus"/>
  <publisher value="HL7 (FHIR Project)"/>
  <telecom>
    <system value="url"/>
    <value value="http://hl7.org/fhir"/>
  </telecom>
  <telecom>
    <system value="email"/>
    <value value="fhir@lists.hl7.org"/>
  </telecom>
  <description value="Indicates whether the goal has been met and is still being targeted"/>
  <status value="draft"/>
  <date value="2023-05-12T00:10:00"/>
  <define>
    <system value="http://hl7.org/fhir/care-plan-goal-status"/>
    <concept>
      <code value="in progress"/>
      <definition value="The goal is being sought but has not yet been reached.  (Also applies if goal was reached in the past but there has been regression and goal is being sought again)"/>
    </concept>
    <concept>
      <code value="achieved"/>
      <definition value="The goal has been met and no further action is needed"/>
    </concept>
    <concept>
      <code value="sustaining"/>
      <definition value="The goal has been met, but ongoing activity is needed to sustain the goal objective"/>
    </concept>
    <concept>
      <code value="abandoned"/>
      <definition value="The goal is no longer being sought"/>
    </concept>
  </define>
</ValueSet>