<?xml version="1.0" encoding="UTF-8"?>

<ValueSet xmlns="http://hl7.org/fhir">
  <text>
    <status value="generated"/>
    <div xmlns="http://www.w3.org/1999/xhtml"/>
  </text>
  <identifier value="http://hl7.org/fhir/vs/causalityExpectation"/>
  <name value="CausalityExpectation"/>
  <publisher value="HL7 (FHIR Project)"/>
  <telecom>
    <system value="url"/>
    <value value="http://hl7.org/fhir"/>
  </telecom>
  <telecom>
    <system value="email"/>
    <value value="fhir@lists.hl7.org"/>
  </telecom>
  <description value="How likely is it that the given exposure caused a reaction"/>
  <status value="draft"/>
  <date value="2023-05-12T00:10:00"/>
  <define>
    <system value="http://hl7.org/fhir/causalityExpectation"/>
    <concept>
      <code value="likely"/>
      <definition value="Likely that this specific exposure caused the reaction"/>
    </concept>
    <concept>
      <code value="unlikely"/>
      <definition value="Unlikely that this specific exposure caused the reaction - the exposure is being linked to for information purposes"/>
    </concept>
    <concept>
      <code value="confirmed"/>
      <definition value="It has been confirmed that this exposure was one of the causes of the reaction"/>
    </concept>
    <concept>
      <code value="unknown"/>
      <definition value="It is unknown whether this exposure had anything to do with the reaction"/>
    </concept>
  </define>
</ValueSet>