<?xml version="1.0" encoding="UTF-8"?>

<ValueSet xmlns="http://hl7.org/fhir">
  <text>
    <status value="generated"/>
    <div xmlns="http://www.w3.org/1999/xhtml"/>
  </text>
  <identifier value="http://hl7.org/fhir/vs/code-selection-mode"/>
  <name value="CodeSelectionMode"/>
  <publisher value="HL7 (FHIR Project)"/>
  <telecom>
    <system value="url"/>
    <value value="http://hl7.org/fhir"/>
  </telecom>
  <telecom>
    <system value="email"/>
    <value value="fhir@lists.hl7.org"/>
  </telecom>
  <description value="The way in which the code is selected"/>
  <status value="draft"/>
  <date value="2023-05-12T00:10:00"/>
  <define>
    <system value="http://hl7.org/fhir/code-selection-mode"/>
    <concept>
      <code value="code"/>
      <definition value="Only this code is selected"/>
    </concept>
    <concept>
      <code value="children"/>
      <definition value="Only the immediate children (codes with a is_a relationship) are selected, but not this code itself"/>
    </concept>
    <concept>
      <code value="descendants"/>
      <definition value="All descendants of this code are selected, but not this code itself"/>
    </concept>
    <concept>
      <code value="all"/>
      <definition value="This code and any descendants are selected"/>
    </concept>
    <concept>
      <code value="system"/>
      <definition value="All codes from the specified code system"/>
    </concept>
  </define>
</ValueSet>