<?xml version="1.0" encoding="UTF-8"?>

<ValueSet xmlns="http://hl7.org/fhir">
  <text>
    <status value="generated"/>
    <div xmlns="http://www.w3.org/1999/xhtml"/>
  </text>
  <identifier value="http://hl7.org/fhir/vs/constraint-severity"/>
  <name value="ConstraintSeverity"/>
  <publisher value="HL7 (FHIR Project)"/>
  <telecom>
    <system value="url"/>
    <value value="http://hl7.org/fhir"/>
  </telecom>
  <telecom>
    <system value="email"/>
    <value value="fhir@lists.hl7.org"/>
  </telecom>
  <description value="Must applications comply with this constraint?"/>
  <status value="draft"/>
  <date value="2023-05-12T00:10:00"/>
  <define>
    <system value="http://hl7.org/fhir/constraint-severity"/>
    <concept>
      <code value="error"/>
      <definition value="If the constraint is violated, the resource is not conformant"/>
    </concept>
    <concept>
      <code value="warning"/>
      <definition value="If the constraint is violated, the resource is conformant, but it is not necessarily following best practice."/>
    </concept>
  </define>
</ValueSet>