<?xml version="1.0" encoding="UTF-8"?>

<ValueSet xmlns="http://hl7.org/fhir">
  <text>
    <status value="generated"/>
    <div xmlns="http://www.w3.org/1999/xhtml"/>
  </text>
  <identifier value="http://hl7.org/fhir/vs/contact-use"/>
  <name value="ContactUse"/>
  <publisher value="HL7 (FHIR Project)"/>
  <telecom>
    <system value="url"/>
    <value value="http://hl7.org/fhir"/>
  </telecom>
  <telecom>
    <system value="email"/>
    <value value="fhir@lists.hl7.org"/>
  </telecom>
  <description value="How to use this address"/>
  <status value="draft"/>
  <date value="2023-05-12T00:10:00"/>
  <define>
    <system value="http://hl7.org/fhir/contact-use"/>
    <concept>
      <code value="home"/>
      <definition value="A communication contact at a home; attempted contacts for business purposes might intrude privacy and chances are one will contact family or other household members instead of the person one wishes to call. Typically used with urgent cases, or if no other contacts are available."/>
    </concept>
    <concept>
      <code value="work"/>
      <definition value="An office contact. First choice for business related contacts during business hours."/>
    </concept>
    <concept>
      <code value="temp"/>
      <definition value="A temporary contact. The period can provide more detailed information."/>
    </concept>
    <concept>
      <code value="old"/>
      <definition value="This contact is no longer in use (or was never correct, but retained for records)"/>
    </concept>
    <concept>
      <code value="mobile"/>
      <definition value="A telecommunication device that moves and stays with its owner. May have characteristics of all other use codes, suitable for urgent matters, not the first choice for routine business"/>
    </concept>
  </define>
</ValueSet>