{"ValueSet":{"text":{"status":{"value":"generated"},"div":"<div/>"},"identifier":{"value":"http://hl7.org/fhir/vs/contact-system"},"name":{"value":"ContactSystem"},"publisher":{"value":"HL7 (FHIR Project)"},"telecom":[{"system":{"value":"url"},"value":{"value":"http://hl7.org/fhir"}},{"system":{"value":"email"},"value":{"value":"fhir@lists.hl7.org"}}],"description":{"value":"What kind of contact this is"},"status":{"value":"draft"},"date":{"value":"2023-05-12T00:10:00"},"define":{"system":{"value":"http://hl7.org/fhir/contact-system"},"concept":[{"code":{"value":"phone"},"definition":{"value":"The value is a telephone number used for voice calls. Use of full international numbers starting with + is recommended to enable automatic dialing support but not required."}},{"code":{"value":"fax"},"definition":{"value":"The value is a fax machine. Use of full international numbers starting with + is recommended to enable automatic dialing support but not required."}},{"code":{"value":"email"},"definition":{"value":"The value is an email address"}},{"code":{"value":"url"},"definition":{"value":"The value is a url. This is intended for various personal contacts including blogs, Twitter, Facebook, etc. Do not use for email addresses"}}]}}}