{"ValueSet":{"text":{"status":{"value":"generated"},"div":"<div/>"},"identifier":{"value":"http://hl7.org/fhir/vs/contact-relationship"},"name":{"value":"ContactRelationship"},"publisher":{"value":"HL7 (FHIR Project)"},"telecom":[{"system":{"value":"url"},"value":{"value":"http://hl7.org/fhir"}},{"system":{"value":"email"},"value":{"value":"fhir@lists.hl7.org"}}],"description":{"value":"The nature of the relationship between a patient and a contactperson for that patient"},"status":{"value":"draft"},"date":{"value":"2023-05-12T00:10:00"},"define":{"system":{"value":"http://hl7.org/fhir/contact-relationship"},"concept":[{"code":{"value":"emergency"},"definition":{"value":"Contact in case of emergency"}},{"code":{"value":"family"},"definition":{"value":"Family member of patient"}},{"code":{"value":"guardian"},"definition":{"value":"Guardian of patient"}},{"code":{"value":"friend"},"definition":{"value":"Friend of patient"}},{"code":{"value":"partner"},"definition":{"value":"Partner/spouse"}},{"code":{"value":"work"},"definition":{"value":"Contact for work-related matters"}},{"code":{"value":"caregiver"},"definition":{"value":"(Non)professional caregiver"}},{"code":{"value":"agent"},"definition":{"value":"Contact that acts on behalf of the patient"}},{"code":{"value":"guarantor"},"definition":{"value":"Contact for financial matters"}},{"code":{"value":"owner"},"definition":{"value":"For animals, the owner of the animal"}},{"code":{"value":"parent"},"definition":{"value":"Parent of the patient"}},{"code":{"value":"other"},"definition":{"value":"Other kind of relationship, or unkown"}}]}}}