{"ValueSet":{"text":{"status":{"value":"generated"},"div":"<div/>"},"identifier":{"value":"http://hl7.org/fhir/vs/criticality"},"name":{"value":"Criticality"},"publisher":{"value":"HL7 (FHIR Project)"},"telecom":[{"system":{"value":"url"},"value":{"value":"http://hl7.org/fhir"}},{"system":{"value":"email"},"value":{"value":"fhir@lists.hl7.org"}}],"description":{"value":"The criticality of an adverse sensitivity"},"status":{"value":"draft"},"date":{"value":"2023-05-12T00:10:00"},"define":{"system":{"value":"http://hl7.org/fhir/criticality"},"concept":[{"code":{"value":"fatal"},"definition":{"value":"Likely to result in death if re-exposed"}},{"code":{"value":"high"},"definition":{"value":"Likely to result in reactions that will need to be treated if re-exposed"}},{"code":{"value":"medium"},"definition":{"value":"Likely to result in reactions that will inconvenience the subject"}},{"code":{"value":"low"},"definition":{"value":"Not likely to result in any inconveniences for the subject"}}]}}}