<?xml version="1.0" encoding="UTF-8"?>

<ValueSet xmlns="http://hl7.org/fhir">
  <text>
    <status value="generated"/>
    <div xmlns="http://www.w3.org/1999/xhtml"/>
  </text>
  <identifier value="http://hl7.org/fhir/vs/criticality"/>
  <name value="Criticality"/>
  <publisher value="HL7 (FHIR Project)"/>
  <telecom>
    <system value="url"/>
    <value value="http://hl7.org/fhir"/>
  </telecom>
  <telecom>
    <system value="email"/>
    <value value="fhir@lists.hl7.org"/>
  </telecom>
  <description value="The criticality of an adverse sensitivity"/>
  <status value="draft"/>
  <date value="2023-05-12T00:10:00"/>
  <define>
    <system value="http://hl7.org/fhir/criticality"/>
    <concept>
      <code value="fatal"/>
      <definition value="Likely to result in death if re-exposed"/>
    </concept>
    <concept>
      <code value="high"/>
      <definition value="Likely to result in reactions that will need to be treated if re-exposed"/>
    </concept>
    <concept>
      <code value="medium"/>
      <definition value="Likely to result in reactions that will inconvenience the subject"/>
    </concept>
    <concept>
      <code value="low"/>
      <definition value="Not likely to result in any inconveniences for the subject"/>
    </concept>
  </define>
</ValueSet>