<?xml version="1.0" encoding="UTF-8"?>

<ValueSet xmlns="http://hl7.org/fhir">
  <text>
    <status value="generated"/>
    <div xmlns="http://www.w3.org/1999/xhtml"/>
  </text>
  <identifier value="http://hl7.org/fhir/vs/data-absent-reason"/>
  <name value="DataAbsentReason"/>
  <publisher value="HL7 (FHIR Project)"/>
  <telecom>
    <system value="url"/>
    <value value="http://hl7.org/fhir"/>
  </telecom>
  <telecom>
    <system value="email"/>
    <value value="fhir@lists.hl7.org"/>
  </telecom>
  <description value="Used to specify why the normally expected content of the data element is missing"/>
  <status value="draft"/>
  <date value="2023-05-12T00:10:00"/>
  <define>
    <system value="http://hl7.org/fhir/data-absent-reason"/>
    <concept>
      <code value="unknown"/>
      <definition value="The value is not known"/>
    </concept>
    <concept>
      <code value="asked"/>
      <definition value="The source human does not know the value"/>
    </concept>
    <concept>
      <code value="temp"/>
      <definition value="There is reason to expect (from the workflow) that the value may become known"/>
    </concept>
    <concept>
      <code value="notasked"/>
      <definition value="The workflow didn&#39;t lead to this value being known"/>
    </concept>
    <concept>
      <code value="masked"/>
      <definition value="The information is not available due to security, privacy or related reasons"/>
    </concept>
    <concept>
      <code value="unsupported"/>
      <definition value="The source system wasn&#39;t capable of supporting this element"/>
    </concept>
    <concept>
      <code value="astext"/>
      <definition value="The content of the data is represented as text"/>
    </concept>
    <concept>
      <code value="error"/>
      <definition value="Some system or workflow process error means that the information is not available"/>
    </concept>
  </define>
</ValueSet>