<?xml version="1.0" encoding="UTF-8"?>

<ValueSet xmlns="http://hl7.org/fhir">
  <text>
    <status value="generated"/>
    <div xmlns="http://www.w3.org/1999/xhtml"/>
  </text>
  <identifier value="http://hl7.org/fhir/vs/data-types"/>
  <name value="DataType"/>
  <publisher value="HL7 (FHIR Project)"/>
  <telecom>
    <system value="url"/>
    <value value="http://hl7.org/fhir"/>
  </telecom>
  <telecom>
    <system value="email"/>
    <value value="fhir@lists.hl7.org"/>
  </telecom>
  <description value="The type of an element - one of the FHIR data types"/>
  <status value="draft"/>
  <date value="2023-05-12T00:10:00"/>
  <define>
    <system value="http://hl7.org/fhir/data-types"/>
    <concept>
      <code value="Address"/>
      <definition value="There is a variety of postal address formats defined around the world. This format defines a superset that is the basis for addresses all around the world"/>
    </concept>
    <concept>
      <code value="Age"/>
      <definition value="The unit must be an amount of time and a UCUM unit must be provided, and the value must be positive"/>
    </concept>
    <concept>
      <code value="Array"/>
      <definition value="A series of measurements taken by a device, with upper and lower limits. There may be more than one dimension in the data"/>
    </concept>
    <concept>
      <code value="Attachment"/>
      <definition value="For referring to data content defined in other formats."/>
    </concept>
    <concept>
      <code value="Choice"/>
      <definition value="A code taken from a short list of codes that are not defined in a formal code system"/>
    </concept>
    <concept>
      <code value="CodeableConcept"/>
      <definition value="A concept that may be defined by a formal reference to a terminology or ontology or may be provided by text"/>
    </concept>
    <concept>
      <code value="Coding"/>
      <definition value="A reference to a code defined by a terminology system"/>
    </concept>
    <concept>
      <code value="Contact"/>
      <definition value="All kinds of technology mediated contact details for a person or organisation, including telephone, email, etc."/>
    </concept>
    <concept>
      <code value="Count"/>
      <definition value="The value must a whole number and the UCUM unit must be &quot;1&quot;"/>
    </concept>
    <concept>
      <code value="Distance"/>
      <definition value="The unit must be an amount of length and a UCUM unit must be provided."/>
    </concept>
    <concept>
      <code value="Duration"/>
      <definition value="The unit must be an amount of time and a UCUM unit must be provided."/>
    </concept>
    <concept>
      <code value="Extension"/>
      <definition value="Optional Extensions Element - found in all resources"/>
    </concept>
    <concept>
      <code value="HumanName"/>
      <definition value="A human&#39;s name with the ability to identify parts and usage"/>
    </concept>
    <concept>
      <code value="Identifier"/>
      <definition value="A technical identifier - identifies some entity uniquely and unambiguously"/>
    </concept>
    <concept>
      <code value="Money"/>
      <definition value="The unit must be a currency and the code must from ISO 4217 (system = &quot;urn:std:iso:4217&quot;)"/>
    </concept>
    <concept>
      <code value="Narrative"/>
      <definition value="A human readable formatted text, including images"/>
    </concept>
    <concept>
      <code value="Period"/>
      <definition value="A time period defined by a start and end time."/>
    </concept>
    <concept>
      <code value="Quantity"/>
      <definition value="A measured amount (or an amount that can potentially be measured). Note that measured amounts include amounts that are not precisely quantified, including amounts involving arbitrary units and floating currencies"/>
    </concept>
    <concept>
      <code value="Range"/>
      <definition value="A set of ordered Quantities defined by a low and high limit."/>
    </concept>
    <concept>
      <code value="Ratio"/>
      <definition value="A ratio of two Quantity values - a numerator and a denominator."/>
    </concept>
    <concept>
      <code value="ResourceReference"/>
      <definition value="A reference from one resource to another"/>
    </concept>
    <concept>
      <code value="Schedule"/>
      <definition value="A schedule that specifies an event that may occur multiple times. Schedules are not used for recording when things did happen, but when they are expected or requested to occur."/>
    </concept>
    <concept>
      <code value="base64Binary"/>
      <definition value="A stream of bytes"/>
    </concept>
    <concept>
      <code value="boolean"/>
      <definition value="Value of true or false"/>
    </concept>
    <concept>
      <code value="code"/>
      <definition value="A string which has at least one character and no leading or trailing whitespace and where there is no whitespace other than single spaces in the contents"/>
    </concept>
    <concept>
      <code value="date"/>
      <definition value="A date, or partial date (e.g. just year or year + month). There is no timezone. The format is a union of the schema types gYear, gYearMonth and date.  Dates must be valid dates."/>
    </concept>
    <concept>
      <code value="dateTime"/>
      <definition value="A date, date-time or partial date (e.g. just year or year + month).  If hours and minutes are specified, a timezone must be populated. The format is a union of the schema types gYear, gYearMonth, date and dateTime. Seconds may be provided but may also be ignored.  Dates must be valid dates."/>
    </concept>
    <concept>
      <code value="decimal"/>
      <definition value="A rational number with implicit precision"/>
    </concept>
    <concept>
      <code value="id"/>
      <definition value="A whole number in the range 0 to 2^64-1, optionally represented in hex, a uuid, an oid or any other combination of lower-case letters a-z, numerals, &quot;-&quot; and &quot;.&quot;, with a length limit of 36 characters"/>
    </concept>
    <concept>
      <code value="instant"/>
      <definition value="An instant in time - known at least to the second"/>
    </concept>
    <concept>
      <code value="integer"/>
      <definition value="A whole number"/>
    </concept>
    <concept>
      <code value="oid"/>
      <definition value="An oid represented as a URI"/>
    </concept>
    <concept>
      <code value="string"/>
      <definition value="A sequence of Unicode characters"/>
    </concept>
    <concept>
      <code value="uri"/>
      <definition value="String of characters used to identify a name or a resource"/>
    </concept>
    <concept>
      <code value="uuid"/>
      <definition value="A UUID, represented as a URI"/>
    </concept>
  </define>
</ValueSet>