<?xml version="1.0" encoding="UTF-8"?>

<ValueSet xmlns="http://hl7.org/fhir">
  <text>
    <status value="generated"/>
    <div xmlns="http://www.w3.org/1999/xhtml"/>
  </text>
  <identifier value="http://hl7.org/fhir/vs/device-data-type"/>
  <name value="DeviceDataType"/>
  <publisher value="HL7 (FHIR Project)"/>
  <telecom>
    <system value="url"/>
    <value value="http://hl7.org/fhir"/>
  </telecom>
  <telecom>
    <system value="email"/>
    <value value="fhir@lists.hl7.org"/>
  </telecom>
  <description value="The type of data produced by a device"/>
  <status value="draft"/>
  <date value="2023-05-12T00:10:00"/>
  <define>
    <system value="http://hl7.org/fhir/device-data-type"/>
    <concept>
      <code value="Quantity"/>
      <definition value="The data item is a quantity. The string value should be merged with the units, and the ucum value if provided, to create a valid quantity"/>
    </concept>
    <concept>
      <code value="Range"/>
      <definition value="The data item is a range. The string value should be split about the &quot; - &quot; into low and high, with the units and ucum (if provided) filling out the low and high quantities"/>
    </concept>
    <concept>
      <code value="Coding"/>
      <definition value="The data item is a code (i.e. true/false etc). The value should be built into a valid coding by filling out the system element provided"/>
    </concept>
    <concept>
      <code value="Array"/>
      <definition value="The data item is an Array (a sequence of sample measures, which must be merged with the Array template)"/>
    </concept>
    <concept>
      <code value="string"/>
      <definition value="The data item is a simple string"/>
    </concept>
  </define>
</ValueSet>