<?xml version="1.0" encoding="UTF-8"?>

<ValueSet xmlns="http://hl7.org/fhir">
  <text>
    <status value="generated"/>
    <div xmlns="http://www.w3.org/1999/xhtml"/>
  </text>
  <identifier value="http://hl7.org/fhir/vs/diagnostic-order-status"/>
  <name value="DiagnosticOrderStatus"/>
  <publisher value="HL7 (FHIR Project)"/>
  <telecom>
    <system value="url"/>
    <value value="http://hl7.org/fhir"/>
  </telecom>
  <telecom>
    <system value="email"/>
    <value value="fhir@lists.hl7.org"/>
  </telecom>
  <description value="The status of a diagnostic order"/>
  <status value="draft"/>
  <date value="2023-05-12T00:10:00"/>
  <define>
    <system value="http://hl7.org/fhir/diagnostic-order-status"/>
    <concept>
      <code value="requested"/>
      <definition value="The request has been placed"/>
    </concept>
    <concept>
      <code value="received"/>
      <definition value="The receiving system has received the order, but not yet decided whether it will be performed"/>
    </concept>
    <concept>
      <code value="accepted"/>
      <definition value="The receiving system has accepted the order, but work has not yet commenced"/>
    </concept>
    <concept>
      <code value="inprogress"/>
      <definition value="The work to fulfill the order is happening"/>
    </concept>
    <concept>
      <code value="review"/>
      <definition value="The work is complete, and the outcomes are being reviewed for approval"/>
    </concept>
    <concept>
      <code value="complete"/>
      <definition value="The work has been complete, the report(s) released, and no further work is planned"/>
    </concept>
    <concept>
      <code value="suspended"/>
      <definition value="The request has been held by originating system/user request"/>
    </concept>
    <concept>
      <code value="rejected"/>
      <definition value="The receiving system has declined to fulfill the request"/>
    </concept>
    <concept>
      <code value="failed"/>
      <definition value="The diagnostic investigation was attempted, but due to some procedural error, it could not be completed"/>
    </concept>
  </define>
</ValueSet>