<?xml version="1.0" encoding="UTF-8"?>

<ValueSet xmlns="http://hl7.org/fhir">
  <text>
    <status value="generated"/>
    <div xmlns="http://www.w3.org/1999/xhtml"/>
  </text>
  <identifier value="http://hl7.org/fhir/vs/dietary-restrictions"/>
  <name value="PatientDiet"/>
  <publisher value="HL7 (FHIR Project)"/>
  <telecom>
    <system value="url"/>
    <value value="http://hl7.org/fhir"/>
  </telecom>
  <telecom>
    <system value="email"/>
    <value value="fhir@lists.hl7.org"/>
  </telecom>
  <description value="Medical, cultural or ethical food preferences to help with catering requirements"/>
  <status value="draft"/>
  <date value="2023-05-12T00:10:00"/>
  <define>
    <system value="http://hl7.org/fhir/dietary-restrictions"/>
    <concept>
      <code value="vegetarian"/>
      <definition value="food without meat, poultry or seafood"/>
    </concept>
    <concept>
      <code value="diary-free"/>
      <definition value="exludes dairy  products"/>
    </concept>
    <concept>
      <code value="nut-free"/>
      <definition value="excluded ingredients containing nuts"/>
    </concept>
    <concept>
      <code value="gluten-free"/>
      <definition value="excludes ingredients containing gluten"/>
    </concept>
    <concept>
      <code value="vegan"/>
      <definition value="food without meat, poulry, seafood,  eggs, dairy products and other animal-derived substances"/>
    </concept>
    <concept>
      <code value="halal"/>
      <definition value="foods that conform to Islamic law "/>
    </concept>
    <concept>
      <code value="kosher"/>
      <definition value="foods that conform to Jewish dietary law "/>
    </concept>
  </define>
</ValueSet>