{"ValueSet":{"text":{"status":{"value":"generated"},"div":"<div/>"},"identifier":{"value":"http://hl7.org/fhir/vs/dietary-restrictions"},"name":{"value":"PatientDiet"},"publisher":{"value":"HL7 (FHIR Project)"},"telecom":[{"system":{"value":"url"},"value":{"value":"http://hl7.org/fhir"}},{"system":{"value":"email"},"value":{"value":"fhir@lists.hl7.org"}}],"description":{"value":"Medical, cultural or ethical food preferences to help with catering requirements"},"status":{"value":"draft"},"date":{"value":"2023-05-12T00:10:00"},"define":{"system":{"value":"http://hl7.org/fhir/dietary-restrictions"},"concept":[{"code":{"value":"vegetarian"},"definition":{"value":"food without meat, poultry or seafood"}},{"code":{"value":"diary-free"},"definition":{"value":"exludes dairy  products"}},{"code":{"value":"nut-free"},"definition":{"value":"excluded ingredients containing nuts"}},{"code":{"value":"gluten-free"},"definition":{"value":"excludes ingredients containing gluten"}},{"code":{"value":"vegan"},"definition":{"value":"food without meat, poulry, seafood,  eggs, dairy products and other animal-derived substances"}},{"code":{"value":"halal"},"definition":{"value":"foods that conform to Islamic law "}},{"code":{"value":"kosher"},"definition":{"value":"foods that conform to Jewish dietary law "}}]}}}