<?xml version="1.0" encoding="UTF-8"?>

<ValueSet xmlns="http://hl7.org/fhir">
  <text>
    <status value="generated"/>
    <div xmlns="http://www.w3.org/1999/xhtml"/>
  </text>
  <identifier value="http://hl7.org/fhir/vs/document-reference-status"/>
  <name value="DocumentReferenceStatus"/>
  <publisher value="HL7 (FHIR Project)"/>
  <telecom>
    <system value="url"/>
    <value value="http://hl7.org/fhir"/>
  </telecom>
  <telecom>
    <system value="email"/>
    <value value="fhir@lists.hl7.org"/>
  </telecom>
  <description value="The status of the document reference"/>
  <status value="draft"/>
  <date value="2023-05-12T00:10:00"/>
  <define>
    <system value="http://hl7.org/fhir/document-reference-status"/>
    <concept>
      <code value="current"/>
      <definition value="This is the current reference for this document"/>
    </concept>
    <concept>
      <code value="superceded"/>
      <definition value="This reference has been superceded by another reference"/>
    </concept>
    <concept>
      <code value="error"/>
      <definition value="This reference was created in error"/>
    </concept>
  </define>
</ValueSet>