<?xml version="1.0" encoding="UTF-8"?>

<ValueSet xmlns="http://hl7.org/fhir">
  <text>
    <status value="generated"/>
    <div xmlns="http://www.w3.org/1999/xhtml"/>
  </text>
  <identifier value="http://hl7.org/fhir/vs/document-mode"/>
  <name value="DocumentMode"/>
  <publisher value="HL7 (FHIR Project)"/>
  <telecom>
    <system value="url"/>
    <value value="http://hl7.org/fhir"/>
  </telecom>
  <telecom>
    <system value="email"/>
    <value value="fhir@lists.hl7.org"/>
  </telecom>
  <description value="Whether the application produces or consumes documents"/>
  <status value="draft"/>
  <date value="2023-05-12T00:10:00"/>
  <define>
    <system value="http://hl7.org/fhir/document-mode"/>
    <concept>
      <code value="producer"/>
      <definition value="The application produces documents of the specified type"/>
    </concept>
    <concept>
      <code value="consumer"/>
      <definition value="The application consumes documents of the specified type"/>
    </concept>
  </define>
</ValueSet>