{"title":"Discharge Summary","id":"urn:uuid:500bee81-d973-4afe-b592-d39fe71e38","links":[{"rel":"self","href":"urn:guid:180f219f-97a8-486d-99d9-ed631fe4fc52"}],"updated":"2013-05-28T22:12:21Z","authors":[{"name":"Dr Dave"}],"entries":[{"title":"Document","id":"urn:guid:180f219f-97a8-486d-99d9-ed631fe4fc57","updated":"2013-05-28T22:12:21Z","categories":[{"term":"Document","scheme":"http://hl7.org/fhir/resource-types"}],"content":{"Document":{"created":{"value":"2013-02-01T12:30:02-07:00"},"type":{"coding":[{"system":{"value":"www.loinc.org"},"code":{"value":"28655-9"}}],"text":{"value":"Discharge Summary from Responsible Clinician"}},"confidentiality":{"system":{"value":"www.nz.org"},"code":{"value":"1234-5"},"display":{"value":"Normal"}},"subject":{"type":{"value":"Patient"},"reference":{"value":"http://hl7connect.healthintersections.com.au/svc/fhir/patient/@d1"},"display":{"value":"Eve Everywoman"}},"author":[{"type":{"value":"Practitioner"},"reference":{"value":"http://hl7connect.healthintersections.com.au/svc/fhir/practitioner/@example"},"display":{"value":"Doctor Dave"}}],"section":[{"code":{"text":{"value":"Encounter Information"}},"content":{"type":{"value":"Visit"},"reference":{"value":"http://hl7connect.healthintersections.com.au/svc/fhir/visit/@example"}}},{"code":{"coding":[{"system":{"value":"http://loinc.org"},"code":{"value":"46241-6"}}],"text":{"value":"Reason for admission"}},"content":{"type":{"value":"Observation"},"reference":{"value":"urn:guid:d0dd51d3-3ab2-4c84-b697-a630c3e40e7a"}}},{"code":{"coding":[{"system":{"value":"http://loinc.org"},"code":{"value":"10183-2"}}],"text":{"value":"Medications on Discharge"}},"content":{"type":{"value":"List"},"reference":{"value":"urn:guid:673f8db5-0ffd-4395-9657-6da00420bbc1"}}},{"code":{"coding":[{"system":{"value":"http://loinc.org"},"code":{"value":"48765-2"}}],"text":{"value":"Known allergies"}},"content":{"type":{"value":"List"},"reference":{"value":"urn:guid:68f86194-e6e1-4f65-b64a-5314256f8d7b"}}}]}}},{"title":"Written by Doctor Dave","id":"http://hl7connect.healthintersections.com.au/svc/fhir/practitioner/@example","links":[{"rel":"self","href":"http://hl7connect.healthintersections.com.au/svc/fhir/practitioner/@example/history/@1"}],"updated":"2013-05-05T16:13:03Z","published":"2013-05-28T22:12:21Z","authors":[{"name":"68.151.217.168"}],"categories":[{"term":"Practitioner","scheme":"http://hl7.org/fhir/resource-types"}],"content":{"Practitioner":{"text":{"status":{"value":"generated"},"div":"<div>\n                        <h5>Doctor dave<\/h5>\n                    <\/div>"},"details":{"name":[{"text":{"value":"Doctor Dave"}}]}}}},{"title":"About Eve Everywoman","id":"http://hl7connect.healthintersections.com.au/svc/fhir/patient/@d1","links":[{"rel":"self","href":"http://hl7connect.healthintersections.com.au/svc/fhir/patient/@d1/history/@10"}],"updated":"2013-05-05T16:13:03Z","authors":[{"name":"68.151.217.168"}],"categories":[{"term":"Patient","scheme":"http://hl7.org/fhir/resource-types"}],"content":{"Patient":{"text":{"status":{"value":"generated"},"div":"<div>\n                        <h5>Eve Everywoman<\/h5>\n                    <\/div>"},"identifier":[{"system":{"value":"nhi"}}],"details":{"name":[{"text":{"value":"Eve Everywoman"},"family":[{"value":"Everywoman1"}],"given":[{"value":"Eve"}]}],"telecom":[{"system":{"value":"phone"},"value":{"value":"555-555-2003"},"use":{"value":"work"}}],"gender":{"coding":[{"system":{"value":"http://hl7.org/fhir/v2/0001"},"code":{"value":"F"},"display":{"value":"F"}}]},"birthDate":{"value":"1955-01-06"},"address":[{"use":{"value":"home"},"line":[{"value":"2222 Home Street"}]}]},"active":{"value":"true"}}},"summary":"<div>\n                <h5>Eve Everywoman<\/h5>\n            <\/div>"},{"title":"Admission to Middlemore ","id":"http://hl7connect.healthintersections.com.au/svc/fhir/visit/@example","links":[{"rel":"self","href":"http://hl7connect.healthintersections.com.au/svc/fhir/visit/@example/history/@1"}],"updated":"2013-05-05T16:13:03Z","authors":[{"name":"68.151.217.168"}],"categories":[{"term":"Practitioner","scheme":"http://hl7.org/fhir/resource-types"}],"content":{"Visit":{"text":{"status":{"value":"generated"},"div":"<div> Admitted to Orthopedics Service,\n                        Middlemore Hospital between Jan 20 and Feb ist 2013 <\/div>"},"identifier":[{"key":{"value":"S100"}}],"class":{"value":"inpatient"},"type":{"text":{"value":"Orthopedic Admission"}},"subject":{"type":{"value":"Patient"},"reference":{"value":"http://hl7connect.healthintersections.com.au/svc/fhir/patient/@d1"}},"hospitalization":{"period":{"start":{"value":"2013-01-20T12:30:02"},"end":{"value":"2013-02-01T12:30:02"}},"dischargeDisposition":{"text":{"value":"Discharged to care of GP"}}}}}},{"title":"Admission Reason","id":"urn:guid:d0dd51d3-3ab2-4c84-b697-a630c3e40e7a","updated":"2013-05-05T16:13:03Z","authors":[{"name":"Dr Dave"}],"categories":[{"term":"Observation","scheme":"http://hl7.org/fhir/resource-types"}],"content":{"Observation":{"text":{"status":{"value":"additional"},"div":"<div> Acute Asthmatic attack. Was wheezing\n                        for days prior to admission. <\/div>"},"name":{"coding":[{"system":{"value":"http://loinc.org"},"code":{"value":"46241-6"}}],"text":{"value":"Reason for admission"}},"valueString":{"value":"Acute Asthmatic attack. Was wheezing for days prior to admission."},"status":{"value":"final"},"reliability":{"value":"ok"}}}},{"title":"List of Medications","id":"urn:guid:673f8db5-0ffd-4395-9657-6da00420bbc1","updated":"2013-05-05T16:13:03Z","authors":[{"name":"Dr Dave"}],"categories":[{"term":"List","scheme":"http://hl7.org/fhir/resource-types"}],"content":{"List":{"text":{"status":{"value":"additional"},"div":"<div>\n                        <table>\n                            <thead>\n                                <tr>\n                                    <td>Medication<\/td>\n                                    <td>Last Change<\/td>\n                                    <td>Last ChangeReason<\/td>\n                                <\/tr>\n                            <\/thead>\n                            <tbody>\n                                <tr>\n                                    <td>Theophylline 200mg BD after meals<\/td>\n                                    <td>continued<\/td>\n                                <\/tr>\n                                <tr>\n                                    <td>Ventolin Inhaler<\/td>\n                                    <td>stopped<\/td>\n                                    <td>Getting side effect of tremor<\/td>\n                                <\/tr>\n                            <\/tbody>\n\n                        <\/table>\n                    <\/div>"},"code":{"coding":[{"system":{"value":"http://loinc.org"},"code":{"value":"10183-2"},"display":{"value":"Medication List"}}]},"mode":{"value":"working"},"entry":[{"flag":[{"coding":[{"system":{"value":"http://www.ithealthboard.health.nz/fhir/valueset/@medicationStatus"},"code":{"value":"started"}}]}],"item":{"type":{"value":"MedicationPrescription"},"reference":{"value":"urn:guid:124a6916-5d84-4b8c-b250-10cefb8e6e86"}}},{"flag":[{"coding":[{"system":{"value":"http://www.ithealthboard.health.nz/fhir/valueset/@medicationStatus"},"code":{"value":"stopped"}}]}],"deleted":{"value":"true"},"item":{"type":{"value":"MedicationPrescription"},"reference":{"value":"http://hl7connect.healthintersections.com.au/svc/fhir/medicationprescription/@1"},"display":{"value":"use of Ventolin Inhaler was discontinued"}}}]}}},{"title":"Medication #1","id":"urn:guid:124a6916-5d84-4b8c-b250-10cefb8e6e86","updated":"2013-05-05T16:13:03Z","authors":[{"name":"Dr Dave"}],"categories":[{"term":"MedicationPrescription","scheme":"http://hl7.org/fhir/resource-types"}],"content":{"MedicationPrescription":{"text":{"status":{"value":"generated"},"div":"<div>\n                        <p>Theophylline 200mg twice a day<\/p>\n                    <\/div>"},"contained":[{"Medication":{"_id":"med1","name":{"value":"Theophylline 200mg"},"code":{"coding":[{"system":{"value":"http:/snomed.org"},"code":{"value":"66493003"}}]}}}],"patient":{"type":{"value":"Patient"},"reference":{"value":"http://hl7connect.healthintersections.com.au/svc/fhir/patient/@d1"},"display":{"value":"Peter Patient"}},"prescriber":{"type":{"value":"Practitioner"},"reference":{"value":"practitioner/@example"},"display":{"value":"Peter Practitioner"}},"reasonForPrescribingString":{"value":"Management of Asthma"},"medication":{"type":{"value":"Medication"},"reference":{"value":"medication/@example"},"display":{"value":"Theophylline 200mg BD"}},"dosageInstructions":[{"additionalInstructionsString":{"value":"Take with Food"},"timing":{"repeat":{"frequency":{"value":"2"},"duration":{"value":"1"},"units":{"value":"d"}}},"route":{"coding":[{"system":{"value":"http://snomed.info"},"code":{"value":"363743006"},"display":{"value":"oral administration of treatment"}}]},"doseQuantity":{"value":{"value":"1"},"units":{"value":"tablet"},"system":{"value":"http://unitsofmeasure.org"},"code":{"value":"tbl"}}}]}}},{"title":"List of Allergies","id":"urn:guid:68f86194-e6e1-4f65-b64a-5314256f8d7b","updated":"2013-05-05T16:13:03Z","authors":[{"name":"Dr Dave"}],"categories":[{"term":"List","scheme":"http://hl7.org/fhir/resource-types"}],"content":{"List":{"text":{"status":{"value":"additional"},"div":"<div>\n                        <table>\n                            <thead>\n                                <tr>\n                                    <td>Allergen<\/td>\n                                    <td>Reaction<\/td>\n                                <\/tr>\n                            <\/thead>\n                            <tbody>\n                                <tr>\n                                    <td>Doxycycline<\/td>\n                                    <td>Hives<\/td>\n                                <\/tr>\n                            <\/tbody>\n\n                        <\/table>\n                    <\/div>"},"code":{"coding":[{"system":{"value":"http://loinc.org"},"code":{"value":"48765-2"},"display":{"value":"Allergies"}}]},"mode":{"value":"working"},"entry":[{"item":{"type":{"value":"AllergyIntolerance"},"reference":{"value":"urn:guid:47600e0f-b6b5-4308-84b5-5dec157f7637"}}}]}}},{"title":"Allergy to Doxycycline","id":"urn:guid:47600e0f-b6b5-4308-84b5-5dec157f7637","updated":"2013-05-05T16:13:03Z","authors":[{"name":"Dr Dave"}],"categories":[{"term":"Observation","scheme":"http://hl7.org/fhir/resource-types"}],"content":{"AllergyIntolerance":{"text":{"status":{"value":"generated"},"div":"<div>Sensitivity to Doxycycline :\n                        Hives<\/div>"},"criticality":{"value":"fatal"},"sensitivityType":{"value":"allergy"},"recordedDate":{"value":"2012-09-17"},"status":{"value":"confirmed"},"subject":{"type":{"value":"Patient"},"reference":{"value":"http://hl7connect.healthintersections.com.au/svc/fhir/patient/@d1"},"display":{"value":"Eve Everywoman"}},"substance":{"type":{"value":"Substance"},"reference":{"value":"urn:guid:4c2d16c0-b102-486c-aa7c-b266ce98709f"},"display":{"value":"Doxycycline"}},"reactions":[{"type":{"value":"AdverseReaction"},"reference":{"value":"urn:guid:25be7cdf-7055-40fa-80ac-defd531180dd"},"display":{"value":"Hives"}}]}}},{"title":"Adverse Reaction","id":"urn:guid:25be7cdf-7055-40fa-80ac-defd531180dd","updated":"2013-05-05T16:13:03Z","authors":[{"name":"Dr Dave"}],"categories":[{"term":"AdverseReaction","scheme":"http://hl7.org/fhir/resource-types"}],"content":{"AdverseReaction":{"subject":{"type":{"value":"Patient"},"reference":{"value":"http://hl7connect.healthintersections.com.au/svc/fhir/patient/@d1"},"display":{"value":"Eve Everywoman"}},"didNotOccurFlag":{"value":"false"},"symptom":[{"code":{"coding":[{"system":{"value":"sys"},"code":{"value":"xxx"},"display":{"value":"Hives"}}],"text":{"value":"Hives"}}}]}}},{"title":"Substance","id":"urn:guid:4c2d16c0-b102-486c-aa7c-b266ce98709f","updated":"2013-05-05T16:13:03Z","authors":[{"name":"Dr Dave"}],"categories":[{"term":"Substance","scheme":"http://hl7.org/fhir/resource-types"}],"content":{"Substance":{"text":{"status":{"value":"generated"},"div":"<div>Doxycycline<\/div>"},"name":{"value":"Doxycycline"},"type":{"system":{"value":"codesys"},"code":{"value":"123445"},"display":{"value":"Doxycycline"}}}}}]}