{"ValueSet":{"text":{"status":{"value":"generated"},"div":"<div/>"},"identifier":{"value":"http://hl7.org/fhir/vs/encounter-state"},"name":{"value":"EncounterState"},"publisher":{"value":"HL7 (FHIR Project)"},"telecom":[{"system":{"value":"url"},"value":{"value":"http://hl7.org/fhir"}},{"system":{"value":"email"},"value":{"value":"fhir@lists.hl7.org"}}],"description":{"value":"Current state of the encounter"},"status":{"value":"draft"},"date":{"value":"2023-05-12T00:10:00"},"define":{"system":{"value":"http://hl7.org/fhir/encounter-state"},"concept":[{"code":{"value":"planned"}},{"code":{"value":"current"}},{"code":{"value":"onleave"}},{"code":{"value":"finished"}},{"code":{"value":"cancelled"}}]}}}