{"ValueSet":{"text":{"status":{"value":"generated"},"div":"<div/>"},"identifier":{"value":"http://hl7.org/fhir/vs/encounter-class"},"name":{"value":"EncounterClass"},"publisher":{"value":"HL7 (FHIR Project)"},"telecom":[{"system":{"value":"url"},"value":{"value":"http://hl7.org/fhir"}},{"system":{"value":"email"},"value":{"value":"fhir@lists.hl7.org"}}],"description":{"value":"Classification of the encounter"},"status":{"value":"draft"},"date":{"value":"2023-05-12T00:10:00"},"define":{"system":{"value":"http://hl7.org/fhir/encounter-class"},"concept":[{"code":{"value":"inpatient"},"definition":{"value":"A patient that stays overnight"}},{"code":{"value":"outpatient"}},{"code":{"value":"ambulatory"}},{"code":{"value":"emergency"}},{"code":{"value":"home"}},{"code":{"value":"field"}},{"code":{"value":"acute"}},{"code":{"value":"non-acute"}},{"code":{"value":"daytime"}},{"code":{"value":"virtual"}}]}}}