<?xml version="1.0" encoding="UTF-8"?>

<ValueSet xmlns="http://hl7.org/fhir">
  <text>
    <status value="generated"/>
    <div xmlns="http://www.w3.org/1999/xhtml"/>
  </text>
  <identifier value="http://hl7.org/fhir/vs/encounter-class"/>
  <name value="EncounterClass"/>
  <publisher value="HL7 (FHIR Project)"/>
  <telecom>
    <system value="url"/>
    <value value="http://hl7.org/fhir"/>
  </telecom>
  <telecom>
    <system value="email"/>
    <value value="fhir@lists.hl7.org"/>
  </telecom>
  <description value="Classification of the encounter"/>
  <status value="draft"/>
  <date value="2023-05-12T00:10:00"/>
  <define>
    <system value="http://hl7.org/fhir/encounter-class"/>
    <concept>
      <code value="inpatient"/>
      <definition value="A patient that stays overnight"/>
    </concept>
    <concept>
      <code value="outpatient"/>
    </concept>
    <concept>
      <code value="ambulatory"/>
    </concept>
    <concept>
      <code value="emergency"/>
    </concept>
    <concept>
      <code value="home"/>
    </concept>
    <concept>
      <code value="field"/>
    </concept>
    <concept>
      <code value="acute"/>
    </concept>
    <concept>
      <code value="non-acute"/>
    </concept>
    <concept>
      <code value="daytime"/>
    </concept>
    <concept>
      <code value="virtual"/>
    </concept>
  </define>
</ValueSet>