<?xml version="1.0" encoding="UTF-8"?>

<ValueSet xmlns="http://hl7.org/fhir">
  <text>
    <status value="generated"/>
    <div xmlns="http://www.w3.org/1999/xhtml"/>
  </text>
  <identifier value="http://hl7.org/fhir/vs/event-timing"/>
  <name value="EventTiming"/>
  <publisher value="HL7 (FHIR Project)"/>
  <telecom>
    <system value="url"/>
    <value value="http://hl7.org/fhir"/>
  </telecom>
  <telecom>
    <system value="email"/>
    <value value="fhir@lists.hl7.org"/>
  </telecom>
  <description value="A real world event that a schedule is related to"/>
  <status value="draft"/>
  <date value="2023-05-12T00:10:00"/>
  <compose>
    <include>
      <system value="http://hl7.org/fhir/v3//timingevent"/>
      <code value="HS"/>
      <code value="WAKE"/>
      <code value="AC"/>
      <code value="ACM"/>
      <code value="ACD"/>
      <code value="ACV"/>
      <code value="PC"/>
      <code value="PCM"/>
      <code value="PCD"/>
      <code value="PCV"/>
    </include>
  </compose>
</ValueSet>