{"ValueSet":{"text":{"status":{"value":"generated"},"div":"<div/>"},"identifier":{"value":"http://hl7.org/fhir/vs/event-timing"},"name":{"value":"EventTiming"},"publisher":{"value":"HL7 (FHIR Project)"},"telecom":[{"system":{"value":"url"},"value":{"value":"http://hl7.org/fhir"}},{"system":{"value":"email"},"value":{"value":"fhir@lists.hl7.org"}}],"description":{"value":"A real world event that a schedule is related to"},"status":{"value":"draft"},"date":{"value":"2023-05-12T00:10:00"},"compose":{"include":[{"system":{"value":"http://hl7.org/fhir/v3//timingevent"},"code":[{"value":"HS"},{"value":"WAKE"},{"value":"AC"},{"value":"ACM"},{"value":"ACD"},{"value":"ACV"},{"value":"PC"},{"value":"PCM"},{"value":"PCD"},{"value":"PCV"}]}]}}}