{"ValueSet":{"text":{"status":{"value":"generated"},"div":"<div/>"},"identifier":{"value":"http://hl7.org/fhir/vs/exposureType"},"name":{"value":"ExposureType"},"publisher":{"value":"HL7 (FHIR Project)"},"telecom":[{"system":{"value":"url"},"value":{"value":"http://hl7.org/fhir"}},{"system":{"value":"email"},"value":{"value":"fhir@lists.hl7.org"}}],"description":{"value":"The type of exposure that resulted in an adverse reaction"},"status":{"value":"draft"},"date":{"value":"2023-05-12T00:10:00"},"define":{"system":{"value":"http://hl7.org/fhir/exposureType"},"concept":[{"code":{"value":"drugadmin"},"definition":{"value":"Drug Administration"}},{"code":{"value":"immuniz"},"definition":{"value":"Immunization"}},{"code":{"value":"coincidental"},"definition":{"value":"In the same area as the substance"}}]}}}