<?xml version="1.0" encoding="UTF-8"?>

<ValueSet xmlns="http://hl7.org/fhir">
  <text>
    <status value="generated"/>
    <div xmlns="http://www.w3.org/1999/xhtml"/>
  </text>
  <identifier value="http://hl7.org/fhir/vs/familial-relationship"/>
  <name value="FamilialRelationship"/>
  <publisher value="HL7 (FHIR Project)"/>
  <telecom>
    <system value="url"/>
    <value value="http://hl7.org/fhir"/>
  </telecom>
  <telecom>
    <system value="email"/>
    <value value="fhir@lists.hl7.org"/>
  </telecom>
  <description value="The nature of the relationship between the patient and the person with the condition. Based on the HL7v3 RoleCode: OID: 2.16.840.1.113883.5.111 with some inappropriate items removed"/>
  <status value="draft"/>
  <date value="2023-05-12T00:10:00"/>
  <compose>
    <include>
      <system value="http://hl7.org/fhir/v3//familyrelationship"/>
      <code value="AUNT"/>
      <code value="BRO"/>
      <code value="BROINLAW"/>
      <code value="CHLDADOPT"/>
      <code value="CHLDFOST"/>
      <code value="CHLDINLAW"/>
      <code value="COUSN"/>
      <code value="DAU"/>
      <code value="DAUADOPT"/>
      <code value="DAUC"/>
      <code value="DAUFOST"/>
      <code value="DAUINLAW"/>
      <code value="CHILD"/>
      <code value="EXT"/>
      <code value="IMED"/>
      <code value="PRN"/>
      <code value="SIB"/>
      <code value="SIGOTHR"/>
      <code value="DOMPART"/>
      <code value="SPS"/>
      <code value="FTH"/>
      <code value="FTHINLAW"/>
      <code value="GGRFTH"/>
      <code value="GGRMTH"/>
      <code value="GGRPRN"/>
      <code value="GRFTH"/>
      <code value="GRMTH"/>
      <code value="GRNDCHILD"/>
      <code value="GRNDDAU"/>
      <code value="GRNDSON"/>
      <code value="GRPRN"/>
      <code value="HBRO"/>
      <code value="HSIB"/>
      <code value="HSIS"/>
      <code value="HUSB"/>
      <code value="MTH"/>
      <code value="MTHINLAW"/>
      <code value="NBOR"/>
      <code value="NBRO"/>
      <code value="NCHILD"/>
      <code value="NEPHEW"/>
      <code value="NFTH"/>
      <code value="NFTHF"/>
      <code value="NIECE"/>
      <code value="NIENEPH"/>
      <code value="NMTH"/>
      <code value="NOK"/>
      <code value="NPRN"/>
      <code value="NSIB"/>
      <code value="NSIS"/>
      <code value="PRNINLAW"/>
      <code value="ROOM"/>
      <code value="SIBINLAW"/>
      <code value="SIS"/>
      <code value="SISINLAW"/>
      <code value="SON"/>
      <code value="SONADOPT"/>
      <code value="SONC"/>
      <code value="SONFOST"/>
      <code value="SONINLAW"/>
      <code value="STPBRO"/>
      <code value="STPCHLD"/>
      <code value="STPDAU"/>
      <code value="STPFTH"/>
      <code value="STPMTH"/>
      <code value="STPPRN"/>
      <code value="STPSIB"/>
      <code value="STPSIS"/>
      <code value="STPSON"/>
      <code value="UNCLE"/>
      <code value="WIFE"/>
    </include>
  </compose>
</ValueSet>