{"ValueSet":{"text":{"status":{"value":"generated"},"div":"<div/>"},"identifier":{"value":"http://hl7.org/fhir/vs/familial-relationship"},"name":{"value":"FamilialRelationship"},"publisher":{"value":"HL7 (FHIR Project)"},"telecom":[{"system":{"value":"url"},"value":{"value":"http://hl7.org/fhir"}},{"system":{"value":"email"},"value":{"value":"fhir@lists.hl7.org"}}],"description":{"value":"The nature of the relationship between the patient and the person with the condition. Based on the HL7v3 RoleCode: OID: 2.16.840.1.113883.5.111 with some inappropriate items removed"},"status":{"value":"draft"},"date":{"value":"2023-05-12T00:10:00"},"compose":{"include":[{"system":{"value":"http://hl7.org/fhir/v3//familyrelationship"},"code":[{"value":"AUNT"},{"value":"BRO"},{"value":"BROINLAW"},{"value":"CHLDADOPT"},{"value":"CHLDFOST"},{"value":"CHLDINLAW"},{"value":"COUSN"},{"value":"DAU"},{"value":"DAUADOPT"},{"value":"DAUC"},{"value":"DAUFOST"},{"value":"DAUINLAW"},{"value":"CHILD"},{"value":"EXT"},{"value":"IMED"},{"value":"PRN"},{"value":"SIB"},{"value":"SIGOTHR"},{"value":"DOMPART"},{"value":"SPS"},{"value":"FTH"},{"value":"FTHINLAW"},{"value":"GGRFTH"},{"value":"GGRMTH"},{"value":"GGRPRN"},{"value":"GRFTH"},{"value":"GRMTH"},{"value":"GRNDCHILD"},{"value":"GRNDDAU"},{"value":"GRNDSON"},{"value":"GRPRN"},{"value":"HBRO"},{"value":"HSIB"},{"value":"HSIS"},{"value":"HUSB"},{"value":"MTH"},{"value":"MTHINLAW"},{"value":"NBOR"},{"value":"NBRO"},{"value":"NCHILD"},{"value":"NEPHEW"},{"value":"NFTH"},{"value":"NFTHF"},{"value":"NIECE"},{"value":"NIENEPH"},{"value":"NMTH"},{"value":"NOK"},{"value":"NPRN"},{"value":"NSIB"},{"value":"NSIS"},{"value":"PRNINLAW"},{"value":"ROOM"},{"value":"SIBINLAW"},{"value":"SIS"},{"value":"SISINLAW"},{"value":"SON"},{"value":"SONADOPT"},{"value":"SONC"},{"value":"SONFOST"},{"value":"SONINLAW"},{"value":"STPBRO"},{"value":"STPCHLD"},{"value":"STPDAU"},{"value":"STPFTH"},{"value":"STPMTH"},{"value":"STPPRN"},{"value":"STPSIB"},{"value":"STPSIS"},{"value":"STPSON"},{"value":"UNCLE"},{"value":"WIFE"}]}]}}}