{"ValueSet":{"text":{"status":{"value":"generated"},"div":"<div/>"},"identifier":{"value":"http://hl7.org/fhir/vs/filter-operator"},"name":{"value":"FilterOperator"},"publisher":{"value":"HL7 (FHIR Project)"},"telecom":[{"system":{"value":"url"},"value":{"value":"http://hl7.org/fhir"}},{"system":{"value":"email"},"value":{"value":"fhir@lists.hl7.org"}}],"description":{"value":"The kind of operation to perform as part of a property based filter"},"status":{"value":"draft"},"date":{"value":"2023-05-12T00:10:00"},"define":{"system":{"value":"http://hl7.org/fhir/filter-operator"},"concept":[{"code":{"value":"="},"definition":{"value":"The property value has the concept specified by the value"}},{"code":{"value":"is_a"},"definition":{"value":"The property value has a concept that has an is_a relationship with the value"}},{"code":{"value":"is_not_a"},"definition":{"value":"The property value has a concept that does not have an is_a relationship with the value"}},{"code":{"value":"regex"},"definition":{"value":"The property value representation matches the regex specified in the value"}}]}}}