{"Group":{"text":{"status":{"value":"additional"},"div":"<div>\n      <p>Herd of 25 horses<\/p>\n      <p>Gender: mixed<\/p>\n      <p>Owner: John Smith<\/p>\n    <\/div>"},"type":{"value":"animal"},"actual":{"value":"true"},"code":{"text":{"value":"Horse"}},"name":{"value":"John's herd"},"quantity":{"value":"25"},"characteristic":[{"type":{"text":{"value":"gender"}},"valueString":{"value":"mixed"},"exclude":{"value":"false"}},{"type":{"text":{"value":"owner"}},"valueString":{"value":"John Smith"},"exclude":{"value":"false"}}]}}