{"ValueSet":{"text":{"status":{"value":"generated"},"div":"<div/>"},"identifier":{"value":"http://hl7.org/fhir/vs/group-type"},"name":{"value":"GroupType"},"publisher":{"value":"HL7 (FHIR Project)"},"telecom":[{"system":{"value":"url"},"value":{"value":"http://hl7.org/fhir"}},{"system":{"value":"email"},"value":{"value":"fhir@lists.hl7.org"}}],"description":{"value":"Types of resources that are part of group"},"status":{"value":"draft"},"date":{"value":"2023-05-12T00:10:00"},"define":{"system":{"value":"http://hl7.org/fhir/group-type"},"concept":[{"code":{"value":"person"},"definition":{"value":"Group contains \"person\" Patient resources"}},{"code":{"value":"animal"},"definition":{"value":"Group contains \"animal\" Patient resources"}},{"code":{"value":"device"},"definition":{"value":"Group contains Device resources"}},{"code":{"value":"medication"},"definition":{"value":"Group contains Medication resources"}},{"code":{"value":"substance"},"definition":{"value":"Group contains Substance resources"}}]}}}