<?xml version="1.0" encoding="UTF-8"?>

<ValueSet xmlns="http://hl7.org/fhir">
  <text>
    <status value="generated"/>
    <div xmlns="http://www.w3.org/1999/xhtml"/>
  </text>
  <identifier value="http://hl7.org/fhir/vs/group-type"/>
  <name value="GroupType"/>
  <publisher value="HL7 (FHIR Project)"/>
  <telecom>
    <system value="url"/>
    <value value="http://hl7.org/fhir"/>
  </telecom>
  <telecom>
    <system value="email"/>
    <value value="fhir@lists.hl7.org"/>
  </telecom>
  <description value="Types of resources that are part of group"/>
  <status value="draft"/>
  <date value="2023-05-12T00:10:00"/>
  <define>
    <system value="http://hl7.org/fhir/group-type"/>
    <concept>
      <code value="person"/>
      <definition value="Group contains &quot;person&quot; Patient resources"/>
    </concept>
    <concept>
      <code value="animal"/>
      <definition value="Group contains &quot;animal&quot; Patient resources"/>
    </concept>
    <concept>
      <code value="device"/>
      <definition value="Group contains Device resources"/>
    </concept>
    <concept>
      <code value="medication"/>
      <definition value="Group contains Medication resources"/>
    </concept>
    <concept>
      <code value="substance"/>
      <definition value="Group contains Substance resources"/>
    </concept>
  </define>
</ValueSet>