<?xml version="1.0" encoding="UTF-8"?>

<ValueSet xmlns="http://hl7.org/fhir">
  <text>
    <status value="generated"/>
    <div xmlns="http://www.w3.org/1999/xhtml"/>
  </text>
  <identifier value="http://hl7.org/fhir/vs/identifier-use"/>
  <name value="IdentifierUse"/>
  <publisher value="HL7 (FHIR Project)"/>
  <telecom>
    <system value="url"/>
    <value value="http://hl7.org/fhir"/>
  </telecom>
  <telecom>
    <system value="email"/>
    <value value="fhir@lists.hl7.org"/>
  </telecom>
  <description value="Identifies the use for this identifier, if known"/>
  <status value="draft"/>
  <date value="2023-05-12T00:10:00"/>
  <define>
    <system value="http://hl7.org/fhir/identifier-use"/>
    <concept>
      <code value="usual"/>
      <definition value="the identifier recommended for display and use in real-world interactions"/>
    </concept>
    <concept>
      <code value="official"/>
      <definition value="the identifier considered to be most trusted for the identification of this item"/>
    </concept>
    <concept>
      <code value="temp"/>
      <definition value="A temporary identifier"/>
    </concept>
  </define>
</ValueSet>