{"ValueSet":{"text":{"status":{"value":"generated"},"div":"<div/>"},"identifier":{"value":"http://hl7.org/fhir/vs/image-modality"},"name":{"value":"ImageModality"},"publisher":{"value":"HL7 (FHIR Project)"},"telecom":[{"system":{"value":"url"},"value":{"value":"http://hl7.org/fhir"}},{"system":{"value":"email"},"value":{"value":"fhir@lists.hl7.org"}}],"description":{"value":"Type of the image capturing machinery"},"status":{"value":"draft"},"date":{"value":"2023-05-12T00:10:00"},"define":{"system":{"value":"http://hl7.org/fhir/image-modality"},"concept":[{"code":{"value":"AR"},"definition":{"value":"Autorefraction"}},{"code":{"value":"AU"},"definition":{"value":"Audio"}},{"code":{"value":"BDUS"},"definition":{"value":"Bone Densitometry (Ultrasound)"}},{"code":{"value":"BI"},"definition":{"value":"Biomagnetic Imaging"}},{"code":{"value":"BMD"},"definition":{"value":"Bone Densitometry (X-Ray)"}},{"code":{"value":"CR"},"definition":{"value":"Computed Radiography"}},{"code":{"value":"CT"},"definition":{"value":"Computed Tomography"}},{"code":{"value":"DG"},"definition":{"value":"Diaphanography"}},{"code":{"value":"DIA"},"definition":{"value":"Diagram / Hand drawn image"}},{"code":{"value":"DOC"},"definition":{"value":"Document"}},{"code":{"value":"DX"},"definition":{"value":"Digital Radiography"}},{"code":{"value":"ECG"},"definition":{"value":"Electrocardiograms"}},{"code":{"value":"EM"},"definition":{"value":"Electron Microscope"}},{"code":{"value":"EPS"},"definition":{"value":"Cardiac Electrophysiology"}},{"code":{"value":"ES"},"definition":{"value":"Endoscopy"}},{"code":{"value":"FID"},"definition":{"value":"Fiducials"}},{"code":{"value":"GM"},"definition":{"value":"General Microscopy"}},{"code":{"value":"HC"},"definition":{"value":"Hard Copy"}},{"code":{"value":"HD"},"definition":{"value":"Hemodynamic Waveform"}},{"code":{"value":"IO"},"definition":{"value":"Intra-oral Radiography"}},{"code":{"value":"IOL"},"definition":{"value":"Intraocular Lens Data"}},{"code":{"value":"IVOCT"},"definition":{"value":"Intravascular Optical Coherence Tomography"}},{"code":{"value":"IVUS"},"definition":{"value":"Intravascular Ultrasound"}},{"code":{"value":"KO"},"definition":{"value":"Key Object Selection"}},{"code":{"value":"KER"},"definition":{"value":"Keratometry"}},{"code":{"value":"LEN"},"definition":{"value":"Lensometry"}},{"code":{"value":"LS"},"definition":{"value":"Laser Surface Scan"}},{"code":{"value":"MG"},"definition":{"value":"Mammography"}},{"code":{"value":"MR"},"definition":{"value":"Magnetic Resonance"}},{"code":{"value":"NM"},"definition":{"value":"Nuclear Medicine"}},{"code":{"value":"OAM"},"definition":{"value":"Opthalmic Axial Measurements"}},{"code":{"value":"OCT"},"definition":{"value":"Optical Coherence Tomography"}},{"code":{"value":"OPM"},"definition":{"value":"Ophthalmic Mapping"}},{"code":{"value":"OPT"},"definition":{"value":"Opthalmic Tomography"}},{"code":{"value":"OPV"},"definition":{"value":"Ophthalmic Visual Field"}},{"code":{"value":"OT"},"definition":{"value":"Other"}},{"code":{"value":"PLAN"},"definition":{"value":"Plan"}},{"code":{"value":"PR"},"definition":{"value":"Presentation State"}},{"code":{"value":"PT"},"definition":{"value":"Positron Emission Tomography (PET)"}},{"code":{"value":"PX"},"definition":{"value":"Panoramic X-Ray"}},{"code":{"value":"REG"},"definition":{"value":"Registration"}},{"code":{"value":"RESP"},"definition":{"value":"Respiratory Waveform"}},{"code":{"value":"RF"},"definition":{"value":"Radio Fluoroscopy"}},{"code":{"value":"RG"},"definition":{"value":"Radiographic Imaging (conventional film screen)"}},{"code":{"value":"RTDOSE"},"definition":{"value":"Radiotherapy Dose"}},{"code":{"value":"RTIMAGE"},"definition":{"value":"Radiotherapy Image"}},{"code":{"value":"RTPLAN"},"definition":{"value":"Radiotherapy Plan (a.k.a. RTPLAN)"}},{"code":{"value":"RTRECORD"},"definition":{"value":"RT Treatment Record"}},{"code":{"value":"RTSTRUCT"},"definition":{"value":"Radiotherapy Structure Set (a.k.a. RTSTRUCT)"}},{"code":{"value":"SC"},"definition":{"value":"Secondary Capture"}},{"code":{"value":"SEG"},"definition":{"value":"Segmentation"}},{"code":{"value":"SM"},"definition":{"value":"Slide Microscopy"}},{"code":{"value":"SMR"},"definition":{"value":"Stereometric Relationship"}},{"code":{"value":"SR"},"definition":{"value":"SR Document"}},{"code":{"value":"SRF"},"definition":{"value":"Subjective Refraction"}},{"code":{"value":"TG"},"definition":{"value":"Thermography"}},{"code":{"value":"US"},"definition":{"value":"Ultrasound"}},{"code":{"value":"VA"},"definition":{"value":"Visual Acuity"}},{"code":{"value":"VL"},"definition":{"value":"Visible Light"}},{"code":{"value":"XA"},"definition":{"value":"X-Ray Angiography"}},{"code":{"value":"XC"},"definition":{"value":"External Camera (Photography)"}}]}}}