<?xml version="1.0" encoding="UTF-8"?>

<ValueSet xmlns="http://hl7.org/fhir">
  <text>
    <status value="generated"/>
    <div xmlns="http://www.w3.org/1999/xhtml"/>
  </text>
  <identifier value="http://hl7.org/fhir/vs/image-modality"/>
  <name value="ImageModality"/>
  <publisher value="HL7 (FHIR Project)"/>
  <telecom>
    <system value="url"/>
    <value value="http://hl7.org/fhir"/>
  </telecom>
  <telecom>
    <system value="email"/>
    <value value="fhir@lists.hl7.org"/>
  </telecom>
  <description value="Type of the image capturing machinery"/>
  <status value="draft"/>
  <date value="2023-05-12T00:10:00"/>
  <define>
    <system value="http://hl7.org/fhir/image-modality"/>
    <concept>
      <code value="AR"/>
      <definition value="Autorefraction"/>
    </concept>
    <concept>
      <code value="AU"/>
      <definition value="Audio"/>
    </concept>
    <concept>
      <code value="BDUS"/>
      <definition value="Bone Densitometry (Ultrasound)"/>
    </concept>
    <concept>
      <code value="BI"/>
      <definition value="Biomagnetic Imaging"/>
    </concept>
    <concept>
      <code value="BMD"/>
      <definition value="Bone Densitometry (X-Ray)"/>
    </concept>
    <concept>
      <code value="CR"/>
      <definition value="Computed Radiography"/>
    </concept>
    <concept>
      <code value="CT"/>
      <definition value="Computed Tomography"/>
    </concept>
    <concept>
      <code value="DG"/>
      <definition value="Diaphanography"/>
    </concept>
    <concept>
      <code value="DIA"/>
      <definition value="Diagram / Hand drawn image"/>
    </concept>
    <concept>
      <code value="DOC"/>
      <definition value="Document"/>
    </concept>
    <concept>
      <code value="DX"/>
      <definition value="Digital Radiography"/>
    </concept>
    <concept>
      <code value="ECG"/>
      <definition value="Electrocardiograms"/>
    </concept>
    <concept>
      <code value="EM"/>
      <definition value="Electron Microscope"/>
    </concept>
    <concept>
      <code value="EPS"/>
      <definition value="Cardiac Electrophysiology"/>
    </concept>
    <concept>
      <code value="ES"/>
      <definition value="Endoscopy"/>
    </concept>
    <concept>
      <code value="FID"/>
      <definition value="Fiducials"/>
    </concept>
    <concept>
      <code value="GM"/>
      <definition value="General Microscopy"/>
    </concept>
    <concept>
      <code value="HC"/>
      <definition value="Hard Copy"/>
    </concept>
    <concept>
      <code value="HD"/>
      <definition value="Hemodynamic Waveform"/>
    </concept>
    <concept>
      <code value="IO"/>
      <definition value="Intra-oral Radiography"/>
    </concept>
    <concept>
      <code value="IOL"/>
      <definition value="Intraocular Lens Data"/>
    </concept>
    <concept>
      <code value="IVOCT"/>
      <definition value="Intravascular Optical Coherence Tomography"/>
    </concept>
    <concept>
      <code value="IVUS"/>
      <definition value="Intravascular Ultrasound"/>
    </concept>
    <concept>
      <code value="KO"/>
      <definition value="Key Object Selection"/>
    </concept>
    <concept>
      <code value="KER"/>
      <definition value="Keratometry"/>
    </concept>
    <concept>
      <code value="LEN"/>
      <definition value="Lensometry"/>
    </concept>
    <concept>
      <code value="LS"/>
      <definition value="Laser Surface Scan"/>
    </concept>
    <concept>
      <code value="MG"/>
      <definition value="Mammography"/>
    </concept>
    <concept>
      <code value="MR"/>
      <definition value="Magnetic Resonance"/>
    </concept>
    <concept>
      <code value="NM"/>
      <definition value="Nuclear Medicine"/>
    </concept>
    <concept>
      <code value="OAM"/>
      <definition value="Opthalmic Axial Measurements"/>
    </concept>
    <concept>
      <code value="OCT"/>
      <definition value="Optical Coherence Tomography"/>
    </concept>
    <concept>
      <code value="OPM"/>
      <definition value="Ophthalmic Mapping"/>
    </concept>
    <concept>
      <code value="OPT"/>
      <definition value="Opthalmic Tomography"/>
    </concept>
    <concept>
      <code value="OPV"/>
      <definition value="Ophthalmic Visual Field"/>
    </concept>
    <concept>
      <code value="OT"/>
      <definition value="Other"/>
    </concept>
    <concept>
      <code value="PLAN"/>
      <definition value="Plan"/>
    </concept>
    <concept>
      <code value="PR"/>
      <definition value="Presentation State"/>
    </concept>
    <concept>
      <code value="PT"/>
      <definition value="Positron Emission Tomography (PET)"/>
    </concept>
    <concept>
      <code value="PX"/>
      <definition value="Panoramic X-Ray"/>
    </concept>
    <concept>
      <code value="REG"/>
      <definition value="Registration"/>
    </concept>
    <concept>
      <code value="RESP"/>
      <definition value="Respiratory Waveform"/>
    </concept>
    <concept>
      <code value="RF"/>
      <definition value="Radio Fluoroscopy"/>
    </concept>
    <concept>
      <code value="RG"/>
      <definition value="Radiographic Imaging (conventional film screen)"/>
    </concept>
    <concept>
      <code value="RTDOSE"/>
      <definition value="Radiotherapy Dose"/>
    </concept>
    <concept>
      <code value="RTIMAGE"/>
      <definition value="Radiotherapy Image"/>
    </concept>
    <concept>
      <code value="RTPLAN"/>
      <definition value="Radiotherapy Plan (a.k.a. RTPLAN)"/>
    </concept>
    <concept>
      <code value="RTRECORD"/>
      <definition value="RT Treatment Record"/>
    </concept>
    <concept>
      <code value="RTSTRUCT"/>
      <definition value="Radiotherapy Structure Set (a.k.a. RTSTRUCT)"/>
    </concept>
    <concept>
      <code value="SC"/>
      <definition value="Secondary Capture"/>
    </concept>
    <concept>
      <code value="SEG"/>
      <definition value="Segmentation"/>
    </concept>
    <concept>
      <code value="SM"/>
      <definition value="Slide Microscopy"/>
    </concept>
    <concept>
      <code value="SMR"/>
      <definition value="Stereometric Relationship"/>
    </concept>
    <concept>
      <code value="SR"/>
      <definition value="SR Document"/>
    </concept>
    <concept>
      <code value="SRF"/>
      <definition value="Subjective Refraction"/>
    </concept>
    <concept>
      <code value="TG"/>
      <definition value="Thermography"/>
    </concept>
    <concept>
      <code value="US"/>
      <definition value="Ultrasound"/>
    </concept>
    <concept>
      <code value="VA"/>
      <definition value="Visual Acuity"/>
    </concept>
    <concept>
      <code value="VL"/>
      <definition value="Visible Light"/>
    </concept>
    <concept>
      <code value="XA"/>
      <definition value="X-Ray Angiography"/>
    </concept>
    <concept>
      <code value="XC"/>
      <definition value="External Camera (Photography)"/>
    </concept>
  </define>
</ValueSet>