<?xml version="1.0" encoding="UTF-8"?>

<Profile xmlns="http://hl7.org/fhir">
  <text>
    <status value="generated"/><div xmlns="http://www.w3.org/1999/xhtml"><pre>
&lt;<a title="An immunization profile" class="dict" href="immunizationprofile-definitions.htm#ImmunizationProfile"><b>ImmunizationProfile</b></a> xmlns=&quot;http://hl7.org/fhir&quot;&gt;
 &lt;<a title="Who this profile is for" class="dict" href="immunizationprofile-definitions.htm#ImmunizationProfile.subject"><b>subject</b></a>&gt;<span style="color: Gray">&lt;!--</span> <span style="color: brown"><b>1..1</b></span> <span style="color: darkgreen"><a href="resources.htm#Resource">Resource</a>(<a href="patient.htm#Patient">Patient</a>)</span> <span style="color: navy">Who this profile is for</span><span style="color: Gray"> --&gt;</span>&lt;/subject&gt;
 &lt;<a title="Vaccine administration recommendations" class="dict" href="immunizationprofile-definitions.htm#ImmunizationProfile.recommendation"><b>recommendation</b></a>&gt;  <span style="color: Gray">&lt;!-- <span style="color: brown"><b>1..*</b></span> Vaccine administration recommendations --&gt;</span>
  &lt;<a title="The date of the immunization recommendation" class="dict" href="immunizationprofile-definitions.htm#ImmunizationProfile.recommendation.recommendationDate"><b>recommendationDate</b></a> value=&quot;[<span style="color: darkgreen"><a href="datatypes.htm#dateTime">dateTime</a></span>]&quot;/&gt;<span style="color: Gray">&lt;!--</span> <span style="color: brown"><b>0..1</b></span> <span style="color: navy">Recommendation date</span><span style="color: Gray"> --&gt;</span>
  &lt;<a title="Vaccine administered" class="dict" href="immunizationprofile-definitions.htm#ImmunizationProfile.recommendation.vaccineType"><b>vaccineType</b></a>&gt;<span style="color: Gray">&lt;!--</span> <span style="color: brown"><b>1..1</b></span> <span style="color: darkgreen"><a href="datatypes.htm#CodeableConcept">CodeableConcept</a></span> <span style="color: navy">Antigen to be administered</span><span style="color: Gray"> --&gt;</span>&lt;/vaccineType&gt;
  &lt;<a title="Recommended dose number" class="dict" href="immunizationprofile-definitions.htm#ImmunizationProfile.recommendation.doseNumber"><b>doseNumber</b></a> value=&quot;[<span style="color: darkgreen"><a href="datatypes.htm#integer">integer</a></span>]&quot;/&gt;<span style="color: Gray">&lt;!--</span> <span style="color: brown"><b>0..1</b></span> <span style="color: navy">Recommended dose number</span><span style="color: Gray"> --&gt;</span>
  &lt;<a title="Vaccine administration status" class="dict" href="immunizationprofile-definitions.htm#ImmunizationProfile.recommendation.forecastStatus"><b>forecastStatus</b></a> value=&quot;[<span style="color: darkgreen"><a href="datatypes.htm#code">code</a></span>]&quot;/&gt;<span style="color: Gray">&lt;!--</span> <span style="color: brown"><b>1..1</b></span> <span style="color: navy"><a style="color: navy" href="immunization-forecast-status.htm">Vaccine administration status</a></span><span style="color: Gray"> --&gt;</span>
  &lt;<a title="Pertinent dates" class="dict" href="immunizationprofile-definitions.htm#ImmunizationProfile.recommendation.dateCriterion"><b>dateCriterion</b></a>&gt;  <span style="color: Gray">&lt;!-- <span style="color: brown"><b>0..*</b></span> Pertinent dates --&gt;</span>
   &lt;<a title="Date classification of recommendation" class="dict" href="immunizationprofile-definitions.htm#ImmunizationProfile.recommendation.dateCriterion.code"><b>code</b></a>&gt;<span style="color: Gray">&lt;!--</span> <span style="color: brown"><b>1..1</b></span> <span style="color: darkgreen"><a href="datatypes.htm#CodeableConcept">CodeableConcept</a></span> <span style="color: navy">Date classification of recommendation</span><span style="color: Gray"> --&gt;</span>&lt;/code&gt;
   &lt;<a title="Date recommendation" class="dict" href="immunizationprofile-definitions.htm#ImmunizationProfile.recommendation.dateCriterion.value"><b>value</b></a> value=&quot;[<span style="color: darkgreen"><a href="datatypes.htm#dateTime">dateTime</a></span>]&quot;/&gt;<span style="color: Gray">&lt;!--</span> <span style="color: brown"><b>1..1</b></span> <span style="color: navy">Date recommendation</span><span style="color: Gray"> --&gt;</span>
  &lt;/dateCriterion&gt;
  &lt;<a title="Vaccine Administration Protocol" class="dict" href="immunizationprofile-definitions.htm#ImmunizationProfile.recommendation.protocol"><b>protocol</b></a>&gt;  <span style="color: Gray">&lt;!-- <span style="color: brown"><b>0..1</b></span> Vaccine Administration Protocol --&gt;</span>
   &lt;<a title="Nominal position in a series" class="dict" href="immunizationprofile-definitions.htm#ImmunizationProfile.recommendation.protocol.doseSequence"><b>doseSequence</b></a> value=&quot;[<span style="color: darkgreen"><a href="datatypes.htm#integer">integer</a></span>]&quot;/&gt;<span style="color: Gray">&lt;!--</span> <span style="color: brown"><b>0..1</b></span> <span style="color: navy">Dose Number</span><span style="color: Gray"> --&gt;</span>
   &lt;<a title="Vaccine Administration Protocol Description" class="dict" href="immunizationprofile-definitions.htm#ImmunizationProfile.recommendation.protocol.description"><b>description</b></a> value=&quot;[<span style="color: darkgreen"><a href="datatypes.htm#string">string</a></span>]&quot;/&gt;<span style="color: Gray">&lt;!--</span> <span style="color: brown"><b>0..1</b></span> <span style="color: navy">Vaccine Administration Protocol Description</span><span style="color: Gray"> --&gt;</span>
   &lt;<a title="Who published the protocol?  E.g. ACIP" class="dict" href="immunizationprofile-definitions.htm#ImmunizationProfile.recommendation.protocol.authority"><b>authority</b></a>&gt;<span style="color: Gray">&lt;!--</span> <span style="color: brown"><b>0..1</b></span> <span style="color: darkgreen"><a href="resources.htm#Resource">Resource</a>(<a href="organization.htm#Organization">Organization</a>)</span> <span style="color: navy">Vaccine Administration Protocol Authority</span><span style="color: Gray"> --&gt;</span>&lt;/authority&gt;
   &lt;<a title="One possible path to achieve presumed immunity against a disease - within the context of an authority" class="dict" href="immunizationprofile-definitions.htm#ImmunizationProfile.recommendation.protocol.series"><b>series</b></a> value=&quot;[<span style="color: darkgreen"><a href="datatypes.htm#string">string</a></span>]&quot;/&gt;<span style="color: Gray">&lt;!--</span> <span style="color: brown"><b>0..1</b></span> <span style="color: navy">Vaccine Series</span><span style="color: Gray"> --&gt;</span>
  &lt;/protocol&gt;
  &lt;<a title="Supporting Immunization" class="dict" href="immunizationprofile-definitions.htm#ImmunizationProfile.recommendation.supportingImmunization"><b>supportingImmunization</b></a>&gt;<span style="color: Gray">&lt;!--</span> <span style="color: brown"><b>0..*</b></span> <span style="color: darkgreen"><a href="resources.htm#Resource">Resource</a>(<a href="immunization.htm#Immunization">Immunization</a>)</span> <span style="color: navy">Supporting Immunization</span><span style="color: Gray"> --&gt;</span>&lt;/supportingImmunization&gt;
  &lt;<a title="Supporting adverse event report" class="dict" href="immunizationprofile-definitions.htm#ImmunizationProfile.recommendation.supportingAdverseEventReport"><b>supportingAdverseEventReport</b></a>&gt;  <span style="color: Gray">&lt;!-- <span style="color: brown"><b>0..*</b></span> Supporting adverse event report --&gt;</span>
   &lt;<a title="Adverse event report identifier" class="dict" href="immunizationprofile-definitions.htm#ImmunizationProfile.recommendation.supportingAdverseEventReport.identifier"><b>identifier</b></a> value=&quot;[<span style="color: darkgreen"><a href="datatypes.htm#id">id</a></span>]&quot;/&gt;<span style="color: Gray">&lt;!--</span> <span style="color: brown"><b>1..*</b></span> <span style="color: navy">Adverse event report identifier</span><span style="color: Gray"> --&gt;</span>
   &lt;<a title="Adverse event report classification" class="dict" href="immunizationprofile-definitions.htm#ImmunizationProfile.recommendation.supportingAdverseEventReport.reportType"><b>reportType</b></a>&gt;<span style="color: Gray">&lt;!--</span> <span style="color: brown"><b>0..1</b></span> <span style="color: darkgreen"><a href="datatypes.htm#CodeableConcept">CodeableConcept</a></span> <span style="color: navy">Adverse event report classification</span><span style="color: Gray"> --&gt;</span>&lt;/reportType&gt;
   &lt;<a title="Adverse event report date" class="dict" href="immunizationprofile-definitions.htm#ImmunizationProfile.recommendation.supportingAdverseEventReport.reportDate"><b>reportDate</b></a> value=&quot;[<span style="color: darkgreen"><a href="datatypes.htm#dateTime">dateTime</a></span>]&quot;/&gt;<span style="color: Gray">&lt;!--</span> <span style="color: brown"><b>0..1</b></span> <span style="color: navy">Adverse event report date</span><span style="color: Gray"> --&gt;</span>
   &lt;<a title="Adverse event report text" class="dict" href="immunizationprofile-definitions.htm#ImmunizationProfile.recommendation.supportingAdverseEventReport.text"><b>text</b></a> value=&quot;[<span style="color: darkgreen"><a href="datatypes.htm#string">string</a></span>]&quot;/&gt;<span style="color: Gray">&lt;!--</span> <span style="color: brown"><b>0..1</b></span> <span style="color: navy">Adverse event report text</span><span style="color: Gray"> --&gt;</span>
   &lt;<a title="Documented reaction" class="dict" href="immunizationprofile-definitions.htm#ImmunizationProfile.recommendation.supportingAdverseEventReport.reaction"><b>reaction</b></a>&gt;<span style="color: Gray">&lt;!--</span> <span style="color: brown"><b>0..*</b></span> <span style="color: darkgreen"><a href="resources.htm#Resource">Resource</a>(<a href="adversereaction.htm#AdverseReaction">AdverseReaction</a>)</span> <span style="color: navy">Documented reaction</span><span style="color: Gray"> --&gt;</span>&lt;/reaction&gt;
  &lt;/supportingAdverseEventReport&gt;
  &lt;<a title="Supporting Patient Observation" class="dict" href="immunizationprofile-definitions.htm#ImmunizationProfile.recommendation.supportingPatientObservation"><b>supportingPatientObservation</b></a>&gt;<span style="color: Gray">&lt;!--</span> <span style="color: brown"><b>0..*</b></span> <span style="color: darkgreen"><a href="resources.htm#Resource">Resource</a>(<a href="observation.htm#Observation">Observation</a>)</span> <span style="color: navy">Supporting Patient Observation</span><span style="color: Gray"> --&gt;</span>&lt;/supportingPatientObservation&gt;
 &lt;/recommendation&gt;
&lt;/ImmunizationProfile&gt;
</pre></div>
  </text>
  <name value="immunizationprofile"/>
  <publisher value="todo (committee)"/>
  <description value="Basic Profile. An immunization profile"/>
  <status>
    <code value="testing"/>
    <date value="2013-06-07"/>
  </status>
  <structure>
    <type value="ImmunizationProfile"/>
    <element>
      <path value="ImmunizationProfile"/>
      <definition>
        <short value="An immunization profile"/>
        <formal value="An immunization profile"/>
        <min value="1"/>
        <max value="1"/>
        <type>
          <code value="Resource"/>
        </type>
        <mustUnderstand value="false"/>
      </definition>
    </element>
    <element>
      <path value="ImmunizationProfile.extension"/>
      <definition>
        <short value="Additional Content defined by implementations"/>
        <formal value="May be used to represent additional information that is not part of the basic definition of the resource. In order to make the use of extensions safe and manageable, there is a strict governance applied to the definition and use of extensions. Though any implementer is allowed to define an extension, there is a set of requirements that must be met as part of the definition of the extension"/>
        <comments value="there can be no stigma
associated with the use of extensions by any application, project, or standard - regardless of the institution or jurisdiction that uses or defines the extensions.  The use of extensions is what allows the FHIR specification to retain a core simplicity for everyone"/>
        <synonym value="extensions"/>
        <synonym value="user content"/>
        <min value="0"/>
        <max value="*"/>
        <type>
          <code value="Extension"/>
        </type>
      </definition>
    </element>
    <element>
      <path value="ImmunizationProfile.text"/>
      <definition>
        <short value="Text summary of the resource, for human interpretation"/>
        <formal value="A human readable narrative that contains a summary of the resource, and may be used to represent the content of the resource to a human. The narrative need not encode all the structured data, but is required to contain sufficient detail to make it &quot;clinically safe&quot; for a human to just read the narrative. Resource definitions may define what content should be represented in the narrative to ensure clinical safety"/>
        <comments value="Contained resources do not have narrative. Resources that are not contained SHOULD have a narrative"/>
        <synonym value="narrative"/>
        <synonym value="html"/>
        <synonym value="xhtml"/>
        <synonym value="display"/>
        <min value="0"/>
        <max value="1"/>
        <type>
          <code value="Narrative"/>
        </type>
      </definition>
    </element>
    <element>
      <path value="ImmunizationProfile.contained"/>
      <definition>
        <short value="Contained, inline Resources"/>
        <formal value="These resources do not have an independent existence apart from the resource that contains them - they cannot be identified independently, and nor can they have their own independent transaction scope"/>
        <comments value="This should never be done when the content can be identified properly, as once identification is lost, it is extremely difficult (and context dependent) to restore it again"/>
        <synonym value="inline resources"/>
        <synonym value="anonymous resources"/>
        <synonym value="contained resources"/>
        <min value="0"/>
        <max value="*"/>
        <type>
          <code value="Resource"/>
        </type>
      </definition>
    </element>
    <element>
      <path value="ImmunizationProfile.subject"/>
      <definition>
        <short value="Who this profile is for"/>
        <formal value="Who this profile is for"/>
        <min value="1"/>
        <max value="1"/>
        <type>
          <code value="Resource(Patient)"/>
        </type>
        <mustUnderstand value="false"/>
      </definition>
    </element>
    <element>
      <path value="ImmunizationProfile.recommendation"/>
      <definition>
        <short value="Vaccine administration recommendations"/>
        <formal value="Vaccine administration recommendations"/>
        <min value="1"/>
        <max value="*"/>
        <mustUnderstand value="false"/>
      </definition>
    </element>
    <element>
      <path value="ImmunizationProfile.recommendation.recommendationDate"/>
      <definition>
        <short value="Recommendation date"/>
        <formal value="The date of the immunization recommendation"/>
        <min value="0"/>
        <max value="1"/>
        <type>
          <code value="dateTime"/>
        </type>
        <mustUnderstand value="false"/>
      </definition>
    </element>
    <element>
      <path value="ImmunizationProfile.recommendation.vaccineType"/>
      <definition>
        <short value="Antigen to be administered"/>
        <formal value="Vaccine administered"/>
        <min value="1"/>
        <max value="1"/>
        <type>
          <code value="CodeableConcept"/>
        </type>
        <mustUnderstand value="false"/>
        <binding value="VaccineType"/>
      </definition>
    </element>
    <element>
      <path value="ImmunizationProfile.recommendation.doseNumber"/>
      <definition>
        <short value="Recommended dose number"/>
        <formal value="Recommended dose number"/>
        <comments value="May need other dose concepts such as administered vs. valid"/>
        <min value="0"/>
        <max value="1"/>
        <type>
          <code value="integer"/>
        </type>
        <mustUnderstand value="false"/>
      </definition>
    </element>
    <element>
      <path value="ImmunizationProfile.recommendation.forecastStatus"/>
      <definition>
        <short value="Vaccine administration status"/>
        <formal value="Vaccine administration status"/>
        <min value="1"/>
        <max value="1"/>
        <type>
          <code value="code"/>
        </type>
        <mustUnderstand value="false"/>
        <binding value="ImmunizationForecastStatus"/>
      </definition>
    </element>
    <element>
      <path value="ImmunizationProfile.recommendation.dateCriterion"/>
      <definition>
        <short value="Pertinent dates"/>
        <formal value="Pertinent dates"/>
        <min value="0"/>
        <max value="*"/>
        <mustUnderstand value="false"/>
      </definition>
    </element>
    <element>
      <path value="ImmunizationProfile.recommendation.dateCriterion.code"/>
      <definition>
        <short value="Date classification of recommendation"/>
        <formal value="Date classification of recommendation"/>
        <min value="1"/>
        <max value="1"/>
        <type>
          <code value="CodeableConcept"/>
        </type>
        <mustUnderstand value="false"/>
        <binding value="ImmunizationProfileDateCriterion"/>
      </definition>
    </element>
    <element>
      <path value="ImmunizationProfile.recommendation.dateCriterion.value"/>
      <definition>
        <short value="Date recommendation"/>
        <formal value="Date recommendation"/>
        <min value="1"/>
        <max value="1"/>
        <type>
          <code value="dateTime"/>
        </type>
        <mustUnderstand value="false"/>
      </definition>
    </element>
    <element>
      <path value="ImmunizationProfile.recommendation.protocol"/>
      <definition>
        <short value="Vaccine Administration Protocol"/>
        <formal value="Vaccine Administration Protocol"/>
        <min value="0"/>
        <max value="1"/>
        <mustUnderstand value="false"/>
      </definition>
    </element>
    <element>
      <path value="ImmunizationProfile.recommendation.protocol.doseSequence"/>
      <definition>
        <short value="Dose Number"/>
        <formal value="Nominal position in a series"/>
        <min value="0"/>
        <max value="1"/>
        <type>
          <code value="integer"/>
        </type>
        <mustUnderstand value="false"/>
      </definition>
    </element>
    <element>
      <path value="ImmunizationProfile.recommendation.protocol.description"/>
      <definition>
        <short value="Vaccine Administration Protocol Description"/>
        <formal value="Vaccine Administration Protocol Description"/>
        <min value="0"/>
        <max value="1"/>
        <type>
          <code value="string"/>
        </type>
        <mustUnderstand value="false"/>
      </definition>
    </element>
    <element>
      <path value="ImmunizationProfile.recommendation.protocol.authority"/>
      <definition>
        <short value="Vaccine Administration Protocol Authority"/>
        <formal value="Who published the protocol?  E.g. ACIP"/>
        <min value="0"/>
        <max value="1"/>
        <type>
          <code value="Resource(Organization)"/>
        </type>
        <mustUnderstand value="false"/>
      </definition>
    </element>
    <element>
      <path value="ImmunizationProfile.recommendation.protocol.series"/>
      <definition>
        <short value="Vaccine Series"/>
        <formal value="One possible path to achieve presumed immunity against a disease - within the context of an authority"/>
        <min value="0"/>
        <max value="1"/>
        <type>
          <code value="string"/>
        </type>
        <mustUnderstand value="false"/>
      </definition>
    </element>
    <element>
      <path value="ImmunizationProfile.recommendation.supportingImmunization"/>
      <definition>
        <short value="Supporting Immunization"/>
        <formal value="Supporting Immunization"/>
        <min value="0"/>
        <max value="*"/>
        <type>
          <code value="Resource(Immunization)"/>
        </type>
        <mustUnderstand value="false"/>
      </definition>
    </element>
    <element>
      <path value="ImmunizationProfile.recommendation.supportingAdverseEventReport"/>
      <definition>
        <short value="Supporting adverse event report"/>
        <formal value="Supporting adverse event report"/>
        <min value="0"/>
        <max value="*"/>
        <mustUnderstand value="false"/>
      </definition>
    </element>
    <element>
      <path value="ImmunizationProfile.recommendation.supportingAdverseEventReport.identifier"/>
      <definition>
        <short value="Adverse event report identifier"/>
        <formal value="Adverse event report identifier"/>
        <min value="1"/>
        <max value="*"/>
        <type>
          <code value="id"/>
        </type>
        <mustUnderstand value="false"/>
      </definition>
    </element>
    <element>
      <path value="ImmunizationProfile.recommendation.supportingAdverseEventReport.reportType"/>
      <definition>
        <short value="Adverse event report classification"/>
        <formal value="Adverse event report classification"/>
        <min value="0"/>
        <max value="1"/>
        <type>
          <code value="CodeableConcept"/>
        </type>
        <mustUnderstand value="false"/>
        <binding value="AdverseEventReportType"/>
      </definition>
    </element>
    <element>
      <path value="ImmunizationProfile.recommendation.supportingAdverseEventReport.reportDate"/>
      <definition>
        <short value="Adverse event report date"/>
        <formal value="Adverse event report date"/>
        <min value="0"/>
        <max value="1"/>
        <type>
          <code value="dateTime"/>
        </type>
        <mustUnderstand value="false"/>
      </definition>
    </element>
    <element>
      <path value="ImmunizationProfile.recommendation.supportingAdverseEventReport.text"/>
      <definition>
        <short value="Adverse event report text"/>
        <formal value="Adverse event report text"/>
        <min value="0"/>
        <max value="1"/>
        <type>
          <code value="string"/>
        </type>
        <mustUnderstand value="false"/>
      </definition>
    </element>
    <element>
      <path value="ImmunizationProfile.recommendation.supportingAdverseEventReport.reaction"/>
      <definition>
        <short value="Documented reaction"/>
        <formal value="Documented reaction"/>
        <min value="0"/>
        <max value="*"/>
        <type>
          <code value="Resource(AdverseReaction)"/>
        </type>
        <mustUnderstand value="false"/>
      </definition>
    </element>
    <element>
      <path value="ImmunizationProfile.recommendation.supportingPatientObservation"/>
      <definition>
        <short value="Supporting Patient Observation"/>
        <formal value="Supporting Patient Observation"/>
        <min value="0"/>
        <max value="*"/>
        <type>
          <code value="Resource(Observation)"/>
        </type>
        <mustUnderstand value="false"/>
      </definition>
    </element>
    <searchParam>
      <name value="_id"/>
      <type value="token"/>
      <documentation value="The logical resource id associated with the resource (must be supported by all servers)"/>
    </searchParam>
    <searchParam>
      <name value="subject"/>
      <type value="reference"/>
      <documentation value="Who this profile is for"/>
    </searchParam>
  </structure>
  <binding>
    <name value="ImmunizationProfileDateCriterion"/>
    <definition value="Classifies date criterion with respect to conveying information about a patient&#39;s vaccination status (e.g. due date, latest to give date, etc.)"/>
    <type value="unbound"/>
    <isExtensible value="true"/>
    <conformance value="preferred"/>
  </binding>
  <binding>
    <name value="ImmunizationForecastStatus"/>
    <definition value="The patient&#39;s status with respect to a vaccintion protocol"/>
    <type value="codelist"/>
    <conformance value="required"/>
    <referenceResource>
      <type value="ValueSet"/>
      <reference value="http://hl7.org/fhir/valueset/immunization-forecast-status"/>
    </referenceResource>
  </binding>
  <binding>
    <name value="AdverseEventReportType"/>
    <definition value="Classifies an adverse event report"/>
    <type value="unbound"/>
    <isExtensible value="true"/>
    <conformance value="preferred"/>
  </binding>
  <binding>
    <name value="VaccineType"/>
    <definition value="The type of vaccine administered"/>
    <type value="unbound"/>
    <isExtensible value="true"/>
    <conformance value="preferred"/>
  </binding>
</Profile>