{"ValueSet":{"text":{"status":{"value":"generated"},"div":"<div/>"},"identifier":{"value":"http://hl7.org/fhir/vs/instance-availability"},"name":{"value":"InstanceAvailability"},"publisher":{"value":"HL7 (FHIR Project)"},"telecom":[{"system":{"value":"url"},"value":{"value":"http://hl7.org/fhir"}},{"system":{"value":"email"},"value":{"value":"fhir@lists.hl7.org"}}],"description":{"value":"Availability of the resource"},"status":{"value":"draft"},"date":{"value":"2023-05-12T00:10:00"},"define":{"system":{"value":"http://hl7.org/fhir/instance-availability"},"concept":[{"code":{"value":"ONLINE"},"definition":{"value":"Resources are immediately available,"}},{"code":{"value":"OFFLINE"},"definition":{"value":"Resources need to be retrieved by manual intervention"}},{"code":{"value":"NEARLINE"},"definition":{"value":"Resources need to be retrieved from relatively slow media"}},{"code":{"value":"UNAVAILABLE"},"definition":{"value":"Resources cannot be retrieved."}}]}}}