{"ValueSet":{"text":{"status":{"value":"generated"},"div":"<div/>"},"identifier":{"value":"http://hl7.org/fhir/vs/issue-type"},"name":{"value":"IssueType"},"publisher":{"value":"HL7 (FHIR Project)"},"telecom":[{"system":{"value":"url"},"value":{"value":"http://hl7.org/fhir"}},{"system":{"value":"email"},"value":{"value":"fhir@lists.hl7.org"}}],"description":{"value":"A coded expression of the type of issue"},"status":{"value":"draft"},"date":{"value":"2023-05-12T00:10:00"},"define":{"system":{"value":"http://hl7.org/fhir/issue-type"},"concept":[{"code":{"value":"invalid"},"definition":{"value":"Content invalid against Specification or Profile"}},{"code":{"value":"structure"},"definition":{"value":"content structural issue"}},{"code":{"value":"required"},"definition":{"value":"required element missing"}},{"code":{"value":"value"},"definition":{"value":"element value invalid"}},{"code":{"value":"invariant"},"definition":{"value":"schematron rule"}},{"code":{"value":"security"},"definition":{"value":"authorization/permissions issue"}},{"code":{"value":"login"},"definition":{"value":"the client needs to initiate the authentication process ()"}},{"code":{"value":"unknown"},"definition":{"value":"user/system not able to be authenticated"}},{"code":{"value":"expired"},"definition":{"value":"user session expired"}},{"code":{"value":"forbidden"},"definition":{"value":"user rights failure"}},{"code":{"value":"processing"},"definition":{"value":"processing issues"}},{"code":{"value":"not-supported"},"definition":{"value":"resource not supported"}},{"code":{"value":"duplicate"},"definition":{"value":"duplicate resource"}},{"code":{"value":"not-found"},"definition":{"value":"reference not found"}},{"code":{"value":"too-long"},"definition":{"value":"existing content too long"}},{"code":{"value":"code-unknown"},"definition":{"value":"code could not be understood"}},{"code":{"value":"extension"},"definition":{"value":"extension not recognised"}},{"code":{"value":"too-costly"},"definition":{"value":"operation denied to protect server resources"}},{"code":{"value":"business-rule"},"definition":{"value":"content failed to pass some business rule"}},{"code":{"value":"conflict"},"definition":{"value":"content could not be accepted because of an edit conflict (i.e. version aware updates)"}},{"code":{"value":"transient"},"definition":{"value":"transient processing issues"}},{"code":{"value":"lock-error"},"definition":{"value":"resource/record locking failure"}},{"code":{"value":"no-store"},"definition":{"value":"persistent store unavailable"}},{"code":{"value":"exception"},"definition":{"value":"unexpected internal error"}},{"code":{"value":"timeout"},"definition":{"value":"internal timeout"}},{"code":{"value":"throttled"},"definition":{"value":"The system is not prepared to handle this request due to load management"}}]}}}