<?xml version="1.0" encoding="UTF-8"?>

<ValueSet xmlns="http://hl7.org/fhir">
  <text>
    <status value="generated"/>
    <div xmlns="http://www.w3.org/1999/xhtml"/>
  </text>
  <identifier value="http://hl7.org/fhir/vs/issue-severity"/>
  <name value="IssueSeverity"/>
  <publisher value="HL7 (FHIR Project)"/>
  <telecom>
    <system value="url"/>
    <value value="http://hl7.org/fhir"/>
  </telecom>
  <telecom>
    <system value="email"/>
    <value value="fhir@lists.hl7.org"/>
  </telecom>
  <description value="How the issue affects the success of the action"/>
  <status value="draft"/>
  <date value="2023-05-12T00:10:00"/>
  <define>
    <system value="http://hl7.org/fhir/issue-severity"/>
    <concept>
      <code value="error"/>
      <definition value="The issue is sufficiently important to cause the action to fail"/>
    </concept>
    <concept>
      <code value="warning"/>
      <definition value="The issue is not important enough to cause the action to fail, but may cause it to be performed suboptimally or in a way that is not as desired"/>
    </concept>
    <concept>
      <code value="information"/>
      <definition value="The issue has no relation to the degree of success of the action"/>
    </concept>
  </define>
</ValueSet>