<?xml version="1.0" encoding="UTF-8"?><List xmlns="http://hl7.org/fhir">
  <text>
    <status value="generated"/>
    <div xmlns="http://www.w3.org/1999/xhtml">
      <p>The patient is not on any medications</p>
    </div>
  </text>
  <code>
    <coding>
      <system value="http://snomed.info"/>
      <code value="182836005"/>
      <display value="Review of medication"/>
    </coding>
    <text value="Medication Review"/>
  </code>
  <source>
    <type value="Patient"/>
    <reference value="patient/@example"/>
  </source>
  <date value="2012-11-26T07:30:23+11:00"/>
  <mode value="snapshot"/>

  <emptyReason>
    <coding>
      <system value="http://hl7.org/fhir/special-values"/>
      <code value="nil known"/>
      <display value="The are no known applicable values in this context"/>
    </coding>
    <text value="The patient is not on any medications"/>
  </emptyReason>
</List>