{"ValueSet":{"text":{"status":{"value":"generated"},"div":"<div/>"},"identifier":{"value":"http://hl7.org/fhir/vs/list-mode"},"name":{"value":"ListMode"},"publisher":{"value":"HL7 (FHIR Project)"},"telecom":[{"system":{"value":"url"},"value":{"value":"http://hl7.org/fhir"}},{"system":{"value":"email"},"value":{"value":"fhir@lists.hl7.org"}}],"description":{"value":"The processing mode that applies to this list"},"status":{"value":"draft"},"date":{"value":"2023-05-12T00:10:00"},"define":{"system":{"value":"http://hl7.org/fhir/list-mode"},"concept":[{"code":{"value":"working"},"definition":{"value":"This list is the master list, maintained in an ongoing fashion with regular updates as the real world list it is tracking changes"}},{"code":{"value":"snapshot"},"definition":{"value":"This list was prepared as a snapshot. It should not be assumed to be current"}},{"code":{"value":"changes"},"definition":{"value":"The list is prepared as a statement of changes that have been made or recommended"}}]}}}