{"List":{"text":{"status":{"value":"generated"},"div":"<div>\n      <p>The patient is not on any medications<\/p>\n    <\/div>"},"code":{"coding":[{"system":{"value":"http://snomed.info"},"code":{"value":"182836005"},"display":{"value":"Review of medication"}}],"text":{"value":"Medication Review"}},"source":{"type":{"value":"Patient"},"reference":{"value":"patient/@example"}},"date":{"value":"2012-11-26T07:30:23+11:00"},"mode":{"value":"snapshot"},"emptyReason":{"coding":[{"system":{"value":"http://hl7.org/fhir/special-values"},"code":{"value":"nil known"},"display":{"value":"The are no known applicable values in this context"}}],"text":{"value":"The patient is not on any medications"}}}}