{"Location":{"text":{"status":{"value":"generated"},"div":"<div>UMCU, locatie Stratenum<\/div>"},"name":{"value":"UMCU, locatie Stratenum"},"type":[{"coding":[{"system":{"value":"http://www.hl7.nl/locationTypeCodeNL"},"code":{"value":"BRNCH"},"display":{"value":"Branche"}}]}],"address":{"line":[{"value":"Universiteitsweg 100"}],"city":{"value":"Utrecht"},"zip":{"value":"3584 CG"}},"provider":{"type":{"value":"Organization"},"reference":{"value":"organization/@2.16.840.1.113883.19.5"}},"active":{"value":"true"}}}