{"ValueSet":{"text":{"status":{"value":"generated"},"div":"<div/>"},"identifier":{"value":"http://hl7.org/fhir/vs/marital-status"},"name":{"value":"MaritalStatus"},"publisher":{"value":"HL7 (FHIR Project)"},"telecom":[{"system":{"value":"url"},"value":{"value":"http://hl7.org/fhir"}},{"system":{"value":"email"},"value":{"value":"fhir@lists.hl7.org"}}],"description":{"value":"The domestic partnership status of a person"},"status":{"value":"draft"},"date":{"value":"2023-05-12T00:10:00"},"compose":{"include":[{"system":{"value":"http://hl7.org/fhir/v3//MaritalStatus"},"code":[{"value":"A"},{"value":"D"},{"value":"I"},{"value":"L"},{"value":"M"},{"value":"P"},{"value":"S"},{"value":"T"},{"value":"W"}]},{"system":{"value":"http://hl7.org/fhir/v3//NullFlavor"},"code":[{"value":"UNK"}]}]}}}