{"ValueSet":{"text":{"status":{"value":"generated"},"div":"<div><h2>AddressUse<\/h2><p>The use of an address<\/p><p>This value set defines it's own terms in the system http://hl7.org/fhir/address-use<\/p><table><tr><td><b>Code<\/b><\/td><td><b>Display<\/b><\/td><td><b>Definition<\/b><\/td><\/tr><tr><td>home<\/td><td/><td>A communication address at a home.<\/td><\/tr><tr><td>work<\/td><td/><td>An office address. First choice for business related contacts during business hours.<\/td><\/tr><tr><td>temp<\/td><td/><td>A temporary address. The period can provide more detailed information.<\/td><\/tr><tr><td>old<\/td><td/><td>This address is no longer in use (or was never correct, but retained for records).<\/td><\/tr><\/table><\/div>"},"identifier":{"value":"http://hl7.org/fhir/vs/address-use"},"name":{"value":"AddressUse"},"publisher":{"value":"HL7 (FHIR Project)"},"telecom":[{"system":{"value":"url"},"value":{"value":"http://hl7.org/fhir"}},{"system":{"value":"email"},"value":{"value":"fhir@lists.hl7.org"}}],"description":{"value":"The use of an address"},"status":{"value":"draft"},"date":{"value":"2023-05-12T00:10:00"},"define":{"system":{"value":"http://hl7.org/fhir/address-use"},"caseSensitive":{"value":true},"concept":[{"code":{"value":"home"},"definition":{"value":"A communication address at a home."}},{"code":{"value":"work"},"definition":{"value":"An office address. First choice for business related contacts during business hours."}},{"code":{"value":"temp"},"definition":{"value":"A temporary address. The period can provide more detailed information."}},{"code":{"value":"old"},"definition":{"value":"This address is no longer in use (or was never correct, but retained for records)."}}]}}}