{"Profile":{"text":{"status":{"value":"generated"},"div":"<div><pre>\r\n&lt;<a title=\"Specific reactions to a substance.\" class=\"dict\" href=\"adversereaction-definitions.htm#AdverseReaction\"><b>AdverseReaction<\/b><\/a> xmlns=&quot;http://hl7.org/fhir&quot;&gt;\r\n &lt;!-- from <a href=\"resources.htm\">Resource<\/a>: <a href=\"extensibility.htm\">extension<\/a>, <a href=\"narrative.htm#Narrative\">narrative<\/a>, and <a href=\"references.htm#contained\">contained<\/a> --&gt;\r\n &lt;<a title=\"When the reaction occurred.\" class=\"dict\" href=\"adversereaction-definitions.htm#AdverseReaction.reactionDate\"><b>reactionDate<\/b><\/a> value=&quot;[<span style=\"color: darkgreen\"><a href=\"datatypes.htm#dateTime\">dateTime<\/a><\/span>]&quot;/&gt;<span style=\"color: Gray\">&lt;!--<\/span> <span style=\"color: brown\"><b>0..1<\/b><\/span> <span style=\"color: navy\">When the reaction occurred<\/span><span style=\"color: Gray\"> --&gt;<\/span>\r\n &lt;<a title=\"The subject of the adverse reaction.\" class=\"dict\" href=\"adversereaction-definitions.htm#AdverseReaction.subject\"><b>subject<\/b><\/a>&gt;<span style=\"color: Gray\">&lt;!--<\/span> <span style=\"color: brown\"><b>1..1<\/b><\/span> <span style=\"color: darkgreen\"><a href=\"references.htm#Resource\">Resource<\/a>(<a href=\"patient.htm#Patient\">Patient<\/a>)<\/span> <span style=\"color: navy\">The subject of the adverse reaction<\/span><span style=\"color: Gray\"> --&gt;<\/span>&lt;/subject&gt;\r\n &lt;<a title=\"To say that a reaction to substance did not occur (this element modifies the meaning of other elements)\" class=\"dict\" href=\"adversereaction-definitions.htm#AdverseReaction.didNotOccurFlag\"><span style=\"text-decoration: underline\"><b>didNotOccurFlag<\/b><\/span><\/a> value=&quot;[<span style=\"color: darkgreen\"><a href=\"datatypes.htm#boolean\">boolean<\/a><\/span>]&quot;/&gt;<span style=\"color: Gray\">&lt;!--<\/span> <span style=\"color: brown\"><b>1..1<\/b><\/span> <span style=\"color: navy\">To say that a reaction to substance did not occur<\/span><span style=\"color: Gray\"> --&gt;<\/span>\r\n &lt;<a title=\"Who recorded the reaction.\" class=\"dict\" href=\"adversereaction-definitions.htm#AdverseReaction.recorder\"><b>recorder<\/b><\/a>&gt;<span style=\"color: Gray\">&lt;!--<\/span> <span style=\"color: brown\"><b>0..1<\/b><\/span> <span style=\"color: darkgreen\"><a href=\"references.htm#Resource\">Resource<\/a>(<a href=\"practitioner.htm#Practitioner\">Practitioner<\/a>|<a href=\"patient.htm#Patient\">Patient<\/a>)<\/span> <span style=\"color: navy\">Who recorded the reaction<\/span><span style=\"color: Gray\"> --&gt;<\/span>&lt;/recorder&gt;\r\n &lt;<a title=\"The signs and symptoms that were observed as part of the reaction.\" class=\"dict\" href=\"adversereaction-definitions.htm#AdverseReaction.symptom\"><b>symptom<\/b><\/a>&gt;  <span style=\"color: Gray\">&lt;!-- <span style=\"color: brown\"><b>0..*<\/b><\/span> The signs and symptoms that were observed as part of the reaction --&gt;<\/span>\r\n  &lt;<a title=\"Indicates the specific sign or symptom that was observed.\" class=\"dict\" href=\"adversereaction-definitions.htm#AdverseReaction.symptom.code\"><b>code<\/b><\/a>&gt;<span style=\"color: Gray\">&lt;!--<\/span> <span style=\"color: brown\"><b>1..1<\/b><\/span> <span style=\"color: darkgreen\"><a href=\"datatypes.htm#CodeableConcept\">CodeableConcept<\/a><\/span> <span style=\"color: navy\"><a style=\"color: navy\" href=\"http://apps.who.int/classifications/icd10/browse/2010/en.htm\">Indicates the specific sign or symptom that was observed<\/a><\/span><span style=\"color: Gray\"> --&gt;<\/span>&lt;/code&gt;\r\n  &lt;<a title=\"The severity of the sign or symptom.\" class=\"dict\" href=\"adversereaction-definitions.htm#AdverseReaction.symptom.severity\"><b>severity<\/b><\/a> value=&quot;[<span style=\"color: darkgreen\"><a href=\"datatypes.htm#code\">code<\/a><\/span>]&quot;/&gt;<span style=\"color: Gray\">&lt;!--<\/span> <span style=\"color: brown\"><b>0..1<\/b><\/span> <span style=\"color: navy\"><a style=\"color: navy\" href=\"reactionSeverity.htm\">The severity of the sign or symptom<\/a><\/span><span style=\"color: Gray\"> --&gt;<\/span>\r\n &lt;/symptom&gt;\r\n &lt;<a title=\"An exposure to a substance that preceded a reaction occurrence.\" class=\"dict\" href=\"adversereaction-definitions.htm#AdverseReaction.exposure\"><b>exposure<\/b><\/a>&gt;  <span style=\"color: Gray\">&lt;!-- <span style=\"color: brown\"><b>0..*<\/b><\/span> An exposure to a substance that preceded a reaction occurrence --&gt;<\/span>\r\n  &lt;<a title=\"When the exposure occurred.\" class=\"dict\" href=\"adversereaction-definitions.htm#AdverseReaction.exposure.exposureDate\"><b>exposureDate<\/b><\/a> value=&quot;[<span style=\"color: darkgreen\"><a href=\"datatypes.htm#dateTime\">dateTime<\/a><\/span>]&quot;/&gt;<span style=\"color: Gray\">&lt;!--<\/span> <span style=\"color: brown\"><b>0..1<\/b><\/span> <span style=\"color: navy\">When the exposure occurred<\/span><span style=\"color: Gray\"> --&gt;<\/span>\r\n  &lt;<a title=\"Drug Administration, Immunization, Coincidental.\" class=\"dict\" href=\"adversereaction-definitions.htm#AdverseReaction.exposure.exposureType\"><b>exposureType<\/b><\/a> value=&quot;[<span style=\"color: darkgreen\"><a href=\"datatypes.htm#code\">code<\/a><\/span>]&quot;/&gt;<span style=\"color: Gray\">&lt;!--<\/span> <span style=\"color: brown\"><b>0..1<\/b><\/span> <span style=\"color: navy\"><a style=\"color: navy\" href=\"exposureType.htm\">The type of exposure<\/a><\/span><span style=\"color: Gray\"> --&gt;<\/span>\r\n  &lt;<a title=\"A statement of how confident that the recorder was that this exposure caused the reaction.\" class=\"dict\" href=\"adversereaction-definitions.htm#AdverseReaction.exposure.causalityExpectation\"><b>causalityExpectation<\/b><\/a> value=&quot;[<span style=\"color: darkgreen\"><a href=\"datatypes.htm#code\">code<\/a><\/span>]&quot;/&gt;<span style=\"color: Gray\">&lt;!--<\/span> <span style=\"color: brown\"><b>0..1<\/b><\/span> <span style=\"color: navy\"><a style=\"color: navy\" href=\"causalityExpectation.htm\">A statement of how confident that the recorder was that this exposure caused the reaction<\/a><\/span><span style=\"color: Gray\"> --&gt;<\/span>\r\n  &lt;<a title=\"Substance(s) that is presumed to have caused the adverse reaction.\" class=\"dict\" href=\"adversereaction-definitions.htm#AdverseReaction.exposure.substance\"><b>substance<\/b><\/a>&gt;<span style=\"color: Gray\">&lt;!--<\/span> <span style=\"color: brown\"><b>0..1<\/b><\/span> <span style=\"color: darkgreen\"><a href=\"references.htm#Resource\">Resource<\/a>(<a href=\"substance.htm#Substance\">Substance<\/a>)<\/span> <span style=\"color: navy\">Substance(s) that is presumed to have caused the adverse reaction<\/span><span style=\"color: Gray\"> --&gt;<\/span>&lt;/substance&gt;\r\n &lt;/exposure&gt;\r\n&lt;/AdverseReaction&gt;\r\n<\/pre><\/div>"},"name":{"value":"adversereaction"},"publisher":{"value":"FHIR Project"},"description":{"value":"Basic Profile. Specific reactions to a substance."},"status":{"value":"draft"},"date":{"value":"2014-01-31"},"structure":[{"type":{"value":"AdverseReaction"},"publish":{"value":true},"element":[{"path":{"value":"AdverseReaction"},"definition":{"short":{"value":"Specific reactions to a substance"},"formal":{"value":"Specific reactions to a substance."},"min":{"value":1},"max":{"value":"1"},"type":[{"code":{"value":"Resource"}}],"condition":[],"isModifier":{"value":false},"mapping":[{"target":{"value":"http://hl7.org/v2"},"map":{"value":"IAM-11-Onset Date (Does not allow for IAM-12-Onset Date Text)"}}]}},{"path":{"value":"AdverseReaction.extension"},"definition":{"short":{"value":"Additional Content defined by implementations"},"formal":{"value":"May be used to represent additional information that is not part of the basic definition of the resource. In order to make the use of extensions safe and manageable, there is a strict governance applied to the definition and use of extensions. Though any implementer is allowed to define an extension, there is a set of requirements that must be met as part of the definition of the extension."},"comments":{"value":"there can be no stigma\nassociated with the use of extensions by any application, project, or standard - regardless of the institution or jurisdiction that uses or defines the extensions.  The use of extensions is what allows the FHIR specification to retain a core simplicity for everyone."},"synonym":[{"value":"extensions"},{"value":"user content"}],"min":{"value":0},"max":{"value":"*"},"type":[{"code":{"value":"Extension"}}],"isModifier":{"value":false}}},{"path":{"value":"AdverseReaction.text"},"definition":{"short":{"value":"Text summary of the resource, for human interpretation"},"formal":{"value":"A human readable narrative that contains a summary of the resource, and may be used to represent the content of the resource to a human. The narrative need not encode all the structured data, but is required to contain sufficient detail to make it \"clinically safe\" for a human to just read the narrative. Resource definitions may define what content should be represented in the narrative to ensure clinical safety."},"comments":{"value":"Contained resources do not have narrative. Resources that are not contained SHOULD have a narrative."},"synonym":[{"value":"narrative"},{"value":"html"},{"value":"xhtml"},{"value":"display"}],"min":{"value":0},"max":{"value":"1"},"type":[{"code":{"value":"Narrative"}}],"isModifier":{"value":false}}},{"path":{"value":"AdverseReaction.contained"},"definition":{"short":{"value":"Contained, inline Resources"},"formal":{"value":"These resources do not have an independent existence apart from the resource that contains them - they cannot be identified independently, and nor can they have their own independent transaction scope."},"comments":{"value":"This should never be done when the content can be identified properly, as once identification is lost, it is extremely difficult (and context dependent) to restore it again."},"synonym":[{"value":"inline resources"},{"value":"anonymous resources"},{"value":"contained resources"}],"min":{"value":0},"max":{"value":"*"},"type":[{"code":{"value":"Resource"}}],"isModifier":{"value":false}}},{"path":{"value":"AdverseReaction.reactionDate"},"definition":{"short":{"value":"When the reaction occurred"},"formal":{"value":"When the reaction occurred."},"min":{"value":0},"max":{"value":"1"},"type":[{"code":{"value":"dateTime"}}],"condition":[],"isModifier":{"value":false}}},{"path":{"value":"AdverseReaction.subject"},"definition":{"short":{"value":"The subject of the adverse reaction"},"formal":{"value":"The subject of the adverse reaction."},"min":{"value":1},"max":{"value":"1"},"type":[{"code":{"value":"Resource(Patient)"}}],"condition":[],"isModifier":{"value":false},"mapping":[{"target":{"value":"http://hl7.org/v2"},"map":{"value":"PID-3-Patient ID List"}}]}},{"path":{"value":"AdverseReaction.didNotOccurFlag"},"definition":{"short":{"value":"To say that a reaction to substance did not occur"},"formal":{"value":"To say that a reaction to substance did not occur."},"comments":{"value":"Note that the normal case is false, which is a double negative - it's not true that this reaction did not occur. The normal case is to assert that a reaction did happen."},"min":{"value":1},"max":{"value":"1"},"type":[{"code":{"value":"boolean"}}],"condition":[],"isModifier":{"value":true}}},{"path":{"value":"AdverseReaction.recorder"},"definition":{"short":{"value":"Who recorded the reaction"},"formal":{"value":"Who recorded the reaction."},"min":{"value":0},"max":{"value":"1"},"type":[{"code":{"value":"Resource(Practitioner|Patient)"}}],"condition":[],"isModifier":{"value":false},"mapping":[{"target":{"value":"http://hl7.org/v2"},"map":{"value":"IAM-14-Reported By (if patient) / IAM-18-Statused By Person (if practitioner)"}}]}},{"path":{"value":"AdverseReaction.symptom"},"definition":{"short":{"value":"The signs and symptoms that were observed as part of the reaction"},"formal":{"value":"The signs and symptoms that were observed as part of the reaction."},"min":{"value":0},"max":{"value":"*"},"condition":[],"isModifier":{"value":false}}},{"path":{"value":"AdverseReaction.symptom.code"},"definition":{"short":{"value":"Indicates the specific sign or symptom that was observed"},"formal":{"value":"Indicates the specific sign or symptom that was observed."},"min":{"value":1},"max":{"value":"1"},"type":[{"code":{"value":"CodeableConcept"}}],"condition":[],"isModifier":{"value":false},"binding":{"value":"SymptomType"},"mapping":[{"target":{"value":"http://hl7.org/v2"},"map":{"value":"IAR-1"}}]}},{"path":{"value":"AdverseReaction.symptom.severity"},"definition":{"short":{"value":"The severity of the sign or symptom"},"formal":{"value":"The severity of the sign or symptom."},"min":{"value":0},"max":{"value":"1"},"type":[{"code":{"value":"code"}}],"condition":[],"isModifier":{"value":false},"binding":{"value":"ReactionSeverity"},"mapping":[{"target":{"value":"http://hl7.org/v2"},"map":{"value":"AL1-4-Allergy Severity Code / IAM-4-Allergy Severity Code"}}]}},{"path":{"value":"AdverseReaction.exposure"},"definition":{"short":{"value":"An exposure to a substance that preceded a reaction occurrence"},"formal":{"value":"An exposure to a substance that preceded a reaction occurrence."},"min":{"value":0},"max":{"value":"*"},"condition":[],"isModifier":{"value":false}}},{"path":{"value":"AdverseReaction.exposure.exposureDate"},"definition":{"short":{"value":"When the exposure occurred"},"formal":{"value":"When the exposure occurred."},"min":{"value":0},"max":{"value":"1"},"type":[{"code":{"value":"dateTime"}}],"condition":[],"isModifier":{"value":false},"mapping":[{"target":{"value":"http://hl7.org/v2"},"map":{"value":"(V2 does not define distinct concepts of exposure date and reaction date)"}}]}},{"path":{"value":"AdverseReaction.exposure.exposureType"},"definition":{"short":{"value":"The type of exposure"},"formal":{"value":"Drug Administration, Immunization, Coincidental."},"min":{"value":0},"max":{"value":"1"},"type":[{"code":{"value":"code"}}],"condition":[],"isModifier":{"value":false},"binding":{"value":"ExposureType"}}},{"path":{"value":"AdverseReaction.exposure.causalityExpectation"},"definition":{"short":{"value":"A statement of how confident that the recorder was that this exposure caused the reaction"},"formal":{"value":"A statement of how confident that the recorder was that this exposure caused the reaction."},"min":{"value":0},"max":{"value":"1"},"type":[{"code":{"value":"code"}}],"condition":[],"isModifier":{"value":false},"binding":{"value":"CausalityExpectation"},"mapping":[{"target":{"value":"http://hl7.org/v2"},"map":{"value":"IAM-17-Allergy Clinical Status Code"}}]}},{"path":{"value":"AdverseReaction.exposure.substance"},"definition":{"short":{"value":"Substance(s) that is presumed to have caused the adverse reaction"},"formal":{"value":"Substance(s) that is presumed to have caused the adverse reaction."},"min":{"value":0},"max":{"value":"1"},"type":[{"code":{"value":"Resource(Substance)"}}],"condition":[],"isModifier":{"value":false},"mapping":[{"target":{"value":"http://hl7.org/v2"},"map":{"value":"AL1-3 / IAM-3 Allergen Code/Mnemonic/Description"}}]}}]}],"binding":[{"name":{"value":"ReactionSeverity"},"conformance":{"value":"required"},"referenceResource":{"type":{"value":"ValueSet"},"reference":{"value":"http://hl7.org/fhir/vs/reactionSeverity"}}},{"name":{"value":"ExposureType"},"conformance":{"value":"required"},"referenceResource":{"type":{"value":"ValueSet"},"reference":{"value":"http://hl7.org/fhir/vs/exposureType"}}},{"name":{"value":"CausalityExpectation"},"conformance":{"value":"required"},"referenceResource":{"type":{"value":"ValueSet"},"reference":{"value":"http://hl7.org/fhir/vs/causalityExpectation"}}},{"name":{"value":"SymptomType"},"isExtensible":{"value":true},"conformance":{"value":"preferred"},"referenceUri":{"value":"http://apps.who.int/classifications/icd10/browse/2010/en"}}]}}