<?xml version="1.0" encoding="UTF-8"?><Alert xmlns="http://hl7.org/fhir">
  <text>
    <status value="generated"/>
    <div xmlns="http://www.w3.org/1999/xhtml">Large Dog warning</div>
  </text>
  <category>
    <coding>
      <system value="local"/>
      <code value="admin"/>
      <display value="Admin"/>
    </coding>
    <text value="admin"/>
    
  </category>
  <status value="active"/>
  <subject>
    <type value="Patient"/>
    <reference value="patient/@example"/>
    <display value="Peter Patient"/>
  </subject>
  
  <author>
    <type value="Practitioner"/>
    <reference value="practitioner/@example"/>
    <display value="Nancy Nurse"/>
  </author>
  
  <note value="patient has a big dog at his home. Always always wear a suit of armor or take other active counter-measures"/>
</Alert>