{"Alert":{"text":{"status":{"value":"generated"},"div":"<div>Large Dog warning<\/div>"},"category":{"coding":[{"system":{"value":"local"},"code":{"value":"admin"},"display":{"value":"Admin"}}],"text":{"value":"admin"}},"status":{"value":"active"},"subject":{"type":{"value":"Patient"},"reference":{"value":"patient/@example"},"display":{"value":"Peter Patient"}},"author":{"type":{"value":"Practitioner"},"reference":{"value":"practitioner/@example"},"display":{"value":"Nancy Nurse"}},"note":{"value":"patient has a big dog at his home. Always always wear a suit of armor or take other active counter-measures"}}}