{"Profile":{"text":{"status":{"value":"generated"},"div":"<div><pre>\r\n&lt;<a title=\"Prospective warnings of potential issues when providing care to the patient.\" class=\"dict\" href=\"alert-definitions.htm#Alert\"><b>Alert<\/b><\/a> xmlns=&quot;http://hl7.org/fhir&quot;&gt;\r\n &lt;!-- from <a href=\"resources.htm\">Resource<\/a>: <a href=\"extensibility.htm\">extension<\/a>, <a href=\"narrative.htm#Narrative\">narrative<\/a>, and <a href=\"references.htm#contained\">contained<\/a> --&gt;\r\n &lt;<a title=\"Allows an alert to be divided into different categories like clinical, administrative etc.\" class=\"dict\" href=\"alert-definitions.htm#Alert.category\"><b>category<\/b><\/a>&gt;<span style=\"color: Gray\">&lt;!--<\/span> <span style=\"color: brown\"><b>0..1<\/b><\/span> <span style=\"color: darkgreen\"><a href=\"datatypes.htm#CodeableConcept\">CodeableConcept<\/a><\/span> <span style=\"color: navy\">The category of this alert<\/span><span style=\"color: Gray\"> --&gt;<\/span>&lt;/category&gt;\r\n &lt;<a title=\"Supports basic workflow.\" class=\"dict\" href=\"alert-definitions.htm#Alert.status\"><b>status<\/b><\/a> value=&quot;[<span style=\"color: darkgreen\"><a href=\"datatypes.htm#code\">code<\/a><\/span>]&quot;/&gt;<span style=\"color: Gray\">&lt;!--<\/span> <span style=\"color: brown\"><b>1..1<\/b><\/span> <span style=\"color: navy\"><a style=\"color: navy\" href=\"alert-status.htm\">active | inactive | incorrect<\/a><\/span><span style=\"color: Gray\"> --&gt;<\/span>\r\n &lt;<a title=\"The person who this alert concerns.\" class=\"dict\" href=\"alert-definitions.htm#Alert.subject\"><b>subject<\/b><\/a>&gt;<span style=\"color: Gray\">&lt;!--<\/span> <span style=\"color: brown\"><b>1..1<\/b><\/span> <span style=\"color: darkgreen\"><a href=\"references.htm#Resource\">Resource<\/a>(<a href=\"patient.htm#Patient\">Patient<\/a>)<\/span> <span style=\"color: navy\">Subject of this alert<\/span><span style=\"color: Gray\"> --&gt;<\/span>&lt;/subject&gt;\r\n &lt;<a title=\"The person or device that created the alert.\" class=\"dict\" href=\"alert-definitions.htm#Alert.author\"><b>author<\/b><\/a>&gt;<span style=\"color: Gray\">&lt;!--<\/span> <span style=\"color: brown\"><b>0..1<\/b><\/span> <span style=\"color: darkgreen\"><a href=\"references.htm#Resource\">Resource<\/a>(<a href=\"practitioner.htm#Practitioner\">Practitioner<\/a>|<a href=\"patient.htm#Patient\">Patient<\/a>|<a href=\"device.htm#Device\">Device<\/a>)<\/span> <span style=\"color: navy\">Alert creator<\/span><span style=\"color: Gray\"> --&gt;<\/span>&lt;/author&gt;\r\n &lt;<a title=\"The textual component of the alert to display to the user.\" class=\"dict\" href=\"alert-definitions.htm#Alert.note\"><b>note<\/b><\/a> value=&quot;[<span style=\"color: darkgreen\"><a href=\"datatypes.htm#string\">string<\/a><\/span>]&quot;/&gt;<span style=\"color: Gray\">&lt;!--<\/span> <span style=\"color: brown\"><b>1..1<\/b><\/span> <span style=\"color: navy\">Text of alert<\/span><span style=\"color: Gray\"> --&gt;<\/span>\r\n&lt;/Alert&gt;\r\n<\/pre><\/div>"},"name":{"value":"alert"},"publisher":{"value":"FHIR Project"},"description":{"value":"Basic Profile. Prospective warnings of potential issues when providing care to the patient."},"status":{"value":"draft"},"date":{"value":"2014-01-31"},"structure":[{"type":{"value":"Alert"},"publish":{"value":true},"element":[{"path":{"value":"Alert"},"definition":{"short":{"value":"Alert"},"formal":{"value":"Prospective warnings of potential issues when providing care to the patient."},"min":{"value":1},"max":{"value":"1"},"type":[{"code":{"value":"Resource"}}],"condition":[],"isModifier":{"value":false}}},{"path":{"value":"Alert.extension"},"definition":{"short":{"value":"Additional Content defined by implementations"},"formal":{"value":"May be used to represent additional information that is not part of the basic definition of the resource. In order to make the use of extensions safe and manageable, there is a strict governance applied to the definition and use of extensions. Though any implementer is allowed to define an extension, there is a set of requirements that must be met as part of the definition of the extension."},"comments":{"value":"there can be no stigma\nassociated with the use of extensions by any application, project, or standard - regardless of the institution or jurisdiction that uses or defines the extensions.  The use of extensions is what allows the FHIR specification to retain a core simplicity for everyone."},"synonym":[{"value":"extensions"},{"value":"user content"}],"min":{"value":0},"max":{"value":"*"},"type":[{"code":{"value":"Extension"}}],"isModifier":{"value":false}}},{"path":{"value":"Alert.text"},"definition":{"short":{"value":"Text summary of the resource, for human interpretation"},"formal":{"value":"A human readable narrative that contains a summary of the resource, and may be used to represent the content of the resource to a human. The narrative need not encode all the structured data, but is required to contain sufficient detail to make it \"clinically safe\" for a human to just read the narrative. Resource definitions may define what content should be represented in the narrative to ensure clinical safety."},"comments":{"value":"Contained resources do not have narrative. Resources that are not contained SHOULD have a narrative."},"synonym":[{"value":"narrative"},{"value":"html"},{"value":"xhtml"},{"value":"display"}],"min":{"value":0},"max":{"value":"1"},"type":[{"code":{"value":"Narrative"}}],"isModifier":{"value":false}}},{"path":{"value":"Alert.contained"},"definition":{"short":{"value":"Contained, inline Resources"},"formal":{"value":"These resources do not have an independent existence apart from the resource that contains them - they cannot be identified independently, and nor can they have their own independent transaction scope."},"comments":{"value":"This should never be done when the content can be identified properly, as once identification is lost, it is extremely difficult (and context dependent) to restore it again."},"synonym":[{"value":"inline resources"},{"value":"anonymous resources"},{"value":"contained resources"}],"min":{"value":0},"max":{"value":"*"},"type":[{"code":{"value":"Resource"}}],"isModifier":{"value":false}}},{"path":{"value":"Alert.category"},"definition":{"short":{"value":"The category of this alert"},"formal":{"value":"Allows an alert to be divided into different categories like clinical, administrative etc."},"min":{"value":0},"max":{"value":"1"},"type":[{"code":{"value":"CodeableConcept"}}],"condition":[],"isModifier":{"value":false}}},{"path":{"value":"Alert.status"},"definition":{"short":{"value":"active | inactive | incorrect"},"formal":{"value":"Supports basic workflow."},"min":{"value":1},"max":{"value":"1"},"type":[{"code":{"value":"code"}}],"condition":[],"isModifier":{"value":false},"binding":{"value":"AlertStatus"}}},{"path":{"value":"Alert.subject"},"definition":{"short":{"value":"Subject of this alert"},"formal":{"value":"The person who this alert concerns."},"min":{"value":1},"max":{"value":"1"},"type":[{"code":{"value":"Resource(Patient)"}}],"condition":[],"isModifier":{"value":false}}},{"path":{"value":"Alert.author"},"definition":{"short":{"value":"Alert creator"},"formal":{"value":"The person or device that created the alert."},"min":{"value":0},"max":{"value":"1"},"type":[{"code":{"value":"Resource(Practitioner|Patient|Device)"}}],"condition":[],"isModifier":{"value":false}}},{"path":{"value":"Alert.note"},"definition":{"short":{"value":"Text of alert"},"formal":{"value":"The textual component of the alert to display to the user."},"min":{"value":1},"max":{"value":"1"},"type":[{"code":{"value":"string"}}],"condition":[],"isModifier":{"value":false}}}]}],"binding":[{"name":{"value":"AlertStatus"},"conformance":{"value":"required"},"referenceResource":{"type":{"value":"ValueSet"},"reference":{"value":"http://hl7.org/fhir/vs/alert-status"}}}]}}