{"AllergyIntolerance":{"text":{"status":{"value":"generated"},"div":"<div>Sensitivity to Bee Stings<\/div>"},"criticality":{"value":"fatal"},"sensitivityType":{"value":"allergy"},"recordedDate":{"value":"2012-09-17"},"status":{"value":"confirmed"},"subject":{"type":{"value":"Patient"},"reference":{"value":"patient/@example"}},"recorder":{"type":{"value":"Practitioner"},"reference":{"value":"practitioner/@example"}},"substance":{"type":{"value":"Substance"},"reference":{"value":"substance/@example"}},"reaction":[{"type":{"value":"AdverseReaction"},"reference":{"value":"adversereaction/@example"}}],"sensitivityTest":[{"type":{"value":"Observation"},"reference":{"value":"observation/@example"}}]}}