{"AllergyIntolerance":{"identifier":{"label":{"value":"House dust allergy"},"system":{"value":"http://snomed.info/sct"},"key":{"value":"232349006"}},"criticality":{"value":"medium"},"sensitivityType":{"value":"allergy"},"recordedDate":{"value":"2013-01-28"},"status":{"value":"confirmed"},"subject":{"type":{"value":"Patient"},"reference":{"value":"patient/@f201"},"display":{"value":"Roel"}},"recorder":{"type":{"value":"Practitioner"},"reference":{"value":"practitioner/@f201"}},"substance":{"type":{"value":"Substance"},"reference":{"value":"substance/@f201"},"display":{"value":"House dust allergen"}}}}