<?xml version="1.0" encoding="UTF-8"?><AllergyIntolerance xmlns="http://hl7.org/fhir">
 <identifier>
    <label value="House dust allergy"/>
    <system value="http://snomed.info/sct"/>
    <key value="232349006"/>    
 </identifier>
 <criticality value="medium"/><!-- House dust is likely to result in reactions that will inconvenience the subject -->
 <sensitivityType value="allergy"/><!-- Allergic reaction -->
 <recordedDate value="2013-01-28"/>
 <status value="confirmed"/><!-- House dust allergy is confirmed and active -->
 <subject>
     <type value="Patient"/>
     <reference value="patient/@f201"/>
     <display value="Roel"/>
 </subject>
 <recorder>
     <type value="Practitioner"/>
     <reference value="practitioner/@f201"/>
 </recorder>
 <substance>
     <type value="Substance"/>
     <reference value="substance/@f201"/>
     <display value="House dust allergen"/>
 </substance>
 <!-- No reactions or sensitivityTests avaialable -->
</AllergyIntolerance>