{"Profile":{"text":{"status":{"value":"generated"},"div":"<div><pre>\r\n&lt;<a title=\"Allergy/Intolerance.\" class=\"dict\" href=\"allergyintolerance-definitions.htm#AllergyIntolerance\"><b>AllergyIntolerance<\/b><\/a> xmlns=&quot;http://hl7.org/fhir&quot;&gt;\r\n &lt;!-- from <a href=\"resources.htm\">Resource<\/a>: <a href=\"extensibility.htm\">extension<\/a>, <a href=\"narrative.htm#Narrative\">narrative<\/a>, and <a href=\"references.htm#contained\">contained<\/a> --&gt;\r\n &lt;<a title=\"An external identifier for the sensitivity.\" class=\"dict\" href=\"allergyintolerance-definitions.htm#AllergyIntolerance.identifier\"><b>identifier<\/b><\/a>&gt;<span style=\"color: Gray\">&lt;!--<\/span> <span style=\"color: brown\"><b>0..1<\/b><\/span> <span style=\"color: darkgreen\"><a href=\"datatypes.htm#Identifier\">Identifier<\/a><\/span> <span style=\"color: navy\">An external identifier for the sensitivity<\/span><span style=\"color: Gray\"> --&gt;<\/span>&lt;/identifier&gt;\r\n &lt;<a title=\"Criticality of the sensitivity.\" class=\"dict\" href=\"allergyintolerance-definitions.htm#AllergyIntolerance.criticality\"><b>criticality<\/b><\/a> value=&quot;[<span style=\"color: darkgreen\"><a href=\"datatypes.htm#code\">code<\/a><\/span>]&quot;/&gt;<span style=\"color: Gray\">&lt;!--<\/span> <span style=\"color: brown\"><b>0..1<\/b><\/span> <span style=\"color: navy\"><a style=\"color: navy\" href=\"criticality.htm\">Criticality of the sensitivity<\/a><\/span><span style=\"color: Gray\"> --&gt;<\/span>\r\n &lt;<a title=\"Type of the sensitivity.\" class=\"dict\" href=\"allergyintolerance-definitions.htm#AllergyIntolerance.sensitivityType\"><b>sensitivityType<\/b><\/a> value=&quot;[<span style=\"color: darkgreen\"><a href=\"datatypes.htm#code\">code<\/a><\/span>]&quot;/&gt;<span style=\"color: Gray\">&lt;!--<\/span> <span style=\"color: brown\"><b>1..1<\/b><\/span> <span style=\"color: navy\"><a style=\"color: navy\" href=\"sensitivitytype.htm\">Type of the sensitivity<\/a><\/span><span style=\"color: Gray\"> --&gt;<\/span>\r\n &lt;<a title=\"Date when the sensitivity was recorded.\" class=\"dict\" href=\"allergyintolerance-definitions.htm#AllergyIntolerance.recordedDate\"><b>recordedDate<\/b><\/a> value=&quot;[<span style=\"color: darkgreen\"><a href=\"datatypes.htm#dateTime\">dateTime<\/a><\/span>]&quot;/&gt;<span style=\"color: Gray\">&lt;!--<\/span> <span style=\"color: brown\"><b>0..1<\/b><\/span> <span style=\"color: navy\">Date when the sensitivity was recorded<\/span><span style=\"color: Gray\"> --&gt;<\/span>\r\n &lt;<a title=\"Suspected, Confirmed, Refuted, Resolved (this element modifies the meaning of other elements)\" class=\"dict\" href=\"allergyintolerance-definitions.htm#AllergyIntolerance.status\"><span style=\"text-decoration: underline\"><b>status<\/b><\/span><\/a> value=&quot;[<span style=\"color: darkgreen\"><a href=\"datatypes.htm#code\">code<\/a><\/span>]&quot;/&gt;<span style=\"color: Gray\">&lt;!--<\/span> <span style=\"color: brown\"><b>1..1<\/b><\/span> <span style=\"color: navy\"><a style=\"color: navy\" href=\"sensitivitystatus.htm\">Status of the sensitivity<\/a><\/span><span style=\"color: Gray\"> --&gt;<\/span>\r\n &lt;<a title=\"Who the sensitivity is for.\" class=\"dict\" href=\"allergyintolerance-definitions.htm#AllergyIntolerance.subject\"><b>subject<\/b><\/a>&gt;<span style=\"color: Gray\">&lt;!--<\/span> <span style=\"color: brown\"><b>1..1<\/b><\/span> <span style=\"color: darkgreen\"><a href=\"references.htm#Resource\">Resource<\/a>(<a href=\"patient.htm#Patient\">Patient<\/a>)<\/span> <span style=\"color: navy\">Who the sensitivity is for<\/span><span style=\"color: Gray\"> --&gt;<\/span>&lt;/subject&gt;\r\n &lt;<a title=\"Who recorded the sensitivity.\" class=\"dict\" href=\"allergyintolerance-definitions.htm#AllergyIntolerance.recorder\"><b>recorder<\/b><\/a>&gt;<span style=\"color: Gray\">&lt;!--<\/span> <span style=\"color: brown\"><b>0..1<\/b><\/span> <span style=\"color: darkgreen\"><a href=\"references.htm#Resource\">Resource<\/a>(<a href=\"practitioner.htm#Practitioner\">Practitioner<\/a>|<a href=\"patient.htm#Patient\">Patient<\/a>)<\/span> <span style=\"color: navy\">Who recorded the sensitivity<\/span><span style=\"color: Gray\"> --&gt;<\/span>&lt;/recorder&gt;\r\n &lt;<a title=\"The substance that causes the sensitivity.\" class=\"dict\" href=\"allergyintolerance-definitions.htm#AllergyIntolerance.substance\"><b>substance<\/b><\/a>&gt;<span style=\"color: Gray\">&lt;!--<\/span> <span style=\"color: brown\"><b>1..1<\/b><\/span> <span style=\"color: darkgreen\"><a href=\"references.htm#Resource\">Resource<\/a>(<a href=\"substance.htm#Substance\">Substance<\/a>)<\/span> <span style=\"color: navy\">The substance that causes the sensitivity<\/span><span style=\"color: Gray\"> --&gt;<\/span>&lt;/substance&gt;\r\n &lt;<a title=\"Reactions associated with the sensitivity.\" class=\"dict\" href=\"allergyintolerance-definitions.htm#AllergyIntolerance.reaction\"><b>reaction<\/b><\/a>&gt;<span style=\"color: Gray\">&lt;!--<\/span> <span style=\"color: brown\"><b>0..*<\/b><\/span> <span style=\"color: darkgreen\"><a href=\"references.htm#Resource\">Resource<\/a>(<a href=\"adversereaction.htm#AdverseReaction\">AdverseReaction<\/a>)<\/span> <span style=\"color: navy\">Reactions associated with the sensitivity<\/span><span style=\"color: Gray\"> --&gt;<\/span>&lt;/reaction&gt;\r\n &lt;<a title=\"Observations that confirm or refute the sensitivity.\" class=\"dict\" href=\"allergyintolerance-definitions.htm#AllergyIntolerance.sensitivityTest\"><b>sensitivityTest<\/b><\/a>&gt;<span style=\"color: Gray\">&lt;!--<\/span> <span style=\"color: brown\"><b>0..*<\/b><\/span> <span style=\"color: darkgreen\"><a href=\"references.htm#Resource\">Resource<\/a>(<a href=\"observation.htm#Observation\">Observation<\/a>)<\/span> <span style=\"color: navy\">Observations that confirm or refute the sensitivity<\/span><span style=\"color: Gray\"> --&gt;<\/span>&lt;/sensitivityTest&gt;\r\n&lt;/AllergyIntolerance&gt;\r\n<\/pre><\/div>"},"name":{"value":"allergyintolerance"},"publisher":{"value":"FHIR Project"},"description":{"value":"Basic Profile. Allergy/Intolerance."},"status":{"value":"draft"},"date":{"value":"2014-01-31"},"structure":[{"type":{"value":"AllergyIntolerance"},"publish":{"value":true},"element":[{"path":{"value":"AllergyIntolerance"},"definition":{"short":{"value":"Allergy/Intolerance"},"formal":{"value":"Allergy/Intolerance."},"min":{"value":1},"max":{"value":"1"},"type":[{"code":{"value":"Resource"}}],"condition":[],"isModifier":{"value":false}}},{"path":{"value":"AllergyIntolerance.extension"},"definition":{"short":{"value":"Additional Content defined by implementations"},"formal":{"value":"May be used to represent additional information that is not part of the basic definition of the resource. In order to make the use of extensions safe and manageable, there is a strict governance applied to the definition and use of extensions. Though any implementer is allowed to define an extension, there is a set of requirements that must be met as part of the definition of the extension."},"comments":{"value":"there can be no stigma\nassociated with the use of extensions by any application, project, or standard - regardless of the institution or jurisdiction that uses or defines the extensions.  The use of extensions is what allows the FHIR specification to retain a core simplicity for everyone."},"synonym":[{"value":"extensions"},{"value":"user content"}],"min":{"value":0},"max":{"value":"*"},"type":[{"code":{"value":"Extension"}}],"isModifier":{"value":false}}},{"path":{"value":"AllergyIntolerance.text"},"definition":{"short":{"value":"Text summary of the resource, for human interpretation"},"formal":{"value":"A human readable narrative that contains a summary of the resource, and may be used to represent the content of the resource to a human. The narrative need not encode all the structured data, but is required to contain sufficient detail to make it \"clinically safe\" for a human to just read the narrative. Resource definitions may define what content should be represented in the narrative to ensure clinical safety."},"comments":{"value":"Contained resources do not have narrative. Resources that are not contained SHOULD have a narrative."},"synonym":[{"value":"narrative"},{"value":"html"},{"value":"xhtml"},{"value":"display"}],"min":{"value":0},"max":{"value":"1"},"type":[{"code":{"value":"Narrative"}}],"isModifier":{"value":false}}},{"path":{"value":"AllergyIntolerance.contained"},"definition":{"short":{"value":"Contained, inline Resources"},"formal":{"value":"These resources do not have an independent existence apart from the resource that contains them - they cannot be identified independently, and nor can they have their own independent transaction scope."},"comments":{"value":"This should never be done when the content can be identified properly, as once identification is lost, it is extremely difficult (and context dependent) to restore it again."},"synonym":[{"value":"inline resources"},{"value":"anonymous resources"},{"value":"contained resources"}],"min":{"value":0},"max":{"value":"*"},"type":[{"code":{"value":"Resource"}}],"isModifier":{"value":false}}},{"path":{"value":"AllergyIntolerance.identifier"},"definition":{"short":{"value":"An external identifier for the sensitivity"},"formal":{"value":"An external identifier for the sensitivity."},"min":{"value":0},"max":{"value":"1"},"type":[{"code":{"value":"Identifier"}}],"condition":[],"isModifier":{"value":false},"mapping":[{"target":{"value":"http://hl7.org/v2"},"map":{"value":"IAM-7-Allergy Unique Identifier (Overloaded concept)"}}]}},{"path":{"value":"AllergyIntolerance.criticality"},"definition":{"short":{"value":"Criticality of the sensitivity"},"formal":{"value":"Criticality of the sensitivity."},"min":{"value":0},"max":{"value":"1"},"type":[{"code":{"value":"code"}}],"condition":[],"isModifier":{"value":false},"binding":{"value":"Criticality"}}},{"path":{"value":"AllergyIntolerance.sensitivityType"},"definition":{"short":{"value":"Type of the sensitivity"},"formal":{"value":"Type of the sensitivity."},"min":{"value":1},"max":{"value":"1"},"type":[{"code":{"value":"code"}}],"condition":[],"isModifier":{"value":false},"binding":{"value":"SensitivityType"},"mapping":[{"target":{"value":"http://hl7.org/v2"},"map":{"value":"IAM-9-Sensitivity to Causative Agent Code"}}]}},{"path":{"value":"AllergyIntolerance.recordedDate"},"definition":{"short":{"value":"Date when the sensitivity was recorded"},"formal":{"value":"Date when the sensitivity was recorded."},"min":{"value":0},"max":{"value":"1"},"type":[{"code":{"value":"dateTime"}}],"condition":[],"isModifier":{"value":false},"mapping":[{"target":{"value":"http://hl7.org/v2"},"map":{"value":"IAM-20-Statused at Date/Time"}}]}},{"path":{"value":"AllergyIntolerance.status"},"definition":{"short":{"value":"Status of the sensitivity"},"formal":{"value":"Suspected, Confirmed, Refuted, Resolved."},"min":{"value":1},"max":{"value":"1"},"type":[{"code":{"value":"code"}}],"condition":[],"isModifier":{"value":true},"binding":{"value":"SensitivityStatus"},"mapping":[{"target":{"value":"http://hl7.org/v2"},"map":{"value":"IAM-17-Allergy Clinical Status Code"}}]}},{"path":{"value":"AllergyIntolerance.subject"},"definition":{"short":{"value":"Who the sensitivity is for"},"formal":{"value":"Who the sensitivity is for."},"min":{"value":1},"max":{"value":"1"},"type":[{"code":{"value":"Resource(Patient)"}}],"condition":[],"isModifier":{"value":false},"mapping":[{"target":{"value":"http://hl7.org/v2"},"map":{"value":"PID-3-Patient ID List"}}]}},{"path":{"value":"AllergyIntolerance.recorder"},"definition":{"short":{"value":"Who recorded the sensitivity"},"formal":{"value":"Who recorded the sensitivity."},"min":{"value":0},"max":{"value":"1"},"type":[{"code":{"value":"Resource(Practitioner|Patient)"}}],"condition":[],"isModifier":{"value":false},"mapping":[{"target":{"value":"http://hl7.org/v2"},"map":{"value":"IAM-14-Reported By (if patient) / IAM-18-Statused By Person (if practitioner)"}}]}},{"path":{"value":"AllergyIntolerance.substance"},"definition":{"short":{"value":"The substance that causes the sensitivity"},"formal":{"value":"The substance that causes the sensitivity."},"min":{"value":1},"max":{"value":"1"},"type":[{"code":{"value":"Resource(Substance)"}}],"condition":[],"isModifier":{"value":false},"mapping":[{"target":{"value":"http://hl7.org/v2"},"map":{"value":"AL1-3-Allergen Code/Mnemonic/Description / IAM-3-Allergen Code/Mnemonic/Description"}}]}},{"path":{"value":"AllergyIntolerance.reaction"},"definition":{"short":{"value":"Reactions associated with the sensitivity"},"formal":{"value":"Reactions associated with the sensitivity."},"min":{"value":0},"max":{"value":"*"},"type":[{"code":{"value":"Resource(AdverseReaction)"}}],"condition":[],"isModifier":{"value":false},"mapping":[{"target":{"value":"http://hl7.org/v2"},"map":{"value":"IAM-7-Allergy Unique Identifier (Overloaded concept)"}}]}},{"path":{"value":"AllergyIntolerance.sensitivityTest"},"definition":{"short":{"value":"Observations that confirm or refute the sensitivity"},"formal":{"value":"Observations that confirm or refute the sensitivity."},"min":{"value":0},"max":{"value":"*"},"type":[{"code":{"value":"Resource(Observation)"}}],"condition":[],"isModifier":{"value":false},"mapping":[{"target":{"value":"http://hl7.org/v2"},"map":{"value":"OBX-21-Observation Instance Identifier\n(Subject to Ch7 caveats)"}}]}}]}],"binding":[{"name":{"value":"SensitivityStatus"},"conformance":{"value":"required"},"referenceResource":{"type":{"value":"ValueSet"},"reference":{"value":"http://hl7.org/fhir/vs/sensitivitystatus"}}},{"name":{"value":"Criticality"},"conformance":{"value":"required"},"referenceResource":{"type":{"value":"ValueSet"},"reference":{"value":"http://hl7.org/fhir/vs/criticality"}}},{"name":{"value":"SensitivityType"},"conformance":{"value":"required"},"referenceResource":{"type":{"value":"ValueSet"},"reference":{"value":"http://hl7.org/fhir/vs/sensitivitytype"}}}]}}