{"ValueSet":{"text":{"status":{"value":"generated"},"div":"<div><h2>AnswerFormat<\/h2><p>The expected format of an answer<\/p><p>This value set defines it's own terms in the system http://hl7.org/fhir/answer-format<\/p><table><tr><td><b>Code<\/b><\/td><td><b>Display<\/b><\/td><td><b>Definition<\/b><\/td><\/tr><tr><td>decimal<\/td><td/><td>Answer is a floating point number.<\/td><\/tr><tr><td>integer<\/td><td/><td>Answer is an integer.<\/td><\/tr><tr><td>boolean<\/td><td/><td>Answer is a yes/no answer.<\/td><\/tr><tr><td>date<\/td><td/><td>Answer is a date.<\/td><\/tr><tr><td>string<\/td><td/><td>Answer is a free-text entry.<\/td><\/tr><tr><td>dateTime<\/td><td/><td>Answer is a date and time.<\/td><\/tr><tr><td>instant<\/td><td/><td>Answer is a system timestamp.<\/td><\/tr><tr><td>single-choice<\/td><td/><td>Answer is a single choice from the options.<\/td><\/tr><tr><td>multiple-choice<\/td><td/><td>Answer is one or more choices from the options.<\/td><\/tr><tr><td>open-single-choice<\/td><td/><td>Answer is a single choice from the options or a free-text entry.<\/td><\/tr><tr><td>open-multiple-choice<\/td><td/><td>Answer is one or more choices from the options and/or a free-text entry.<\/td><\/tr><\/table><\/div>"},"identifier":{"value":"http://hl7.org/fhir/vs/answer-format"},"name":{"value":"AnswerFormat"},"publisher":{"value":"HL7 (FHIR Project)"},"telecom":[{"system":{"value":"url"},"value":{"value":"http://hl7.org/fhir"}},{"system":{"value":"email"},"value":{"value":"fhir@lists.hl7.org"}}],"description":{"value":"The expected format of an answer"},"status":{"value":"draft"},"date":{"value":"2023-05-12T00:10:00"},"define":{"system":{"value":"http://hl7.org/fhir/answer-format"},"caseSensitive":{"value":true},"concept":[{"code":{"value":"decimal"},"definition":{"value":"Answer is a floating point number."}},{"code":{"value":"integer"},"definition":{"value":"Answer is an integer."}},{"code":{"value":"boolean"},"definition":{"value":"Answer is a yes/no answer."}},{"code":{"value":"date"},"definition":{"value":"Answer is a date."}},{"code":{"value":"string"},"definition":{"value":"Answer is a free-text entry."}},{"code":{"value":"dateTime"},"definition":{"value":"Answer is a date and time."}},{"code":{"value":"instant"},"definition":{"value":"Answer is a system timestamp."}},{"code":{"value":"single-choice"},"definition":{"value":"Answer is a single choice from the options."}},{"code":{"value":"multiple-choice"},"definition":{"value":"Answer is one or more choices from the options."}},{"code":{"value":"open-single-choice"},"definition":{"value":"Answer is a single choice from the options or a free-text entry."}},{"code":{"value":"open-multiple-choice"},"definition":{"value":"Answer is one or more choices from the options and/or a free-text entry."}}]}}}