<?xml version="1.0" encoding="UTF-8"?><CarePlan xmlns="http://hl7.org/fhir">
 <patient><!-- It entails Roel's careplan -->
     <type value="Patient"/>
     <reference value="patient/@f201"/>
     <display value="Roel"/>
 </patient>
 <status value="ended"/>
 <period>
     <start value="2013-04-14"/>
     <end value="2013-04-21"/>
 </period>
 <modified value="2013-03-11"/>
 <concern>
     <type value="Condition"/>
     <reference value="condition/@f203"/>
     <display value="Roel&#39;s sepsis"/>
 </concern>
 <participant>  
  <role>
     <coding>
       <system value="http://snomed.info/sct"/>
       <code value="425268008"/>
       <display value="Review of care plan"/>
     </coding>
  </role>
  <member>  
     <type value="Practitioner"/>
     <reference value="practitioner/@f201"/>
     <display value="Dokter Bronsig"/>
  </member>
 </participant>
 <participant>  
  <role>
     <coding>
       <system value="http://snomed.info/sct"/>
       <code value="278110001"/>
       <display value="Radiographic imaging"/>
     </coding>
  </role>
  <member>
     <type value="Practitioner"/>
     <reference value="practitioner/@f202"/>
     <display value="Luigi Maas"/>
  </member>
 </participant>
 <goal> 
  <description value="Check whether further treatment of sepsis/pulmonary abcess is required"/>
  <status value="abandoned"/>
 </goal>
 <activity> 
  <category value="observation"/>
  <code>
     <coding>
       <system value="http://snomed.info/sct"/>
       <code value="241541005"/>
       <display value="HRCT of lungs"/>
     </coding>      
  </code>
  <status value="not started"/>
  <prohibited value="false"/>
 </activity>
</CarePlan>