{"ValueSet":{"text":{"status":{"value":"generated"},"div":"<div><h2>CarePlanActivityCategory<\/h2><p>High-level categorization of the type of activity in a care plan.<\/p><p>This value set defines it's own terms in the system http://hl7.org/fhir/care-plan-activity-category<\/p><table><tr><td><b>Code<\/b><\/td><td><b>Display<\/b><\/td><td><b>Definition<\/b><\/td><\/tr><tr><td>diet<\/td><td/><td>Plan for the patient to consume food of a specified nature.<\/td><\/tr><tr><td>drug<\/td><td/><td>Plan for the patient to consume/receive a drug, vaccine or other product.<\/td><\/tr><tr><td>encounter<\/td><td/><td>Plan to meet or communicate with the patient (in-patient, out-patient, phone call, etc.).<\/td><\/tr><tr><td>observation<\/td><td/><td>Plan to capture information about a patient (vitals, labs, diagnostic images, etc.).<\/td><\/tr><tr><td>procedure<\/td><td/><td>Plan to modify the patient in some way (surgery, physiotherapy, education, counseling, etc.).<\/td><\/tr><tr><td>supply<\/td><td/><td>Plan to provide something to the patient (medication, medical supply, etc.).<\/td><\/tr><tr><td>other<\/td><td/><td>Some other form of action.<\/td><\/tr><\/table><\/div>"},"identifier":{"value":"http://hl7.org/fhir/vs/care-plan-activity-category"},"name":{"value":"CarePlanActivityCategory"},"publisher":{"value":"HL7 (FHIR Project)"},"telecom":[{"system":{"value":"url"},"value":{"value":"http://hl7.org/fhir"}},{"system":{"value":"email"},"value":{"value":"fhir@lists.hl7.org"}}],"description":{"value":"High-level categorization of the type of activity in a care plan."},"status":{"value":"draft"},"date":{"value":"2023-05-12T00:10:00"},"define":{"system":{"value":"http://hl7.org/fhir/care-plan-activity-category"},"caseSensitive":{"value":true},"concept":[{"code":{"value":"diet"},"definition":{"value":"Plan for the patient to consume food of a specified nature."}},{"code":{"value":"drug"},"definition":{"value":"Plan for the patient to consume/receive a drug, vaccine or other product."}},{"code":{"value":"encounter"},"definition":{"value":"Plan to meet or communicate with the patient (in-patient, out-patient, phone call, etc.)."}},{"code":{"value":"observation"},"definition":{"value":"Plan to capture information about a patient (vitals, labs, diagnostic images, etc.)."}},{"code":{"value":"procedure"},"definition":{"value":"Plan to modify the patient in some way (surgery, physiotherapy, education, counseling, etc.)."}},{"code":{"value":"supply"},"definition":{"value":"Plan to provide something to the patient (medication, medical supply, etc.)."}},{"code":{"value":"other"},"definition":{"value":"Some other form of action."}}]}}}