{"ValueSet":{"text":{"status":{"value":"generated"},"div":"<div><h2>CarePlanStatus<\/h2><p>Indicates whether the plan is currently being acted upon, represents future intentions or is now just historical record.<\/p><p>This value set defines it's own terms in the system http://hl7.org/fhir/care-plan-status<\/p><table><tr><td><b>Code<\/b><\/td><td><b>Display<\/b><\/td><td><b>Definition<\/b><\/td><\/tr><tr><td>planned<\/td><td/><td>The plan is in development or awaiting use but is not yet intended to be acted upon.<\/td><\/tr><tr><td>active<\/td><td/><td>The plan is intended to be followed and used as part of patient care.<\/td><\/tr><tr><td>ended<\/td><td/><td>The plan is no longer in use and is not expected to be followed or used in patient care.<\/td><\/tr><\/table><\/div>"},"identifier":{"value":"http://hl7.org/fhir/vs/care-plan-status"},"name":{"value":"CarePlanStatus"},"publisher":{"value":"HL7 (FHIR Project)"},"telecom":[{"system":{"value":"url"},"value":{"value":"http://hl7.org/fhir"}},{"system":{"value":"email"},"value":{"value":"fhir@lists.hl7.org"}}],"description":{"value":"Indicates whether the plan is currently being acted upon, represents future intentions or is now just historical record."},"status":{"value":"draft"},"date":{"value":"2023-05-12T00:10:00"},"define":{"system":{"value":"http://hl7.org/fhir/care-plan-status"},"caseSensitive":{"value":true},"concept":[{"code":{"value":"planned"},"definition":{"value":"The plan is in development or awaiting use but is not yet intended to be acted upon."}},{"code":{"value":"active"},"definition":{"value":"The plan is intended to be followed and used as part of patient care."}},{"code":{"value":"ended"},"definition":{"value":"The plan is no longer in use and is not expected to be followed or used in patient care."}}]}}}