{"CarePlan":{"identifier":{"use":{"value":"official"},"system":{"value":"http://www.bmc.nl/zorgportal/identifiers/careplans"},"key":{"value":"CP3953"}},"patient":{"type":{"value":"Patient"},"reference":{"value":"patient/@f001"},"display":{"value":"P. van de Heuvel"}},"status":{"value":"ended"},"period":{"start":{"value":"2013-03-08T09:00:10+01:00"},"end":{"value":"2013-03-08T09:30:10+01:00"}},"modified":{"value":"2013-06-27T09:30:10+01:00"},"concern":[{"type":{"value":"Condition"},"reference":{"value":"condition/@f201"},"display":{"value":"?????"}}],"participant":[{"member":{"type":{"value":"Practitioner"},"reference":{"value":"practitioner/@f001"},"display":{"value":"E.M. van den broek"}}}],"goal":[{"description":{"value":"Retropharyngeal abscess removal"},"status":{"value":"achieved"},"notes":{"value":"goal accomplished without complications"}}],"activity":[{"category":{"value":"procedure"},"code":{"coding":[{"system":{"value":"http://snomed.info/sct"},"code":{"value":"172960003"},"display":{"value":"Incision of retropharyngeal abscess"}}]},"status":{"value":"completed"},"prohibited":{"value":true},"timingString":{"value":"2011-06-27T09:30:10+01:00"},"performer":[{"type":{"value":"Practitioner"},"reference":{"value":"practitioner/@f001"},"display":{"value":"E.M. van den broek"}}]}]}}