<?xml version="1.0" encoding="UTF-8"?><CarePlan xmlns="http://hl7.org/fhir">
    <identifier>
        <use value="official"/> <!--  urn:oid:2.16.840.1.113883.4.642.1.36  -->
        <system value="http://www.bmc.nl/zorgportal/identifiers/careplans"/>
        <key value="CP3953"/>
    </identifier>
    <patient>
        <type value="Patient"/>
        <reference value="patient/@f001"/>
        <display value="P. van de Heuvel"/>
    </patient>
    <status value="ended"/> <!--  urn:oid:2.16.840.1.113883.4.642.1.36  -->
    <period>
        <start value="2013-03-08T09:00:10+01:00"/>
        <end value="2013-03-08T09:30:10+01:00"/>
    </period>
    <modified value="2013-06-27T09:30:10+01:00"/>
    <concern>
        <type value="Condition"/>
        <reference value="condition/@f201"/><!-- TODO Correcte referentie -->
        <display value="?????"/>
    </concern>
    <participant>
        <member>    
            <type value="Practitioner"/>
            <reference value="practitioner/@f001"/>
            <display value="E.M. van den broek"/>
        </member>
    </participant>
    <goal>    
        <description value="Retropharyngeal abscess removal"/>
        <status value="achieved"/> <!--  urn:oid:2.16.840.1.113883.4.642.1.38  -->
        <notes value="goal accomplished without complications"/>
    </goal>
    <activity>
        <category value="procedure"/> <!--  urn:oid:2.16.840.1.113883.4.642.1.39  -->
        <code>
            <coding>
                <system value="http://snomed.info/sct"/>
                <code value="172960003"/>
                <display value="Incision of retropharyngeal abscess"/>
            </coding>
        </code>
        <status value="completed"/>
        <prohibited value="true"/>
        <timingString value="2011-06-27T09:30:10+01:00"/>
        <performer>
            <type value="Practitioner"/>
            <reference value="practitioner/@f001"/>
            <display value="E.M. van den broek"/>
        </performer>
    </activity>
</CarePlan>