{"ValueSet":{"text":{"status":{"value":"generated"},"div":"<div><h2>CarePlanActivityStatus<\/h2><p>Indicates where the activity is at in its overall life cycle<\/p><p>This value set defines it's own terms in the system http://hl7.org/fhir/care-plan-activity-status<\/p><table><tr><td><b>Code<\/b><\/td><td><b>Display<\/b><\/td><td><b>Definition<\/b><\/td><\/tr><tr><td>not started<\/td><td/><td>Activity is planned but no action has yet been taken.<\/td><\/tr><tr><td>scheduled<\/td><td/><td>Appointment or other booking has occurred but activity has not yet begun.<\/td><\/tr><tr><td>ongoing<\/td><td/><td>Activity has been started but is not yet complete.<\/td><\/tr><tr><td>on hold<\/td><td/><td>Activity was started but has temporarily ceased with an expectation of resumption at a future time.<\/td><\/tr><tr><td>completed<\/td><td/><td>The activities have been completed (more or less) as planned.<\/td><\/tr><tr><td>discontinued<\/td><td/><td>The activities have been ended prior to completion (perhaps even before they were started).<\/td><\/tr><\/table><\/div>"},"identifier":{"value":"http://hl7.org/fhir/vs/care-plan-activity-status"},"name":{"value":"CarePlanActivityStatus"},"publisher":{"value":"HL7 (FHIR Project)"},"telecom":[{"system":{"value":"url"},"value":{"value":"http://hl7.org/fhir"}},{"system":{"value":"email"},"value":{"value":"fhir@lists.hl7.org"}}],"description":{"value":"Indicates where the activity is at in its overall life cycle"},"status":{"value":"draft"},"date":{"value":"2023-05-12T00:10:00"},"define":{"system":{"value":"http://hl7.org/fhir/care-plan-activity-status"},"caseSensitive":{"value":true},"concept":[{"code":{"value":"not started"},"definition":{"value":"Activity is planned but no action has yet been taken."}},{"code":{"value":"scheduled"},"definition":{"value":"Appointment or other booking has occurred but activity has not yet begun."}},{"code":{"value":"ongoing"},"definition":{"value":"Activity has been started but is not yet complete."}},{"code":{"value":"on hold"},"definition":{"value":"Activity was started but has temporarily ceased with an expectation of resumption at a future time."}},{"code":{"value":"completed"},"definition":{"value":"The activities have been completed (more or less) as planned."}},{"code":{"value":"discontinued"},"definition":{"value":"The activities have been ended prior to completion (perhaps even before they were started)."}}]}}}