{"CarePlan":{"identifier":{"use":{"value":"official"},"system":{"value":"http://www.bmc.nl/zorgportal/identifiers/careplans"},"key":{"value":"CP2903"}},"patient":{"type":{"value":"Patient"},"reference":{"value":"patient/@f001"},"display":{"value":"P. van de Heuvel"}},"status":{"value":"ended"},"period":{"start":{"value":"2011-06-26"},"end":{"value":"2011-06-27"}},"modified":{"value":"2011-06-27T09:30:10+01:00"},"concern":[{"type":{"value":"Condition"},"reference":{"value":"condition/@f201"},"display":{"value":"?????"}}],"participant":[{"member":{"type":{"value":"Practitioner"},"reference":{"value":"practitioner/@f002"},"display":{"value":"P. Voigt"}}}],"goal":[{"description":{"value":"recovery surgery on heart of patient"},"status":{"value":"achieved"},"notes":{"value":"goal accomplished without complications"}}],"activity":[{"category":{"value":"procedure"},"code":{"coding":[{"system":{"value":"http://snomed.info/sct"},"code":{"value":"64915003"},"display":{"value":" Operative procedure on heart"}}]},"status":{"value":"completed"},"prohibited":{"value":true},"timingString":{"value":"2011-06-27T09:30:10+01:00"},"performer":[{"type":{"value":"Practitioner"},"reference":{"value":"practitioner/@f002"},"display":{"value":"P. Voigt"}}]}]}}