{"CarePlan":{"identifier":{"use":{"value":"official"},"system":{"value":"http://www.bmc.nl/zorgportal/identifiers/careplans"},"key":{"value":"CP2934"}},"patient":{"type":{"value":"Patient"},"reference":{"value":"patient/@f001"},"display":{"value":"P. van de Heuvel"}},"status":{"value":"ended"},"period":{"start":{"value":"2011-07-06"},"end":{"value":"2013-07-07"}},"modified":{"value":"2011-07-07T09:30:10+01:00"},"concern":[{"type":{"value":"Condition"},"reference":{"value":"condition/@f201"},"display":{"value":"?????"}}],"participant":[{"member":{"type":{"value":"Practitioner"},"reference":{"value":"practitioner/@f003"},"display":{"value":"M.I.M. Versteegh"}}}],"goal":[{"description":{"value":"succesful surgery on lung of patient"},"status":{"value":"achieved"},"notes":{"value":"goal accomplished with minor complications"}}],"activity":[{"category":{"value":"procedure"},"code":{"coding":[{"system":{"value":"http://snomed.info/sct"},"code":{"value":"359615001"},"display":{"value":"Partial lobectomy of lung"}}]},"status":{"value":"completed"},"prohibited":{"value":true},"timingString":{"value":"2011-07-07T09:30:10+01:00"},"performer":[{"type":{"value":"Practitioner"},"reference":{"value":"practitioner/@f003"},"display":{"value":"M.I.M. Versteegh"}}]}]}}