{"Condition":{"text":{"status":{"value":"generated"},"div":"<div>Mild Asthma (Date: 21-Nov 2012)<\/div>"},"subject":{"type":{"value":"Patient"},"reference":{"value":"patient/@example"}},"code":{"text":{"value":"Asthma"}},"category":{"coding":[{"system":{"value":"http://hl7.org/fhir/condition-category"},"code":{"value":"finding"},"display":{"value":"Finding"}}]},"status":{"value":"confirmed"},"severity":{"coding":[{"system":{"value":"http://snomed.info/sct"},"code":{"value":"255604002"},"display":{"value":"Mild"}}]},"onsetDate":{"value":"2012-11-12"}}}