{"Condition":{"subject":{"type":{"value":"Patient"},"reference":{"value":"patient/@f201"},"display":{"value":"Roel"}},"dateAsserted":{"value":"2012-12-01"},"code":{"coding":[{"system":{"value":"http://snomed.info/sct"},"code":{"value":"363346000"},"display":{"value":"Malignant tumor"}}]},"category":{"coding":[{"system":{"value":"http://hl7.org/fhir/condition-category"},"code":{"value":"diagnose"}}]},"status":{"value":"confirmed"},"certainty":{"coding":[{"system":{"value":"http://snomed.info/sct"},"code":{"value":"17162000"},"display":{"value":"Certain"}}]},"severity":{"coding":[{"system":{"value":"http://snomed.info/sct"},"code":{"value":"24484000"},"display":{"value":"Severe"}}]},"onsetQuantity":{"value":{"value":"52"},"units":{"value":"years"},"system":{"value":"http://snomed.info/sct"},"code":{"value":"258707000"}},"evidence":[{"detail":[{"type":{"value":"DiagnosticReport"},"reference":{"value":"diagnosticreport/@f201"},"display":{"value":"Erasmus' diagnostic report of Roel's tumor"}}]}],"location":[{"code":{"coding":[{"system":{"value":"http://snomed.info/sct"},"code":{"value":"361355005"},"display":{"value":"Head and neck"}}]}}]}}