<?xml version="1.0" encoding="UTF-8"?><Condition xmlns="http://hl7.org/fhir">
    <subject>
        <type value="Patient"/>
        <reference value="patient/@f001"/>
        <display value="P. van de Heuvel"/>
    </subject>
    <encounter>
        <type value="Encounter"/>
        <reference value="encounter/@f002"/>
    </encounter>
    <asserter>
        <type value="Patient"/>
        <reference value="patient/@f001"/>
        <display value="P. van de Heuvel"/>
    </asserter>
    <dateAsserted value="2012-06-03"/>
    <code>
        <coding>
            <system value="http://snomed.info/sct"/>
            <code value="254637007"/>
            <display value="NSCLC - Non-small cell lung cancer"/>
        </coding>
    </code>
    <category>
        <coding>
            <system value="http://snomed.info/sct"/>
            <code value="diagnosis"/>
            <display value="439401001"/>
        </coding>
    </category>
    <status value="confirmed"/>
    <severity>
        <coding>
            <system value="http://snomed.info/sct"/>
            <code value="24484000"/>
            <display value="Severe"/>
        </coding>
    </severity>
    <onsetDate value="2011-05-05"/>
    <stage>
        <summary>
            <coding>
                <system value="http://snomed.info/sct"/>
                <code value="stage II"/>
                <display value="258219007"/>
            </coding>
        </summary>
    </stage>
    <evidence>
        <code>
            <coding>
                <system value="http://snomed.info/sct"/>
                <code value="169069000"/>
                <display value="CT of thorax"/>
            </coding>
        </code>
    </evidence>
    <location>
        <code>
            <coding>
                <system value="http://snomed.info/sct"/>
                <code value="51185008"/>
                <display value="Thorax"/>    
            </coding>
        </code>
        <detail value="lung"/>
    </location>
</Condition>