<?xml version="1.0" encoding="UTF-8"?>

<Profile xmlns="http://hl7.org/fhir">
  <text>
    <status value="generated"/><div xmlns="http://www.w3.org/1999/xhtml"><pre>
&lt;<a title="Use to record detailed information about conditions, problems or diagnoses recognized by a clinician. There are many uses including: recording a Diagnosis during an Encounter; populating a problem List or a Summary Statement, such as a Discharge Summary." class="dict" href="condition-definitions.htm#Condition"><b>Condition</b></a> xmlns=&quot;http://hl7.org/fhir&quot;&gt;
 &lt;!-- from <a href="resources.htm">Resource</a>: <a href="extensibility.htm">extension</a>, <a href="narrative.htm#Narrative">narrative</a>, and <a href="references.htm#contained">contained</a> --&gt;
 &lt;<a title="Subject of this condition." class="dict" href="condition-definitions.htm#Condition.subject"><b>subject</b></a>&gt;<span style="color: Gray">&lt;!--</span> <span style="color: brown"><b>1..1</b></span> <span style="color: darkgreen"><a href="references.htm#Resource">Resource</a>(<a href="patient.htm#Patient">Patient</a>)</span> <span style="color: navy">Subject of this condition</span><span style="color: Gray"> --&gt;</span>&lt;/subject&gt;
 &lt;<a title="Encounter during which the condition was first asserted." class="dict" href="condition-definitions.htm#Condition.encounter"><b>encounter</b></a>&gt;<span style="color: Gray">&lt;!--</span> <span style="color: brown"><b>0..1</b></span> <span style="color: darkgreen"><a href="references.htm#Resource">Resource</a>(<a href="encounter.htm#Encounter">Encounter</a>)</span> <span style="color: navy">Encounter during which the condition was first asserted</span><span style="color: Gray"> --&gt;</span>&lt;/encounter&gt;
 &lt;<a title="Person who takes responsibility for asserting the existence of the condition as part of the electronic record." class="dict" href="condition-definitions.htm#Condition.asserter"><b>asserter</b></a>&gt;<span style="color: Gray">&lt;!--</span> <span style="color: brown"><b>0..1</b></span> <span style="color: darkgreen"><a href="references.htm#Resource">Resource</a>(<a href="practitioner.htm#Practitioner">Practitioner</a>|<a href="patient.htm#Patient">Patient</a>)</span> <span style="color: navy">Person who asserts this condition</span><span style="color: Gray"> --&gt;</span>&lt;/asserter&gt;
 &lt;<a title="Estimated or actual date the condition/problem/diagnosis was first detected/suspected." class="dict" href="condition-definitions.htm#Condition.dateAsserted"><b>dateAsserted</b></a> value=&quot;[<span style="color: darkgreen"><a href="datatypes.htm#date">date</a></span>]&quot;/&gt;<span style="color: Gray">&lt;!--</span> <span style="color: brown"><b>0..1</b></span> <span style="color: navy">When first detected/suspected/entered</span><span style="color: Gray"> --&gt;</span>
 &lt;<a title="Identification of the condition, problem or diagnosis." class="dict" href="condition-definitions.htm#Condition.code"><b>code</b></a>&gt;<span style="color: Gray">&lt;!--</span> <span style="color: brown"><b>1..1</b></span> <span style="color: darkgreen"><a href="datatypes.htm#CodeableConcept">CodeableConcept</a></span> <span style="color: navy"><a style="color: navy" href="valueset-condition-code.htm">Identification of the condition, problem or diagnosis</a></span><span style="color: Gray"> --&gt;</span>&lt;/code&gt;
 &lt;<a title="A category assigned to the condition. E.g. finding | Condition | diagnosis | concern | condition." class="dict" href="condition-definitions.htm#Condition.category"><b>category</b></a>&gt;<span style="color: Gray">&lt;!--</span> <span style="color: brown"><b>0..1</b></span> <span style="color: darkgreen"><a href="datatypes.htm#CodeableConcept">CodeableConcept</a></span> <span style="color: navy"><a style="color: navy" href="valueset-condition-category.htm">E.g. complaint | symptom | finding | diagnosis</a></span><span style="color: Gray"> --&gt;</span>&lt;/category&gt;
 &lt;<a title="The clinical status of the condition (this element modifies the meaning of other elements)" class="dict" href="condition-definitions.htm#Condition.status"><span style="text-decoration: underline"><b>status</b></span></a> value=&quot;[<span style="color: darkgreen"><a href="datatypes.htm#code">code</a></span>]&quot;/&gt;<span style="color: Gray">&lt;!--</span> <span style="color: brown"><b>1..1</b></span> <span style="color: navy"><a style="color: navy" href="condition-status.htm">provisional | working | confirmed | refuted</a></span><span style="color: Gray"> --&gt;</span>
 &lt;<a title="The degree of confidence that this condition is correct (this element modifies the meaning of other elements)" class="dict" href="condition-definitions.htm#Condition.certainty"><span style="text-decoration: underline"><b>certainty</b></span></a>&gt;<span style="color: Gray">&lt;!--</span> <span style="color: brown"><b>0..1</b></span> <span style="color: darkgreen"><a href="datatypes.htm#CodeableConcept">CodeableConcept</a></span> <span style="color: navy"><a style="color: navy" href="valueset-condition-certainty.htm">Degree of confidence</a></span><span style="color: Gray"> --&gt;</span>&lt;/certainty&gt;
 &lt;<a title="A subjective assessment of the severity of the condition as evaluated by the clinician." class="dict" href="condition-definitions.htm#Condition.severity"><b>severity</b></a>&gt;<span style="color: Gray">&lt;!--</span> <span style="color: brown"><b>0..1</b></span> <span style="color: darkgreen"><a href="datatypes.htm#CodeableConcept">CodeableConcept</a></span> <span style="color: navy"><a style="color: navy" href="valueset-condition-severity.htm">Subjective severity of condition</a></span><span style="color: Gray"> --&gt;</span>&lt;/severity&gt;
 &lt;<a title="Estimated or actual date the condition began, in the opinion of the clinician." class="dict" href="condition-definitions.htm#Condition.onset_x_"><b>onset[x]</b></a>&gt;<span style="color: Gray">&lt;!--</span> <span style="color: brown"><b>0..1</b></span> <span style="color: darkgreen"><a href="datatypes.htm#date">date</a>|<a href="datatypes.htm#Age">Age</a></span> <span style="color: navy">Estimated or actual date, or age</span><span style="color: Gray"> --&gt;</span>&lt;/onset[x]&gt;
 &lt;<a title="The date or estimated date that the condition resolved or went into remission. This is called &quot;abatement&quot; because of the many overloaded connotations associated with &quot;remission&quot; or &quot;resolution&quot; - Conditions are never really resolved, but they can abate." class="dict" href="condition-definitions.htm#Condition.abatement_x_"><b>abatement[x]</b></a>&gt;<span style="color: Gray">&lt;!--</span> <span style="color: brown"><b>0..1</b></span> <span style="color: darkgreen"><a href="datatypes.htm#date">date</a>|<a href="datatypes.htm#Age">Age</a>|<a href="datatypes.htm#boolean">boolean</a></span> <span style="color: navy">If/when in resolution/remission</span><span style="color: Gray"> --&gt;</span>&lt;/abatement[x]&gt;
 &lt;<a title="Clinical stage or grade of a condition. May include formal severity assessments." class="dict" href="condition-definitions.htm#Condition.stage"><b>stage</b></a>&gt;  <span style="color: Gray">&lt;!-- <span style="color: brown"><b>0..1</b></span> Stage/grade, usually assessed formally --&gt;</span>
  &lt;<a title="A simple summary of the stage such as &quot;Stage 3&quot;. The determination of the stage is disease-specific." class="dict" href="condition-definitions.htm#Condition.stage.summary"><b>summary</b></a>&gt;<span style="color: Gray">&lt;!--</span> <span title="Inv-1: Stage must have summary or assessment" style="color: deeppink"><b>0..1</b></span> <span style="color: darkgreen"><a href="datatypes.htm#CodeableConcept">CodeableConcept</a></span> <span style="color: navy">Simple summary (disease specific)</span><span style="color: Gray"> --&gt;</span>&lt;/summary&gt;
  &lt;<a title="Reference to a formal record of the evidence on which the staging assessment is based." class="dict" href="condition-definitions.htm#Condition.stage.assessment"><b>assessment</b></a>&gt;<span style="color: Gray">&lt;!--</span> <span title="Inv-1: Stage must have summary or assessment" style="color: deeppink"><b>0..*</b></span> <span style="color: darkgreen"><a href="references.htm#Resource">Resource</a>(<a href="resourcelist.htm">Any</a>)</span> <span style="color: navy">Formal record of assessment</span><span style="color: Gray"> --&gt;</span>&lt;/assessment&gt;
 &lt;/stage&gt;
 &lt;<a title="Supporting Evidence / manifestations that are the basis on which this condition is suspected or confirmed." class="dict" href="condition-definitions.htm#Condition.evidence"><b>evidence</b></a>&gt;  <span style="color: Gray">&lt;!-- <span style="color: brown"><b>0..*</b></span> Supporting evidence --&gt;</span>
  &lt;<a title="A manifestation or symptom that led to the recording of this condition." class="dict" href="condition-definitions.htm#Condition.evidence.code"><b>code</b></a>&gt;<span style="color: Gray">&lt;!--</span> <span title="Inv-2: evidence must have code or details" style="color: deeppink"><b>0..1</b></span> <span style="color: darkgreen"><a href="datatypes.htm#CodeableConcept">CodeableConcept</a></span> <span style="color: navy">Manifestation/symptom</span><span style="color: Gray"> --&gt;</span>&lt;/code&gt;
  &lt;<a title="Links to other relevant information, including pathology reports." class="dict" href="condition-definitions.htm#Condition.evidence.detail"><b>detail</b></a>&gt;<span style="color: Gray">&lt;!--</span> <span title="Inv-2: evidence must have code or details" style="color: deeppink"><b>0..*</b></span> <span style="color: darkgreen"><a href="references.htm#Resource">Resource</a>(<a href="resourcelist.htm">Any</a>)</span> <span style="color: navy">Supporting information found elsewhere</span><span style="color: Gray"> --&gt;</span>&lt;/detail&gt;
 &lt;/evidence&gt;
 &lt;<a title="The anatomical location where this condition manifests itself." class="dict" href="condition-definitions.htm#Condition.location"><b>location</b></a>&gt;  <span style="color: Gray">&lt;!-- <span style="color: brown"><b>0..*</b></span> Anatomical location, if relevant --&gt;</span>
  &lt;<a title="Code that identifies the structural location." class="dict" href="condition-definitions.htm#Condition.location.code"><b>code</b></a>&gt;<span style="color: Gray">&lt;!--</span> <span title="Inv-3: location must have code or details" style="color: deeppink"><b>0..1</b></span> <span style="color: darkgreen"><a href="datatypes.htm#CodeableConcept">CodeableConcept</a></span> <span style="color: navy">Location - may include laterality</span><span style="color: Gray"> --&gt;</span>&lt;/code&gt;
  &lt;<a title="Detailed anatomical location information." class="dict" href="condition-definitions.htm#Condition.location.detail"><b>detail</b></a> value=&quot;[<span style="color: darkgreen"><a href="datatypes.htm#string">string</a></span>]&quot;/&gt;<span style="color: Gray">&lt;!--</span> <span title="Inv-3: location must have code or details" style="color: deeppink"><b>0..1</b></span> <span style="color: navy">Precise location details</span><span style="color: Gray"> --&gt;</span>
 &lt;/location&gt;
 &lt;<a title="Further conditions, problems, diagnoses, procedures or events that are related in some way to this condition, or the substance that caused/triggered this Condition." class="dict" href="condition-definitions.htm#Condition.relatedItem"><b>relatedItem</b></a>&gt;  <span style="color: Gray">&lt;!-- <span style="color: brown"><b>0..*</b></span> Causes or precedents for this Condition --&gt;</span>
  &lt;<a title="The type of relationship that this condition has to the related item." class="dict" href="condition-definitions.htm#Condition.relatedItem.type"><b>type</b></a> value=&quot;[<span style="color: darkgreen"><a href="datatypes.htm#code">code</a></span>]&quot;/&gt;<span style="color: Gray">&lt;!--</span> <span style="color: brown"><b>1..1</b></span> <span style="color: navy"><a style="color: navy" href="condition-relationship-type.htm">due-to | follows</a></span><span style="color: Gray"> --&gt;</span>
  &lt;<a title="Code that identifies the target of this relationship. The code takes the place of a detailed instance target." class="dict" href="condition-definitions.htm#Condition.relatedItem.code"><b>code</b></a>&gt;<span style="color: Gray">&lt;!--</span> <span title="Inv-4: Relationship must have either a code or a target" style="color: deeppink"><b>0..1</b></span> <span style="color: darkgreen"><a href="datatypes.htm#CodeableConcept">CodeableConcept</a></span> <span style="color: navy"><a style="color: navy" href="valueset-condition-code.htm">Relationship target by means of a predefined code</a></span><span style="color: Gray"> --&gt;</span>&lt;/code&gt;
  &lt;<a title="Target of the relationship." class="dict" href="condition-definitions.htm#Condition.relatedItem.target"><b>target</b></a>&gt;<span style="color: Gray">&lt;!--</span> <span title="Inv-4: Relationship must have either a code or a target" style="color: deeppink"><b>0..1</b></span> <span style="color: darkgreen"><a href="references.htm#Resource">Resource</a>(<a href="condition.htm#Condition">Condition</a>|<a href="procedure.htm#Procedure">Procedure</a>|<a href="substance.htm#Substance">Substance</a>)</span> <span style="color: navy">Relationship target resource</span><span style="color: Gray"> --&gt;</span>&lt;/target&gt;
 &lt;/relatedItem&gt;
 &lt;<a title="Additional information about the Condition. This is a general notes/comments entry  for description of the Condition, its diagnosis and prognosis." class="dict" href="condition-definitions.htm#Condition.notes"><b>notes</b></a> value=&quot;[<span style="color: darkgreen"><a href="datatypes.htm#string">string</a></span>]&quot;/&gt;<span style="color: Gray">&lt;!--</span> <span style="color: brown"><b>0..1</b></span> <span style="color: navy">Additional information about the Condition</span><span style="color: Gray"> --&gt;</span>
&lt;/Condition&gt;
</pre></div>
  </text>
  <name value="condition"/>
  <publisher value="FHIR Project"/>
  <description value="Basic Profile. Use to record detailed information about conditions, problems or diagnoses recognized by a clinician. There are many uses including: recording a Diagnosis during an Encounter; populating a problem List or a Summary Statement, such as a Discharge Summary."/>
  <status value="draft"/>
  <date value="2014-01-31"/>
  <structure>
    <type value="Condition"/>
    <publish value="true"/>
    <element>
      <path value="Condition"/>
      <definition>
        <short value="Detailed information about conditions, problems or diagnoses"/>
        <formal value="Use to record detailed information about conditions, problems or diagnoses recognized by a clinician. There are many uses including: recording a Diagnosis during an Encounter; populating a problem List or a Summary Statement, such as a Discharge Summary."/>
        <min value="1"/>
        <max value="1"/>
        <type>
          <code value="Resource"/>
        </type>
        <isModifier value="false"/>
        <mapping>
          <target value="http://hl7.org/v2"/>
          <map value="PPR message"/>
        </mapping>
      </definition>
    </element>
    <element>
      <path value="Condition.extension"/>
      <definition>
        <short value="Additional Content defined by implementations"/>
        <formal value="May be used to represent additional information that is not part of the basic definition of the resource. In order to make the use of extensions safe and manageable, there is a strict governance applied to the definition and use of extensions. Though any implementer is allowed to define an extension, there is a set of requirements that must be met as part of the definition of the extension."/>
        <comments value="there can be no stigma
associated with the use of extensions by any application, project, or standard - regardless of the institution or jurisdiction that uses or defines the extensions.  The use of extensions is what allows the FHIR specification to retain a core simplicity for everyone."/>
        <synonym value="extensions"/>
        <synonym value="user content"/>
        <min value="0"/>
        <max value="*"/>
        <type>
          <code value="Extension"/>
        </type>
        <isModifier value="false"/>
      </definition>
    </element>
    <element>
      <path value="Condition.text"/>
      <definition>
        <short value="Text summary of the resource, for human interpretation"/>
        <formal value="A human readable narrative that contains a summary of the resource, and may be used to represent the content of the resource to a human. The narrative need not encode all the structured data, but is required to contain sufficient detail to make it &quot;clinically safe&quot; for a human to just read the narrative. Resource definitions may define what content should be represented in the narrative to ensure clinical safety."/>
        <comments value="Contained resources do not have narrative. Resources that are not contained SHOULD have a narrative."/>
        <synonym value="narrative"/>
        <synonym value="html"/>
        <synonym value="xhtml"/>
        <synonym value="display"/>
        <min value="0"/>
        <max value="1"/>
        <type>
          <code value="Narrative"/>
        </type>
        <isModifier value="false"/>
      </definition>
    </element>
    <element>
      <path value="Condition.contained"/>
      <definition>
        <short value="Contained, inline Resources"/>
        <formal value="These resources do not have an independent existence apart from the resource that contains them - they cannot be identified independently, and nor can they have their own independent transaction scope."/>
        <comments value="This should never be done when the content can be identified properly, as once identification is lost, it is extremely difficult (and context dependent) to restore it again."/>
        <synonym value="inline resources"/>
        <synonym value="anonymous resources"/>
        <synonym value="contained resources"/>
        <min value="0"/>
        <max value="*"/>
        <type>
          <code value="Resource"/>
        </type>
        <isModifier value="false"/>
      </definition>
    </element>
    <element>
      <path value="Condition.subject"/>
      <definition>
        <short value="Subject of this condition"/>
        <formal value="Subject of this condition."/>
        <min value="1"/>
        <max value="1"/>
        <type>
          <code value="Resource(Patient)"/>
        </type>
        <isModifier value="false"/>
        <mapping>
          <target value="http://hl7.org/v2"/>
          <map value="PID-3"/>
        </mapping>
      </definition>
    </element>
    <element>
      <path value="Condition.encounter"/>
      <definition>
        <short value="Encounter during which the condition was first asserted"/>
        <formal value="Encounter during which the condition was first asserted."/>
        <min value="0"/>
        <max value="1"/>
        <type>
          <code value="Resource(Encounter)"/>
        </type>
        <isModifier value="false"/>
        <mapping>
          <target value="http://hl7.org/v2"/>
          <map value="PV1-19 (+PV1-54)"/>
        </mapping>
      </definition>
    </element>
    <element>
      <path value="Condition.asserter"/>
      <definition>
        <short value="Person who asserts this condition"/>
        <formal value="Person who takes responsibility for asserting the existence of the condition as part of the electronic record."/>
        <min value="0"/>
        <max value="1"/>
        <type>
          <code value="Resource(Practitioner|Patient)"/>
        </type>
        <isModifier value="false"/>
        <mapping>
          <target value="http://hl7.org/v2"/>
          <map value="REL-7.1 identifier + REL-7.12 type code"/>
        </mapping>
      </definition>
    </element>
    <element>
      <path value="Condition.dateAsserted"/>
      <definition>
        <short value="When first detected/suspected/entered"/>
        <formal value="Estimated or actual date the condition/problem/diagnosis was first detected/suspected."/>
        <min value="0"/>
        <max value="1"/>
        <type>
          <code value="date"/>
        </type>
        <isModifier value="false"/>
        <mapping>
          <target value="http://hl7.org/v2"/>
          <map value="REL-11"/>
        </mapping>
      </definition>
    </element>
    <element>
      <path value="Condition.code"/>
      <definition>
        <short value="Identification of the condition, problem or diagnosis"/>
        <formal value="Identification of the condition, problem or diagnosis."/>
        <min value="1"/>
        <max value="1"/>
        <type>
          <code value="CodeableConcept"/>
        </type>
        <isModifier value="false"/>
        <binding value="ConditionCode"/>
        <mapping>
          <target value="http://hl7.org/v2"/>
          <map value="PRB-3"/>
        </mapping>
      </definition>
    </element>
    <element>
      <path value="Condition.category"/>
      <definition>
        <short value="E.g. complaint | symptom | finding | diagnosis"/>
        <formal value="A category assigned to the condition. E.g. finding | Condition | diagnosis | concern | condition."/>
        <comments value="The categorization is often highly contextual and may appear poorly differentiated or not very useful in other contexts."/>
        <min value="0"/>
        <max value="1"/>
        <type>
          <code value="CodeableConcept"/>
        </type>
        <isModifier value="false"/>
        <binding value="ConditionCategory"/>
        <mapping>
          <target value="http://hl7.org/v2"/>
          <map value="&#39;problem&#39; if from PRB-3. &#39;diagnosis&#39; if from DG1 segment in PV1 message"/>
        </mapping>
      </definition>
    </element>
    <element>
      <path value="Condition.status"/>
      <definition>
        <short value="provisional | working | confirmed | refuted"/>
        <formal value="The clinical status of the condition."/>
        <min value="1"/>
        <max value="1"/>
        <type>
          <code value="code"/>
        </type>
        <isModifier value="true"/>
        <binding value="ConditionStatus"/>
        <mapping>
          <target value="http://hl7.org/v2"/>
          <map value="PRB-14 / DG1-6"/>
        </mapping>
      </definition>
    </element>
    <element>
      <path value="Condition.certainty"/>
      <definition>
        <short value="Degree of confidence"/>
        <formal value="The degree of confidence that this condition is correct."/>
        <comments value="May be a percentage."/>
        <min value="0"/>
        <max value="1"/>
        <type>
          <code value="CodeableConcept"/>
        </type>
        <isModifier value="true"/>
        <binding value="ConditionCertainty"/>
        <mapping>
          <target value="http://hl7.org/v2"/>
          <map value="PRB-19"/>
        </mapping>
      </definition>
    </element>
    <element>
      <path value="Condition.severity"/>
      <definition>
        <short value="Subjective severity of condition"/>
        <formal value="A subjective assessment of the severity of the condition as evaluated by the clinician."/>
        <comments value="Coding of the severity with a terminology is preferred, where possible."/>
        <min value="0"/>
        <max value="1"/>
        <type>
          <code value="CodeableConcept"/>
        </type>
        <isModifier value="false"/>
        <binding value="ConditionSeverity"/>
        <mapping>
          <target value="http://hl7.org/v2"/>
          <map value="PRB-26 / ABS-3"/>
        </mapping>
      </definition>
    </element>
    <element>
      <path value="Condition.onset[x]"/>
      <definition>
        <short value="Estimated or actual date, or age"/>
        <formal value="Estimated or actual date the condition began, in the opinion of the clinician."/>
        <comments value="Age is generally used when the patient reports an age at which the Condition began to occur."/>
        <min value="0"/>
        <max value="1"/>
        <type>
          <code value="date"/>
        </type>
        <type>
          <code value="Age"/>
        </type>
        <isModifier value="false"/>
        <mapping>
          <target value="http://hl7.org/v2"/>
          <map value="PRB-16"/>
        </mapping>
      </definition>
    </element>
    <element>
      <path value="Condition.abatement[x]"/>
      <definition>
        <short value="If/when in resolution/remission"/>
        <formal value="The date or estimated date that the condition resolved or went into remission. This is called &quot;abatement&quot; because of the many overloaded connotations associated with &quot;remission&quot; or &quot;resolution&quot; - Conditions are never really resolved, but they can abate."/>
        <comments value="There is no explicit distinction between resolution and remission because in many cases the distinction is not clear. Age is generally used when the patient reports an age at which the Condition abated.

If there is no abatement element, it is unknown whether the condition has resolved or entered remission; applications and users should generally assume that the condition is still valid."/>
        <min value="0"/>
        <max value="1"/>
        <type>
          <code value="date"/>
        </type>
        <type>
          <code value="Age"/>
        </type>
        <type>
          <code value="boolean"/>
        </type>
        <isModifier value="false"/>
      </definition>
    </element>
    <element>
      <path value="Condition.stage"/>
      <definition>
        <short value="Stage/grade, usually assessed formally"/>
        <formal value="Clinical stage or grade of a condition. May include formal severity assessments."/>
        <min value="0"/>
        <max value="1"/>
        <constraint>
          <key value="1"/>
          <name value="Stage rule"/>
          <severity value="error"/>
          <human value="Stage must have summary or assessment"/>
          <xpath value="exists(f:summary) or exists(f:assessment)"/>
        </constraint>
        <isModifier value="false"/>
      </definition>
    </element>
    <element>
      <path value="Condition.stage.summary"/>
      <definition>
        <short value="Simple summary (disease specific)"/>
        <formal value="A simple summary of the stage such as &quot;Stage 3&quot;. The determination of the stage is disease-specific."/>
        <min value="0"/>
        <max value="1"/>
        <type>
          <code value="CodeableConcept"/>
        </type>
        <isModifier value="false"/>
      </definition>
    </element>
    <element>
      <path value="Condition.stage.assessment"/>
      <definition>
        <short value="Formal record of assessment"/>
        <formal value="Reference to a formal record of the evidence on which the staging assessment is based."/>
        <min value="0"/>
        <max value="*"/>
        <type>
          <code value="Resource(Any)"/>
        </type>
        <isModifier value="false"/>
      </definition>
    </element>
    <element>
      <path value="Condition.evidence"/>
      <definition>
        <short value="Supporting evidence"/>
        <formal value="Supporting Evidence / manifestations that are the basis on which this condition is suspected or confirmed."/>
        <comments value="The evidence may be a simple lost of coded symptoms/manifestations, or references to observations or formal assessments, or both."/>
        <min value="0"/>
        <max value="*"/>
        <constraint>
          <key value="2"/>
          <name value="Evidence"/>
          <severity value="error"/>
          <human value="evidence must have code or details"/>
          <xpath value="exists(f:code) or exists(f:detail)"/>
        </constraint>
        <isModifier value="false"/>
      </definition>
    </element>
    <element>
      <path value="Condition.evidence.code"/>
      <definition>
        <short value="Manifestation/symptom"/>
        <formal value="A manifestation or symptom that led to the recording of this condition."/>
        <min value="0"/>
        <max value="1"/>
        <type>
          <code value="CodeableConcept"/>
        </type>
        <isModifier value="false"/>
      </definition>
    </element>
    <element>
      <path value="Condition.evidence.detail"/>
      <definition>
        <short value="Supporting information found elsewhere"/>
        <formal value="Links to other relevant information, including pathology reports."/>
        <min value="0"/>
        <max value="*"/>
        <type>
          <code value="Resource(Any)"/>
        </type>
        <isModifier value="false"/>
      </definition>
    </element>
    <element>
      <path value="Condition.location"/>
      <definition>
        <short value="Anatomical location, if relevant"/>
        <formal value="The anatomical location where this condition manifests itself."/>
        <comments value="May be a summary code, or a reference to a very precise definition of the location, or both."/>
        <min value="0"/>
        <max value="*"/>
        <constraint>
          <key value="3"/>
          <name value="Location"/>
          <severity value="error"/>
          <human value="location must have code or details"/>
          <xpath value="exists(f:code) or exists(f:detail)"/>
        </constraint>
        <isModifier value="false"/>
      </definition>
    </element>
    <element>
      <path value="Condition.location.code"/>
      <definition>
        <short value="Location - may include laterality"/>
        <formal value="Code that identifies the structural location."/>
        <comments value="May include laterality."/>
        <min value="0"/>
        <max value="1"/>
        <type>
          <code value="CodeableConcept"/>
        </type>
        <isModifier value="false"/>
      </definition>
    </element>
    <element>
      <path value="Condition.location.detail"/>
      <definition>
        <short value="Precise location details"/>
        <formal value="Detailed anatomical location information."/>
        <min value="0"/>
        <max value="1"/>
        <type>
          <code value="string"/>
        </type>
        <isModifier value="false"/>
      </definition>
    </element>
    <element>
      <path value="Condition.relatedItem"/>
      <definition>
        <short value="Causes or precedents for this Condition"/>
        <formal value="Further conditions, problems, diagnoses, procedures or events that are related in some way to this condition, or the substance that caused/triggered this Condition."/>
        <comments value="Although a condition may be caused by a substance, this is not intended to be used to record allergies/adverse reactions to substances."/>
        <min value="0"/>
        <max value="*"/>
        <constraint>
          <key value="4"/>
          <name value="Relationship"/>
          <severity value="error"/>
          <human value="Relationship must have either a code or a target"/>
          <xpath value="exists(f:code) != exists(f:target)"/>
        </constraint>
        <isModifier value="false"/>
        <mapping>
          <target value="http://hl7.org/v2"/>
          <map value="could infer from presence of multiple PRB segments in a PPR message that the problems are related, but not clear how to communicate the nature of the relationship"/>
        </mapping>
      </definition>
    </element>
    <element>
      <path value="Condition.relatedItem.type"/>
      <definition>
        <short value="due-to | follows"/>
        <formal value="The type of relationship that this condition has to the related item."/>
        <min value="1"/>
        <max value="1"/>
        <type>
          <code value="code"/>
        </type>
        <isModifier value="false"/>
        <binding value="ConditionRelationshipType"/>
      </definition>
    </element>
    <element>
      <path value="Condition.relatedItem.code"/>
      <definition>
        <short value="Relationship target by means of a predefined code"/>
        <formal value="Code that identifies the target of this relationship. The code takes the place of a detailed instance target."/>
        <min value="0"/>
        <max value="1"/>
        <type>
          <code value="CodeableConcept"/>
        </type>
        <isModifier value="false"/>
        <binding value="ConditionFinding"/>
      </definition>
    </element>
    <element>
      <path value="Condition.relatedItem.target"/>
      <definition>
        <short value="Relationship target resource"/>
        <formal value="Target of the relationship."/>
        <min value="0"/>
        <max value="1"/>
        <type>
          <code value="Resource(Condition|Procedure|Substance)"/>
        </type>
        <isModifier value="false"/>
      </definition>
    </element>
    <element>
      <path value="Condition.notes"/>
      <definition>
        <short value="Additional information about the Condition"/>
        <formal value="Additional information about the Condition. This is a general notes/comments entry  for description of the Condition, its diagnosis and prognosis."/>
        <min value="0"/>
        <max value="1"/>
        <type>
          <code value="string"/>
        </type>
        <isModifier value="false"/>
        <mapping>
          <target value="http://hl7.org/v2"/>
          <map value="NTE child of PRB"/>
        </mapping>
      </definition>
    </element>
  </structure>
  <binding>
    <name value="ConditionFinding"/>
    <isExtensible value="true"/>
    <conformance value="example"/>
    <referenceResource>
      <type value="ValueSet"/>
      <reference value="http://hl7.org/fhir/vs/condition-code"/>
    </referenceResource>
  </binding>
  <binding>
    <name value="ConditionCategory"/>
    <isExtensible value="true"/>
    <conformance value="preferred"/>
    <referenceResource>
      <type value="ValueSet"/>
      <reference value="http://hl7.org/fhir/vs/condition-category"/>
    </referenceResource>
  </binding>
  <binding>
    <name value="ConditionCode"/>
    <isExtensible value="true"/>
    <conformance value="example"/>
    <referenceResource>
      <type value="ValueSet"/>
      <reference value="http://hl7.org/fhir/vs/condition-code"/>
    </referenceResource>
  </binding>
  <binding>
    <name value="ConditionStatus"/>
    <conformance value="required"/>
    <referenceResource>
      <type value="ValueSet"/>
      <reference value="http://hl7.org/fhir/vs/condition-status"/>
    </referenceResource>
  </binding>
  <binding>
    <name value="ConditionCertainty"/>
    <isExtensible value="true"/>
    <conformance value="example"/>
    <referenceResource>
      <type value="ValueSet"/>
      <reference value="http://hl7.org/fhir/vs/condition-certainty"/>
    </referenceResource>
  </binding>
  <binding>
    <name value="ConditionRelationshipType"/>
    <conformance value="required"/>
    <referenceResource>
      <type value="ValueSet"/>
      <reference value="http://hl7.org/fhir/vs/condition-relationship-type"/>
    </referenceResource>
  </binding>
  <binding>
    <name value="ConditionSeverity"/>
    <isExtensible value="true"/>
    <conformance value="example"/>
    <referenceResource>
      <type value="ValueSet"/>
      <reference value="http://hl7.org/fhir/vs/condition-severity"/>
    </referenceResource>
  </binding>
</Profile>