{"ValueSet":{"text":{"status":{"value":"generated"},"div":"<div><h2>ConditionStatus<\/h2><p>The clinical status of the Condition or diagnosis<\/p><p>This value set defines it's own terms in the system http://hl7.org/fhir/condition-status<\/p><table><tr><td><b>Code<\/b><\/td><td><b>Display<\/b><\/td><td><b>Definition<\/b><\/td><\/tr><tr><td>provisional<\/td><td/><td>This is a tentative diagnosis - still a candidate that is under consideration.<\/td><\/tr><tr><td>working<\/td><td/><td>The patient is being treated on the basis that this is the condition, but it is still not confirmed.<\/td><\/tr><tr><td>confirmed<\/td><td/><td>There is sufficient diagnostic and/or clinical evidence to treat this as a confirmed condition.<\/td><\/tr><tr><td>refuted<\/td><td/><td>This condition has been ruled out by diagnostic and clinical evidence.<\/td><\/tr><\/table><\/div>"},"identifier":{"value":"http://hl7.org/fhir/vs/condition-status"},"name":{"value":"ConditionStatus"},"publisher":{"value":"HL7 (FHIR Project)"},"telecom":[{"system":{"value":"url"},"value":{"value":"http://hl7.org/fhir"}},{"system":{"value":"email"},"value":{"value":"fhir@lists.hl7.org"}}],"description":{"value":"The clinical status of the Condition or diagnosis"},"status":{"value":"draft"},"date":{"value":"2023-05-12T00:10:00"},"define":{"system":{"value":"http://hl7.org/fhir/condition-status"},"caseSensitive":{"value":true},"concept":[{"code":{"value":"provisional"},"definition":{"value":"This is a tentative diagnosis - still a candidate that is under consideration."}},{"code":{"value":"working"},"definition":{"value":"The patient is being treated on the basis that this is the condition, but it is still not confirmed."}},{"code":{"value":"confirmed"},"definition":{"value":"There is sufficient diagnostic and/or clinical evidence to treat this as a confirmed condition."}},{"code":{"value":"refuted"},"definition":{"value":"This condition has been ruled out by diagnostic and clinical evidence."}}]}}}