<?xml version="1.0" encoding="UTF-8"?><Condition xmlns="http://hl7.org/fhir">
    <subject>
        <type value="Patient"/>
        <reference value="patient/@f001"/>
        <display value="P. van de Heuvel"/>
    </subject>
    <encounter>
        <type value="Encounter"/>
        <reference value="encounter/@f003"/>
    </encounter>
    <asserter>
        <type value="Patient"/>
        <reference value="patient/@f001"/>
        <display value="P. van de Heuvel"/>
    </asserter>
    <dateAsserted value="2012-02-20"/> <!--  first suspected by physician visit  -->
    <code>
        <coding>
            <system value="http://snomed.info/sct"/>
            <code value="18099001"/>
            <display value="Retropharyngeal abscess"/>
        </coding>
    </code>
    <category>
        <coding>
            <system value="http://snomed.info/sct"/>
            <code value="diagnosis"/>
            <display value="439401001"/>
        </coding>
    </category>
    <status value="confirmed"/>
    <severity>
        <coding>
            <system value="http://snomed.info/sct"/>
            <code value="371923003"/>
            <display value="Mild to moderate"/>
        </coding>
    </severity>
    <onsetDate value="2012-02-27"/> <!--  actual diagnose be E.N.T. specialist  -->
    <evidence>
        <code>
            <coding>
                <system value="http://snomed.info/sct"/>
                <code value="169068008"/>
                <display value="CT of neck"/>
            </coding>
        </code>
    </evidence>
    <location>
        <code>
            <coding>
                <system value="http://snomed.info/sct"/>
                <code value="280193007"/>
                <display value="Entire retropharyngeal area"/>    
            </coding>
        </code>
    </location>
</Condition>