{"Condition":{"subject":{"type":{"value":"Patient"},"reference":{"value":"patient/@f001"},"display":{"value":"P. van de Heuvel"}},"encounter":{"type":{"value":"Encounter"},"reference":{"value":"encounter/@f002"}},"asserter":{"type":{"value":"Patient"},"reference":{"value":"patient/@f001"},"display":{"value":"P. van de Heuvel"}},"dateAsserted":{"value":"2012-06-03"},"code":{"coding":[{"system":{"value":"http://snomed.info/sct"},"code":{"value":"254637007"},"display":{"value":"NSCLC - Non-small cell lung cancer"}}]},"category":{"coding":[{"system":{"value":"http://snomed.info/sct"},"code":{"value":"diagnosis"},"display":{"value":"439401001"}}]},"status":{"value":"confirmed"},"severity":{"coding":[{"system":{"value":"http://snomed.info/sct"},"code":{"value":"24484000"},"display":{"value":"Severe"}}]},"onsetDate":{"value":"2011-05-05"},"stage":{"summary":{"coding":[{"system":{"value":"http://snomed.info/sct"},"code":{"value":"stage II"},"display":{"value":"258219007"}}]}},"evidence":[{"code":{"coding":[{"system":{"value":"http://snomed.info/sct"},"code":{"value":"169069000"},"display":{"value":"CT of thorax"}}]}}],"location":[{"code":{"coding":[{"system":{"value":"http://snomed.info/sct"},"code":{"value":"51185008"},"display":{"value":"Thorax"}}]},"detail":{"value":"lung"}}]}}