{"Condition":{"text":{"status":{"value":"generated"},"div":"<div>Severe burn of left ear (Date: 24-May 2012)<\/div>"},"subject":{"type":{"value":"Patient"},"reference":{"value":"patient/@example"}},"code":{"coding":[{"system":{"value":"http://snomed.info/sct"},"code":{"value":"39065001"},"display":{"value":"Burn of ear"}}],"text":{"value":"Burnt Ear"}},"category":{"coding":[{"system":{"value":"http://hl7.org/fhir/condition-category"},"code":{"value":"diagnosis"},"display":{"value":"Diagnosis"}},{"system":{"value":"http://snomed.info/sct"},"code":{"value":"439401001"},"display":{"value":"Diagnosis"}}]},"status":{"value":"confirmed"},"severity":{"coding":[{"system":{"value":"http://snomed.info/sct"},"code":{"value":"24484000"},"display":{"value":"Severe"}}]},"onsetDate":{"value":"2012-05-24"},"location":[{"code":{"coding":[{"system":{"value":"http://snomed.info/sct"},"code":{"value":"49521004"},"display":{"value":"Left external ear structure"}}],"text":{"value":"Left Ear"}}}]}}