{"ValueSet":{"text":{"status":{"value":"generated"},"div":"<div><h2>ConditionRelationshipType<\/h2><p>The type of relationship between a condition and its related item<\/p><p>This value set defines it's own terms in the system http://hl7.org/fhir/condition-relationship-type<\/p><table><tr><td><b>Code<\/b><\/td><td><b>Display<\/b><\/td><td><b>Definition<\/b><\/td><\/tr><tr><td>due-to<\/td><td/><td>this condition is a consequence of the identified condition/procedure/substance.<\/td><\/tr><tr><td>following<\/td><td/><td>this condition follows the identified condition/procedure/substance, but it is not known whether they are causually linked.<\/td><\/tr><\/table><\/div>"},"identifier":{"value":"http://hl7.org/fhir/vs/condition-relationship-type"},"name":{"value":"ConditionRelationshipType"},"publisher":{"value":"HL7 (FHIR Project)"},"telecom":[{"system":{"value":"url"},"value":{"value":"http://hl7.org/fhir"}},{"system":{"value":"email"},"value":{"value":"fhir@lists.hl7.org"}}],"description":{"value":"The type of relationship between a condition and its related item"},"status":{"value":"draft"},"date":{"value":"2023-05-12T00:10:00"},"define":{"system":{"value":"http://hl7.org/fhir/condition-relationship-type"},"caseSensitive":{"value":true},"concept":[{"code":{"value":"due-to"},"definition":{"value":"this condition is a consequence of the identified condition/procedure/substance."}},{"code":{"value":"following"},"definition":{"value":"this condition follows the identified condition/procedure/substance, but it is not known whether they are causually linked."}}]}}}