<?xml version="1.0" encoding="UTF-8"?>

<ValueSet xmlns="http://hl7.org/fhir">
  <text>
    <status value="generated"/>
    <div xmlns="http://www.w3.org/1999/xhtml">
      <h2>ConformanceStatementStatus</h2>
      <p>The status of this conformance statement</p>
      <p>This value set defines it&#39;s own terms in the system http://hl7.org/fhir/conformance-statement-status</p>
      <table>
        <tr>
          <td>
            <b>Code</b>
          </td>
          <td>
            <b>Display</b>
          </td>
          <td>
            <b>Definition</b>
          </td>
        </tr>
        <tr>
          <td>draft</td>
          <td/>
          <td>This conformance statement is still under development.</td>
        </tr>
        <tr>
          <td>active</td>
          <td/>
          <td>This conformance statement is ready for use in production systems.</td>
        </tr>
        <tr>
          <td>retired</td>
          <td/>
          <td>This conformance statement has been withdrawn or superceded and should no longer be used.</td>
        </tr>
      </table>
    </div>
  </text>
  <identifier value="http://hl7.org/fhir/vs/conformance-statement-status"/>
  <name value="ConformanceStatementStatus"/>
  <publisher value="HL7 (FHIR Project)"/>
  <telecom>
    <system value="url"/>
    <value value="http://hl7.org/fhir"/>
  </telecom>
  <telecom>
    <system value="email"/>
    <value value="fhir@lists.hl7.org"/>
  </telecom>
  <description value="The status of this conformance statement"/>
  <status value="draft"/>
  <date value="2023-05-12T00:10:00"/>
  <define>
    <system value="http://hl7.org/fhir/conformance-statement-status"/>
    <caseSensitive value="true"/>
    <concept>
      <code value="draft"/>
      <definition value="This conformance statement is still under development."/>
    </concept>
    <concept>
      <code value="active"/>
      <definition value="This conformance statement is ready for use in production systems."/>
    </concept>
    <concept>
      <code value="retired"/>
      <definition value="This conformance statement has been withdrawn or superceded and should no longer be used."/>
    </concept>
  </define>
</ValueSet>