{"Profile":{"text":{"status":{"value":"generated"},"div":"<div><pre>\r\n&lt;<a title=\"A conformance statement about how an application or implementation supports FHIR or the set of requirements for a desired implementation.\" class=\"dict\" href=\"conformance-definitions.htm#Conformance\"><b>Conformance<\/b><\/a> xmlns=&quot;http://hl7.org/fhir&quot;&gt;\r\n &lt;!-- from <a href=\"resources.htm\">Resource<\/a>: <a href=\"extensibility.htm\">extension<\/a>, <a href=\"narrative.htm#Narrative\">narrative<\/a>, and <a href=\"references.htm#contained\">contained<\/a> --&gt;\r\n &lt;<a title=\"The identifier that is used to identify this conformance statement when it is referenced in a specification, model, design or an instance (should be globally unique OID, UUID, or URI).\" class=\"dict\" href=\"conformance-definitions.htm#Conformance.identifier\"><b>identifier<\/b><\/a> value=&quot;[<span style=\"color: darkgreen\"><a href=\"datatypes.htm#string\">string<\/a><\/span>]&quot;/&gt;<span style=\"color: Gray\">&lt;!--<\/span> <span style=\"color: brown\"><b>0..1<\/b><\/span> <span style=\"color: navy\">Logical id to reference this statement<span title=\"This element is included in a summary view (See Search/Query)\" style=\"color: Navy\"> &sect;<\/span><\/span><span style=\"color: Gray\"> --&gt;<\/span>\r\n &lt;<a title=\"The identifier that is used to identify this version of the conformance statement when it is referenced in a specification, model, design or instance. This is an arbitrary value managed by the profile author manually and the value should be a timestamp.\" class=\"dict\" href=\"conformance-definitions.htm#Conformance.version\"><b>version<\/b><\/a> value=&quot;[<span style=\"color: darkgreen\"><a href=\"datatypes.htm#string\">string<\/a><\/span>]&quot;/&gt;<span style=\"color: Gray\">&lt;!--<\/span> <span style=\"color: brown\"><b>0..1<\/b><\/span> <span style=\"color: navy\">Logical id for this version of the statement<span title=\"This element is included in a summary view (See Search/Query)\" style=\"color: Navy\"> &sect;<\/span><\/span><span style=\"color: Gray\"> --&gt;<\/span>\r\n &lt;<a title=\"A free text natural language name identifying the conformance statement.\" class=\"dict\" href=\"conformance-definitions.htm#Conformance.name\"><b>name<\/b><\/a> value=&quot;[<span style=\"color: darkgreen\"><a href=\"datatypes.htm#string\">string<\/a><\/span>]&quot;/&gt;<span style=\"color: Gray\">&lt;!--<\/span> <span style=\"color: brown\"><b>0..1<\/b><\/span> <span style=\"color: navy\">Informal name for this conformance statement<span title=\"This element is included in a summary view (See Search/Query)\" style=\"color: Navy\"> &sect;<\/span><\/span><span style=\"color: Gray\"> --&gt;<\/span>\r\n &lt;<a title=\"Name of Organization.\" class=\"dict\" href=\"conformance-definitions.htm#Conformance.publisher\"><b>publisher<\/b><\/a> value=&quot;[<span style=\"color: darkgreen\"><a href=\"datatypes.htm#string\">string<\/a><\/span>]&quot;/&gt;<span style=\"color: Gray\">&lt;!--<\/span> <span style=\"color: brown\"><b>1..1<\/b><\/span> <span style=\"color: navy\">Publishing Organization<span title=\"This element is included in a summary view (See Search/Query)\" style=\"color: Navy\"> &sect;<\/span><\/span><span style=\"color: Gray\"> --&gt;<\/span>\r\n &lt;<a title=\"Contacts for Organization relevant to this conformance statement.  May be website, email, phone numbers, etc.\" class=\"dict\" href=\"conformance-definitions.htm#Conformance.telecom\"><b>telecom<\/b><\/a>&gt;<span style=\"color: Gray\">&lt;!--<\/span> <span style=\"color: brown\"><b>0..*<\/b><\/span> <span style=\"color: darkgreen\"><a href=\"datatypes.htm#Contact\">Contact<\/a><\/span> <span style=\"color: navy\">Contacts for Organization<span title=\"This element is included in a summary view (See Search/Query)\" style=\"color: Navy\"> &sect;<\/span><\/span><span style=\"color: Gray\"> --&gt;<\/span>&lt;/telecom&gt;\r\n &lt;<a title=\"A free text natural language description of the conformance statement and its use. Typically, this is used when the profile describes a desired rather than an actual solution, for example as a formal expression of requirements as part of an RFP.\" class=\"dict\" href=\"conformance-definitions.htm#Conformance.description\"><b>description<\/b><\/a> value=&quot;[<span style=\"color: darkgreen\"><a href=\"datatypes.htm#string\">string<\/a><\/span>]&quot;/&gt;<span style=\"color: Gray\">&lt;!--<\/span> <span title=\"Inv-2: Must have at least one of description, software, or implementation\" style=\"color: deeppink\"><b>0..1<\/b><\/span> <span style=\"color: navy\">Human description of the conformance statement<span title=\"This element is included in a summary view (See Search/Query)\" style=\"color: Navy\"> &sect;<\/span><\/span><span style=\"color: Gray\"> --&gt;<\/span>\r\n &lt;<a title=\"The status of this conformance statement (this element modifies the meaning of other elements)\" class=\"dict\" href=\"conformance-definitions.htm#Conformance.status\"><span style=\"text-decoration: underline\"><b>status<\/b><\/span><\/a> value=&quot;[<span style=\"color: darkgreen\"><a href=\"datatypes.htm#code\">code<\/a><\/span>]&quot;/&gt;<span style=\"color: Gray\">&lt;!--<\/span> <span style=\"color: brown\"><b>0..1<\/b><\/span> <span style=\"color: navy\"><a style=\"color: navy\" href=\"conformance-statement-status.htm\">draft | experimental | review | production | withdrawn | superseded<span title=\"This element is included in a summary view (See Search/Query)\" style=\"color: Navy\"> &sect;<\/span><\/a><\/span><span style=\"color: Gray\"> --&gt;<\/span>\r\n &lt;<a title=\"This conformance statement was authored for testing purposes (or education/evaluation/marketing), and is not intended to be used for genuine usage.\" class=\"dict\" href=\"conformance-definitions.htm#Conformance.experimental\"><b>experimental<\/b><\/a> value=&quot;[<span style=\"color: darkgreen\"><a href=\"datatypes.htm#boolean\">boolean<\/a><\/span>]&quot;/&gt;<span style=\"color: Gray\">&lt;!--<\/span> <span style=\"color: brown\"><b>0..1<\/b><\/span> <span style=\"color: navy\">If for testing purposes, not real usage<span title=\"This element is included in a summary view (See Search/Query)\" style=\"color: Navy\"> &sect;<\/span><\/span><span style=\"color: Gray\"> --&gt;<\/span>\r\n &lt;<a title=\"Date that the conformance statement is published.\" class=\"dict\" href=\"conformance-definitions.htm#Conformance.date\"><b>date<\/b><\/a> value=&quot;[<span style=\"color: darkgreen\"><a href=\"datatypes.htm#dateTime\">dateTime<\/a><\/span>]&quot;/&gt;<span style=\"color: Gray\">&lt;!--<\/span> <span style=\"color: brown\"><b>1..1<\/b><\/span> <span style=\"color: navy\">Publication Date<span title=\"This element is included in a summary view (See Search/Query)\" style=\"color: Navy\"> &sect;<\/span><\/span><span style=\"color: Gray\"> --&gt;<\/span>\r\n &lt;<a title=\"Describes the software that is covered by this conformance statement.  Used when the profile describes the capabilities of a particular software version, independent of an installation.\" class=\"dict\" href=\"conformance-definitions.htm#Conformance.software\"><b>software<\/b><\/a>&gt;  <span style=\"color: Gray\">&lt;!-- <span title=\"Inv-2: Must have at least one of description, software, or implementation\" style=\"color: deeppink\"><b>0..1<\/b><\/span> Software that is covered by this conformance statement<span title=\"This element is included in a summary view (See Search/Query)\" style=\"color: Navy\"> &sect;<\/span> --&gt;<\/span>\r\n  &lt;<a title=\"Name software is known by.\" class=\"dict\" href=\"conformance-definitions.htm#Conformance.software.name\"><b>name<\/b><\/a> value=&quot;[<span style=\"color: darkgreen\"><a href=\"datatypes.htm#string\">string<\/a><\/span>]&quot;/&gt;<span style=\"color: Gray\">&lt;!--<\/span> <span style=\"color: brown\"><b>1..1<\/b><\/span> <span style=\"color: navy\">Name software is known by<span title=\"This element is included in a summary view (See Search/Query)\" style=\"color: Navy\"> &sect;<\/span><\/span><span style=\"color: Gray\"> --&gt;<\/span>\r\n  &lt;<a title=\"Version covered by this statement.\" class=\"dict\" href=\"conformance-definitions.htm#Conformance.software.version\"><b>version<\/b><\/a> value=&quot;[<span style=\"color: darkgreen\"><a href=\"datatypes.htm#string\">string<\/a><\/span>]&quot;/&gt;<span style=\"color: Gray\">&lt;!--<\/span> <span style=\"color: brown\"><b>0..1<\/b><\/span> <span style=\"color: navy\">Version covered by this statement<span title=\"This element is included in a summary view (See Search/Query)\" style=\"color: Navy\"> &sect;<\/span><\/span><span style=\"color: Gray\"> --&gt;<\/span>\r\n  &lt;<a title=\"Date this version of the software released.\" class=\"dict\" href=\"conformance-definitions.htm#Conformance.software.releaseDate\"><b>releaseDate<\/b><\/a> value=&quot;[<span style=\"color: darkgreen\"><a href=\"datatypes.htm#dateTime\">dateTime<\/a><\/span>]&quot;/&gt;<span style=\"color: Gray\">&lt;!--<\/span> <span style=\"color: brown\"><b>0..1<\/b><\/span> <span style=\"color: navy\">Date this version released<span title=\"This element is included in a summary view (See Search/Query)\" style=\"color: Navy\"> &sect;<\/span><\/span><span style=\"color: Gray\"> --&gt;<\/span>\r\n &lt;/software&gt;\r\n &lt;<a title=\"Used when the statement describes the capabilities of a specific implementation instance - i.e. a particular installation, rather than the capabilities of a software program.\" class=\"dict\" href=\"conformance-definitions.htm#Conformance.implementation\"><b>implementation<\/b><\/a>&gt;  <span style=\"color: Gray\">&lt;!-- <span title=\"Inv-2: Must have at least one of description, software, or implementation\" style=\"color: deeppink\"><b>0..1<\/b><\/span> If this describes a specific instance<span title=\"This element is included in a summary view (See Search/Query)\" style=\"color: Navy\"> &sect;<\/span> --&gt;<\/span>\r\n  &lt;<a title=\"Information about the specific installation that this conformance statement relates to.\" class=\"dict\" href=\"conformance-definitions.htm#Conformance.implementation.description\"><b>description<\/b><\/a> value=&quot;[<span style=\"color: darkgreen\"><a href=\"datatypes.htm#string\">string<\/a><\/span>]&quot;/&gt;<span style=\"color: Gray\">&lt;!--<\/span> <span style=\"color: brown\"><b>1..1<\/b><\/span> <span style=\"color: navy\">Describes this specific instance<span title=\"This element is included in a summary view (See Search/Query)\" style=\"color: Navy\"> &sect;<\/span><\/span><span style=\"color: Gray\"> --&gt;<\/span>\r\n  &lt;<a title=\"The base URL for the implementation.  This forms the base for REST interfaces as well as the mailbox and document interfaces.\" class=\"dict\" href=\"conformance-definitions.htm#Conformance.implementation.url\"><b>url<\/b><\/a> value=&quot;[<span style=\"color: darkgreen\"><a href=\"datatypes.htm#uri\">uri<\/a><\/span>]&quot;/&gt;<span style=\"color: Gray\">&lt;!--<\/span> <span style=\"color: brown\"><b>0..1<\/b><\/span> <span style=\"color: navy\">Base URL for the installation<span title=\"This element is included in a summary view (See Search/Query)\" style=\"color: Navy\"> &sect;<\/span><\/span><span style=\"color: Gray\"> --&gt;<\/span>\r\n &lt;/implementation&gt;\r\n &lt;<a title=\"The version of the FHIR specification on which this conformance statement is based.\" class=\"dict\" href=\"conformance-definitions.htm#Conformance.fhirVersion\"><b>fhirVersion<\/b><\/a> value=&quot;[<span style=\"color: darkgreen\"><a href=\"datatypes.htm#id\">id<\/a><\/span>]&quot;/&gt;<span style=\"color: Gray\">&lt;!--<\/span> <span style=\"color: brown\"><b>1..1<\/b><\/span> <span style=\"color: navy\">FHIR Version<span title=\"This element is included in a summary view (See Search/Query)\" style=\"color: Navy\"> &sect;<\/span><\/span><span style=\"color: Gray\"> --&gt;<\/span>\r\n &lt;<a title=\"Whether the application accepts unknown non-&quot;must understand&quot; elements as part of a resource. This does not include extensions, but genuine new additions to a resource.\" class=\"dict\" href=\"conformance-definitions.htm#Conformance.acceptUnknown\"><b>acceptUnknown<\/b><\/a> value=&quot;[<span style=\"color: darkgreen\"><a href=\"datatypes.htm#boolean\">boolean<\/a><\/span>]&quot;/&gt;<span style=\"color: Gray\">&lt;!--<\/span> <span style=\"color: brown\"><b>1..1<\/b><\/span> <span style=\"color: navy\">True if application accepts unknown elements<\/span><span style=\"color: Gray\"> --&gt;<\/span>\r\n &lt;<a title=\"The formats supported by this implementation.\" class=\"dict\" href=\"conformance-definitions.htm#Conformance.format\"><b>format<\/b><\/a> value=&quot;[<span style=\"color: darkgreen\"><a href=\"datatypes.htm#code\">code<\/a><\/span>]&quot;/&gt;<span style=\"color: Gray\">&lt;!--<\/span> <span style=\"color: brown\"><b>1..*<\/b><\/span> <span style=\"color: navy\"><a style=\"color: navy\" href=\"http://www.rfc-editor.org/bcp/bcp13.txt.htm\">formats supported (xml | json | mime type)<\/a><\/span><span style=\"color: Gray\"> --&gt;<\/span>\r\n &lt;<a title=\"Defines the restful capabilities of the solution, if any.\" class=\"dict\" href=\"conformance-definitions.htm#Conformance.rest\"><b>rest<\/b><\/a>&gt;  <span style=\"color: Gray\">&lt;!-- <span title=\"Inv-1: A Conformance statement must have at least one of rest, messaging or document\" style=\"color: deeppink\"><b>0..*<\/b><\/span> If the endpoint is a RESTful one --&gt;<\/span>\r\n  &lt;<a title=\"Identifies whether this portion of the statement is describing ability to initiate or receive restful operations.\" class=\"dict\" href=\"conformance-definitions.htm#Conformance.rest.mode\"><b>mode<\/b><\/a> value=&quot;[<span style=\"color: darkgreen\"><a href=\"datatypes.htm#code\">code<\/a><\/span>]&quot;/&gt;<span style=\"color: Gray\">&lt;!--<\/span> <span style=\"color: brown\"><b>1..1<\/b><\/span> <span style=\"color: navy\"><a style=\"color: navy\" href=\"restful-conformance-mode.htm\">client | server<\/a><\/span><span style=\"color: Gray\"> --&gt;<\/span>\r\n  &lt;<a title=\"Provides documentation about the system's restful capabilities that apply across all applications, such as security.\" class=\"dict\" href=\"conformance-definitions.htm#Conformance.rest.documentation\"><b>documentation<\/b><\/a> value=&quot;[<span style=\"color: darkgreen\"><a href=\"datatypes.htm#string\">string<\/a><\/span>]&quot;/&gt;<span style=\"color: Gray\">&lt;!--<\/span> <span style=\"color: brown\"><b>0..1<\/b><\/span> <span style=\"color: navy\">General description of implementation<\/span><span style=\"color: Gray\"> --&gt;<\/span>\r\n  &lt;<a title=\"Information about security of implementation.\" class=\"dict\" href=\"conformance-definitions.htm#Conformance.rest.security\"><b>security<\/b><\/a>&gt;  <span style=\"color: Gray\">&lt;!-- <span style=\"color: brown\"><b>0..1<\/b><\/span> Information about security of implementation --&gt;<\/span>\r\n   &lt;<a title=\"What type of security services are supported/required.\" class=\"dict\" href=\"conformance-definitions.htm#Conformance.rest.security.service\"><b>service<\/b><\/a>&gt;<span style=\"color: Gray\">&lt;!--<\/span> <span style=\"color: brown\"><b>0..*<\/b><\/span> <span style=\"color: darkgreen\"><a href=\"datatypes.htm#CodeableConcept\">CodeableConcept<\/a><\/span> <span style=\"color: navy\"><a style=\"color: navy\" href=\"restful-security-service.htm\">What type of security services are supported/required<\/a><\/span><span style=\"color: Gray\"> --&gt;<\/span>&lt;/service&gt;\r\n   &lt;<a title=\"General description of how security works.\" class=\"dict\" href=\"conformance-definitions.htm#Conformance.rest.security.description\"><b>description<\/b><\/a> value=&quot;[<span style=\"color: darkgreen\"><a href=\"datatypes.htm#string\">string<\/a><\/span>]&quot;/&gt;<span style=\"color: Gray\">&lt;!--<\/span> <span style=\"color: brown\"><b>0..1<\/b><\/span> <span style=\"color: navy\">General description of how security works<\/span><span style=\"color: Gray\"> --&gt;<\/span>\r\n   &lt;<a title=\"Certificates associated with security profiles.\" class=\"dict\" href=\"conformance-definitions.htm#Conformance.rest.security.certificate\"><b>certificate<\/b><\/a>&gt;  <span style=\"color: Gray\">&lt;!-- <span style=\"color: brown\"><b>0..*<\/b><\/span> Certificates associated with security profiles --&gt;<\/span>\r\n    &lt;<a title=\"Mime type for certificate.\" class=\"dict\" href=\"conformance-definitions.htm#Conformance.rest.security.certificate.type\"><b>type<\/b><\/a> value=&quot;[<span style=\"color: darkgreen\"><a href=\"datatypes.htm#code\">code<\/a><\/span>]&quot;/&gt;<span style=\"color: Gray\">&lt;!--<\/span> <span style=\"color: brown\"><b>0..1<\/b><\/span> <span style=\"color: navy\"><a style=\"color: navy\" href=\"http://www.rfc-editor.org/bcp/bcp13.txt.htm\">Mime type for certificate<\/a><\/span><span style=\"color: Gray\"> --&gt;<\/span>\r\n    &lt;<a title=\"Actual certificate.\" class=\"dict\" href=\"conformance-definitions.htm#Conformance.rest.security.certificate.blob\"><b>blob<\/b><\/a> value=&quot;[<span style=\"color: darkgreen\"><a href=\"datatypes.htm#base64Binary\">base64Binary<\/a><\/span>]&quot;/&gt;<span style=\"color: Gray\">&lt;!--<\/span> <span style=\"color: brown\"><b>0..1<\/b><\/span> <span style=\"color: navy\">Actual certificate<\/span><span style=\"color: Gray\"> --&gt;<\/span>\r\n   &lt;/certificate&gt;\r\n  &lt;/security&gt;\r\n  &lt;<a title=\"Identifies the restful capabilities of the solution for a specific resource type.\" class=\"dict\" href=\"conformance-definitions.htm#Conformance.rest.resource\"><b>resource<\/b><\/a>&gt;  <span style=\"color: Gray\">&lt;!-- <span style=\"color: brown\"><b>1..*<\/b><\/span> Resource served on the REST interface --&gt;<\/span>\r\n   &lt;<a title=\"Identifies the resource exposed via the restful interface.\" class=\"dict\" href=\"conformance-definitions.htm#Conformance.rest.resource.type\"><b>type<\/b><\/a> value=&quot;[<span style=\"color: darkgreen\"><a href=\"datatypes.htm#code\">code<\/a><\/span>]&quot;/&gt;<span style=\"color: Gray\">&lt;!--<\/span> <span style=\"color: brown\"><b>1..1<\/b><\/span> <span style=\"color: navy\"><a style=\"color: navy\" href=\"resource-types.htm\">Resource type<\/a><\/span><span style=\"color: Gray\"> --&gt;<\/span>\r\n   &lt;<a title=\"Identifies the profile that describes the solution's support for the resource, including any constraints on cardinality, bindings, lengths or other limitations.\" class=\"dict\" href=\"conformance-definitions.htm#Conformance.rest.resource.profile\"><b>profile<\/b><\/a>&gt;<span style=\"color: Gray\">&lt;!--<\/span> <span style=\"color: brown\"><b>0..1<\/b><\/span> <span style=\"color: darkgreen\"><a href=\"references.htm#Resource\">Resource<\/a>(<a href=\"profile.htm#Profile\">Profile<\/a>)<\/span> <span style=\"color: navy\">Resource Profiles supported<\/span><span style=\"color: Gray\"> --&gt;<\/span>&lt;/profile&gt;\r\n   &lt;<a title=\"Identifies a restful operation supported by the solution.\" class=\"dict\" href=\"conformance-definitions.htm#Conformance.rest.resource.operation\"><b>operation<\/b><\/a>&gt;  <span style=\"color: Gray\">&lt;!-- <span style=\"color: brown\"><b>1..*<\/b><\/span> What operations are supported? --&gt;<\/span>\r\n    &lt;<a title=\"Identifies which operation is supported.\" class=\"dict\" href=\"conformance-definitions.htm#Conformance.rest.resource.operation.code\"><b>code<\/b><\/a> value=&quot;[<span style=\"color: darkgreen\"><a href=\"datatypes.htm#code\">code<\/a><\/span>]&quot;/&gt;<span style=\"color: Gray\">&lt;!--<\/span> <span style=\"color: brown\"><b>1..1<\/b><\/span> <span style=\"color: navy\"><a style=\"color: navy\" href=\"restful-operation.htm\">read | vread | update | etc.<\/a><\/span><span style=\"color: Gray\"> --&gt;<\/span>\r\n    &lt;<a title=\"Provides guidance specific to the implementation of this operation, such as 'delete is a logical delete' or 'updates are only allowed with version id' or 'creates permitted from pre-authorized certificates only'.\" class=\"dict\" href=\"conformance-definitions.htm#Conformance.rest.resource.operation.documentation\"><b>documentation<\/b><\/a> value=&quot;[<span style=\"color: darkgreen\"><a href=\"datatypes.htm#string\">string<\/a><\/span>]&quot;/&gt;<span style=\"color: Gray\">&lt;!--<\/span> <span style=\"color: brown\"><b>0..1<\/b><\/span> <span style=\"color: navy\">Anything special about operation behavior<\/span><span style=\"color: Gray\"> --&gt;<\/span>\r\n   &lt;/operation&gt;\r\n   &lt;<a title=\"A flag for whether the server is able to return past versions as part of the vRead operation.\" class=\"dict\" href=\"conformance-definitions.htm#Conformance.rest.resource.readHistory\"><b>readHistory<\/b><\/a> value=&quot;[<span style=\"color: darkgreen\"><a href=\"datatypes.htm#boolean\">boolean<\/a><\/span>]&quot;/&gt;<span style=\"color: Gray\">&lt;!--<\/span> <span style=\"color: brown\"><b>0..1<\/b><\/span> <span style=\"color: navy\">Whether vRead can return past versions<\/span><span style=\"color: Gray\"> --&gt;<\/span>\r\n   &lt;<a title=\"_include values supported by the server.\" class=\"dict\" href=\"conformance-definitions.htm#Conformance.rest.resource.searchInclude\"><b>searchInclude<\/b><\/a> value=&quot;[<span style=\"color: darkgreen\"><a href=\"datatypes.htm#string\">string<\/a><\/span>]&quot;/&gt;<span style=\"color: Gray\">&lt;!--<\/span> <span style=\"color: brown\"><b>0..*<\/b><\/span> <span style=\"color: navy\">_include values supported by the server<\/span><span style=\"color: Gray\"> --&gt;<\/span>\r\n   &lt;<a title=\"Defines additional search parameters for implementations to support and/or make use of.\" class=\"dict\" href=\"conformance-definitions.htm#Conformance.rest.resource.searchParam\"><b>searchParam<\/b><\/a>&gt;  <span style=\"color: Gray\">&lt;!-- <span style=\"color: brown\"><b>0..*<\/b><\/span> Additional search params defined --&gt;<\/span>\r\n    &lt;<a title=\"Corresponds to the name of the standard or custom search parameter.\" class=\"dict\" href=\"conformance-definitions.htm#Conformance.rest.resource.searchParam.name\"><b>name<\/b><\/a> value=&quot;[<span style=\"color: darkgreen\"><a href=\"datatypes.htm#string\">string<\/a><\/span>]&quot;/&gt;<span style=\"color: Gray\">&lt;!--<\/span> <span style=\"color: brown\"><b>1..1<\/b><\/span> <span style=\"color: navy\">Name of search parameter<\/span><span style=\"color: Gray\"> --&gt;<\/span>\r\n    &lt;<a title=\"A formal reference to where this parameter was first defined, so that a client can be confident of the meaning of the search parameter.\" class=\"dict\" href=\"conformance-definitions.htm#Conformance.rest.resource.searchParam.source\"><b>source<\/b><\/a> value=&quot;[<span style=\"color: darkgreen\"><a href=\"datatypes.htm#uri\">uri<\/a><\/span>]&quot;/&gt;<span style=\"color: Gray\">&lt;!--<\/span> <span style=\"color: brown\"><b>0..1<\/b><\/span> <span style=\"color: navy\">Source of definition<\/span><span style=\"color: Gray\"> --&gt;<\/span>\r\n    &lt;<a title=\"The type of value a search parameter refers to, and how the content is interpreted.\" class=\"dict\" href=\"conformance-definitions.htm#Conformance.rest.resource.searchParam.type\"><b>type<\/b><\/a> value=&quot;[<span style=\"color: darkgreen\"><a href=\"datatypes.htm#code\">code<\/a><\/span>]&quot;/&gt;<span style=\"color: Gray\">&lt;!--<\/span> <span style=\"color: brown\"><b>1..1<\/b><\/span> <span style=\"color: navy\"><a style=\"color: navy\" href=\"search-param-type.htm\">Type of search parameter<\/a><\/span><span style=\"color: Gray\"> --&gt;<\/span>\r\n    &lt;<a title=\"For standard parameters, provides additional information on how the parameter is used in this solution.  For custom parameters, provides a description of what the parameter does.\" class=\"dict\" href=\"conformance-definitions.htm#Conformance.rest.resource.searchParam.documentation\"><b>documentation<\/b><\/a> value=&quot;[<span style=\"color: darkgreen\"><a href=\"datatypes.htm#string\">string<\/a><\/span>]&quot;/&gt;<span style=\"color: Gray\">&lt;!--<\/span> <span style=\"color: brown\"><b>1..1<\/b><\/span> <span style=\"color: navy\">Contents and meaning of search parameter<\/span><span style=\"color: Gray\"> --&gt;<\/span>\r\n    &lt;<a title=\"An XPath expression that extracts the set of elements that contain values that a search parameter matches.\" class=\"dict\" href=\"conformance-definitions.htm#Conformance.rest.resource.searchParam.xpath\"><b>xpath<\/b><\/a> value=&quot;[<span style=\"color: darkgreen\"><a href=\"datatypes.htm#string\">string<\/a><\/span>]&quot;/&gt;<span style=\"color: Gray\">&lt;!--<\/span> <span style=\"color: brown\"><b>0..1<\/b><\/span> <span style=\"color: navy\">XPath that extracts the parameter set<\/span><span style=\"color: Gray\"> --&gt;<\/span>\r\n    &lt;<a title=\"Types of resource (if a resource reference).\" class=\"dict\" href=\"conformance-definitions.htm#Conformance.rest.resource.searchParam.target\"><b>target<\/b><\/a> value=&quot;[<span style=\"color: darkgreen\"><a href=\"datatypes.htm#code\">code<\/a><\/span>]&quot;/&gt;<span style=\"color: Gray\">&lt;!--<\/span> <span style=\"color: brown\"><b>0..*<\/b><\/span> <span style=\"color: navy\"><a style=\"color: navy\" href=\"resource-types.htm\">Types of resource (if a resource reference)<\/a><\/span><span style=\"color: Gray\"> --&gt;<\/span>\r\n    &lt;<a title=\"Chained names supported.\" class=\"dict\" href=\"conformance-definitions.htm#Conformance.rest.resource.searchParam.chain\"><b>chain<\/b><\/a> value=&quot;[<span style=\"color: darkgreen\"><a href=\"datatypes.htm#string\">string<\/a><\/span>]&quot;/&gt;<span style=\"color: Gray\">&lt;!--<\/span> <span style=\"color: brown\"><b>0..*<\/b><\/span> <span style=\"color: navy\">Chained names supported<\/span><span style=\"color: Gray\"> --&gt;<\/span>\r\n   &lt;/searchParam&gt;\r\n  &lt;/resource&gt;\r\n  &lt;<a title=\"If batches are supported.\" class=\"dict\" href=\"conformance-definitions.htm#Conformance.rest.batch\"><b>batch<\/b><\/a> value=&quot;[<span style=\"color: darkgreen\"><a href=\"datatypes.htm#boolean\">boolean<\/a><\/span>]&quot;/&gt;<span style=\"color: Gray\">&lt;!--<\/span> <span style=\"color: brown\"><b>0..1<\/b><\/span> <span style=\"color: navy\">If batches are supported<\/span><span style=\"color: Gray\"> --&gt;<\/span>\r\n  &lt;<a title=\"If a system wide history list is supported.\" class=\"dict\" href=\"conformance-definitions.htm#Conformance.rest.history\"><b>history<\/b><\/a> value=&quot;[<span style=\"color: darkgreen\"><a href=\"datatypes.htm#boolean\">boolean<\/a><\/span>]&quot;/&gt;<span style=\"color: Gray\">&lt;!--<\/span> <span style=\"color: brown\"><b>0..1<\/b><\/span> <span style=\"color: navy\">If a system wide history list is supported<\/span><span style=\"color: Gray\"> --&gt;<\/span>\r\n  &lt;<a title=\"Definition of a named query and its parameters and their meaning.\" class=\"dict\" href=\"conformance-definitions.htm#Conformance.rest.query\"><b>query<\/b><\/a>&gt;  <span style=\"color: Gray\">&lt;!-- <span style=\"color: brown\"><b>0..*<\/b><\/span> Definition of a named query --&gt;<\/span>\r\n   &lt;<a title=\"The name of this query, which is used in the _query parameter when the query is used.\" class=\"dict\" href=\"conformance-definitions.htm#Conformance.rest.query.name\"><b>name<\/b><\/a> value=&quot;[<span style=\"color: darkgreen\"><a href=\"datatypes.htm#string\">string<\/a><\/span>]&quot;/&gt;<span style=\"color: Gray\">&lt;!--<\/span> <span style=\"color: brown\"><b>1..1<\/b><\/span> <span style=\"color: navy\">Name of the query (_query=)<\/span><span style=\"color: Gray\"> --&gt;<\/span>\r\n   &lt;<a title=\"Description of the query - the functionality it offers, and considerations about how it functions and to use it.\" class=\"dict\" href=\"conformance-definitions.htm#Conformance.rest.query.documentation\"><b>documentation<\/b><\/a> value=&quot;[<span style=\"color: darkgreen\"><a href=\"datatypes.htm#string\">string<\/a><\/span>]&quot;/&gt;<span style=\"color: Gray\">&lt;!--<\/span> <span style=\"color: brown\"><b>1..1<\/b><\/span> <span style=\"color: navy\">Describes the named query<\/span><span style=\"color: Gray\"> --&gt;<\/span>\r\n   &lt;<a title=\"Parameter for the named query.\" class=\"dict\" href=\"conformance-definitions.htm#Conformance.rest.query.parameter\"><b>parameter<\/b><\/a>&gt;<span style=\"color: Gray\">&lt;!--<\/span> <span style=\"color: brown\"><b>0..*<\/b><\/span> <span style=\"color: darkgreen\">Content as for Conformance.rest.resource.searchParam<\/span> <span style=\"color: navy\">Parameter for the named query<\/span><span style=\"color: Gray\"> --&gt;<\/span>&lt;/parameter&gt;\r\n  &lt;/query&gt;\r\n &lt;/rest&gt;\r\n &lt;<a title=\"Describes the messaging capabilities of the solution.\" class=\"dict\" href=\"conformance-definitions.htm#Conformance.messaging\"><b>messaging<\/b><\/a>&gt;  <span style=\"color: Gray\">&lt;!-- <span title=\"Inv-1: A Conformance statement must have at least one of rest, messaging or document\" style=\"color: deeppink\"><b>0..*<\/b><\/span> If messaging is supported --&gt;<\/span>\r\n  &lt;<a title=\"The address to which messages and/or replies are to be sent.\" class=\"dict\" href=\"conformance-definitions.htm#Conformance.messaging.endpoint\"><b>endpoint<\/b><\/a> value=&quot;[<span style=\"color: darkgreen\"><a href=\"datatypes.htm#uri\">uri<\/a><\/span>]&quot;/&gt;<span style=\"color: Gray\">&lt;!--<\/span> <span title=\"Inv-3: Messaging end point is required (and is only permitted) when statement is for an implementation\" style=\"color: deeppink\"><b>0..1<\/b><\/span> <span style=\"color: navy\">Actual endpoint being described<\/span><span style=\"color: Gray\"> --&gt;<\/span>\r\n  &lt;<a title=\"The length if the receiver's reliable messaging cache length (if a receiver) or how long the cache length on the receiver should be (if a sender).\" class=\"dict\" href=\"conformance-definitions.htm#Conformance.messaging.reliableCache\"><b>reliableCache<\/b><\/a> value=&quot;[<span style=\"color: darkgreen\"><a href=\"datatypes.htm#integer\">integer<\/a><\/span>]&quot;/&gt;<span style=\"color: Gray\">&lt;!--<\/span> <span style=\"color: brown\"><b>0..1<\/b><\/span> <span style=\"color: navy\">Reliable Message Cache Length<\/span><span style=\"color: Gray\"> --&gt;<\/span>\r\n  &lt;<a title=\"Provides documentation about the system's messaging capabilities for this endpoint not otherwise documented by the conformance statement.  For example, process for becoming an authorized messaging exchange partner.\" class=\"dict\" href=\"conformance-definitions.htm#Conformance.messaging.documentation\"><b>documentation<\/b><\/a> value=&quot;[<span style=\"color: darkgreen\"><a href=\"datatypes.htm#string\">string<\/a><\/span>]&quot;/&gt;<span style=\"color: Gray\">&lt;!--<\/span> <span style=\"color: brown\"><b>0..1<\/b><\/span> <span style=\"color: navy\">Messaging interface behavior details<\/span><span style=\"color: Gray\"> --&gt;<\/span>\r\n  &lt;<a title=\"Describes the solution's support for an event at this end point.\" class=\"dict\" href=\"conformance-definitions.htm#Conformance.messaging.event\"><b>event<\/b><\/a>&gt;  <span style=\"color: Gray\">&lt;!-- <span style=\"color: brown\"><b>1..*<\/b><\/span> Declare support for this event --&gt;<\/span>\r\n   &lt;<a title=\"Identifies the supported messaging event.\" class=\"dict\" href=\"conformance-definitions.htm#Conformance.messaging.event.code\"><b>code<\/b><\/a> value=&quot;[<span style=\"color: darkgreen\"><a href=\"datatypes.htm#code\">code<\/a><\/span>]&quot;/&gt;<span style=\"color: Gray\">&lt;!--<\/span> <span style=\"color: brown\"><b>1..1<\/b><\/span> <span style=\"color: navy\"><a style=\"color: navy\" href=\"message-events.htm\">Event type<\/a><\/span><span style=\"color: Gray\"> --&gt;<\/span>\r\n   &lt;<a title=\"The mode of this event declaration - whether application is sender or receiver.\" class=\"dict\" href=\"conformance-definitions.htm#Conformance.messaging.event.mode\"><b>mode<\/b><\/a> value=&quot;[<span style=\"color: darkgreen\"><a href=\"datatypes.htm#code\">code<\/a><\/span>]&quot;/&gt;<span style=\"color: Gray\">&lt;!--<\/span> <span style=\"color: brown\"><b>1..1<\/b><\/span> <span style=\"color: navy\"><a style=\"color: navy\" href=\"message-conformance-event-mode.htm\">sender | receiver<\/a><\/span><span style=\"color: Gray\"> --&gt;<\/span>\r\n   &lt;<a title=\"Identifies the messaging transport protocol(s) supported by this endpoint.\" class=\"dict\" href=\"conformance-definitions.htm#Conformance.messaging.event.protocol\"><b>protocol<\/b><\/a>&gt;<span style=\"color: Gray\">&lt;!--<\/span> <span style=\"color: brown\"><b>0..*<\/b><\/span> <span style=\"color: darkgreen\"><a href=\"datatypes.htm#Coding\">Coding<\/a><\/span> <span style=\"color: navy\"><a style=\"color: navy\" href=\"message-transport.htm\">http | ftp |MLLP | etc.<\/a><\/span><span style=\"color: Gray\"> --&gt;<\/span>&lt;/protocol&gt;\r\n   &lt;<a title=\"Identifies the resource associated with the event.  This is the resource that defines the event.\" class=\"dict\" href=\"conformance-definitions.htm#Conformance.messaging.event.focus\"><b>focus<\/b><\/a> value=&quot;[<span style=\"color: darkgreen\"><a href=\"datatypes.htm#code\">code<\/a><\/span>]&quot;/&gt;<span style=\"color: Gray\">&lt;!--<\/span> <span style=\"color: brown\"><b>1..1<\/b><\/span> <span style=\"color: navy\"><a style=\"color: navy\" href=\"resource-types.htm\">Resource that's focus of message<\/a><\/span><span style=\"color: Gray\"> --&gt;<\/span>\r\n   &lt;<a title=\"Information about the request for this event.\" class=\"dict\" href=\"conformance-definitions.htm#Conformance.messaging.event.request\"><b>request<\/b><\/a>&gt;<span style=\"color: Gray\">&lt;!--<\/span> <span style=\"color: brown\"><b>1..1<\/b><\/span> <span style=\"color: darkgreen\"><a href=\"references.htm#Resource\">Resource<\/a>(<a href=\"profile.htm#Profile\">Profile<\/a>)<\/span> <span style=\"color: navy\">Profile that describes the request<\/span><span style=\"color: Gray\"> --&gt;<\/span>&lt;/request&gt;\r\n   &lt;<a title=\"Information about the response for this event.\" class=\"dict\" href=\"conformance-definitions.htm#Conformance.messaging.event.response\"><b>response<\/b><\/a>&gt;<span style=\"color: Gray\">&lt;!--<\/span> <span style=\"color: brown\"><b>1..1<\/b><\/span> <span style=\"color: darkgreen\"><a href=\"references.htm#Resource\">Resource<\/a>(<a href=\"profile.htm#Profile\">Profile<\/a>)<\/span> <span style=\"color: navy\">Profile that describes the response<\/span><span style=\"color: Gray\"> --&gt;<\/span>&lt;/response&gt;\r\n   &lt;<a title=\"Guidance on how this event is handled, such as internal system trigger points, business rules, etc.\" class=\"dict\" href=\"conformance-definitions.htm#Conformance.messaging.event.documentation\"><b>documentation<\/b><\/a> value=&quot;[<span style=\"color: darkgreen\"><a href=\"datatypes.htm#string\">string<\/a><\/span>]&quot;/&gt;<span style=\"color: Gray\">&lt;!--<\/span> <span style=\"color: brown\"><b>0..1<\/b><\/span> <span style=\"color: navy\">Endpoint-specific event documentation<\/span><span style=\"color: Gray\"> --&gt;<\/span>\r\n  &lt;/event&gt;\r\n &lt;/messaging&gt;\r\n &lt;<a title=\"A document definition.\" class=\"dict\" href=\"conformance-definitions.htm#Conformance.document\"><b>document<\/b><\/a>&gt;  <span style=\"color: Gray\">&lt;!-- <span title=\"Inv-1: A Conformance statement must have at least one of rest, messaging or document\" style=\"color: deeppink\"><b>0..*<\/b><\/span> Document definition --&gt;<\/span>\r\n  &lt;<a title=\"The mode of this event declaration - whether application is sender or receiver.\" class=\"dict\" href=\"conformance-definitions.htm#Conformance.document.mode\"><b>mode<\/b><\/a> value=&quot;[<span style=\"color: darkgreen\"><a href=\"datatypes.htm#code\">code<\/a><\/span>]&quot;/&gt;<span style=\"color: Gray\">&lt;!--<\/span> <span style=\"color: brown\"><b>1..1<\/b><\/span> <span style=\"color: navy\"><a style=\"color: navy\" href=\"document-mode.htm\">producer | consumer<\/a><\/span><span style=\"color: Gray\"> --&gt;<\/span>\r\n  &lt;<a title=\"Describes how the application supports or uses the specified document profile.  For example, when are documents created, what action is taken with consumed documents, etc.\" class=\"dict\" href=\"conformance-definitions.htm#Conformance.document.documentation\"><b>documentation<\/b><\/a> value=&quot;[<span style=\"color: darkgreen\"><a href=\"datatypes.htm#string\">string<\/a><\/span>]&quot;/&gt;<span style=\"color: Gray\">&lt;!--<\/span> <span style=\"color: brown\"><b>0..1<\/b><\/span> <span style=\"color: navy\">Description of document support<\/span><span style=\"color: Gray\"> --&gt;<\/span>\r\n  &lt;<a title=\"Constraint on a resource used in the document.\" class=\"dict\" href=\"conformance-definitions.htm#Conformance.document.profile\"><b>profile<\/b><\/a>&gt;<span style=\"color: Gray\">&lt;!--<\/span> <span style=\"color: brown\"><b>1..1<\/b><\/span> <span style=\"color: darkgreen\"><a href=\"references.htm#Resource\">Resource<\/a>(<a href=\"profile.htm#Profile\">Profile<\/a>)<\/span> <span style=\"color: navy\">Constraint on a resource used in the document<\/span><span style=\"color: Gray\"> --&gt;<\/span>&lt;/profile&gt;\r\n &lt;/document&gt;\r\n&lt;/Conformance&gt;\r\n<\/pre><\/div>"},"name":{"value":"conformance"},"publisher":{"value":"FHIR Project"},"description":{"value":"Basic Profile. A conformance statement about how an application or implementation supports FHIR or the set of requirements for a desired implementation."},"status":{"value":"draft"},"date":{"value":"2014-01-31"},"structure":[{"type":{"value":"Conformance"},"publish":{"value":true},"element":[{"path":{"value":"Conformance"},"definition":{"short":{"value":"A conformance statement"},"formal":{"value":"A conformance statement about how an application or implementation supports FHIR or the set of requirements for a desired implementation."},"min":{"value":1},"max":{"value":"1"},"type":[{"code":{"value":"Resource"}}],"condition":[],"constraint":[{"key":{"value":"2"},"name":{"value":"Details"},"severity":{"value":"error"},"human":{"value":"Must have at least one of description, software, or implementation"},"xpath":{"value":"count(f:software | f:implementation | f:description) > 0"}},{"key":{"value":"1"},"name":{"value":"Content Required"},"severity":{"value":"error"},"human":{"value":"A Conformance statement must have at least one of rest, messaging or document"},"xpath":{"value":"exists(f:rest) or exists(f:messaging) or exists(f:document)"}}],"isModifier":{"value":false}}},{"path":{"value":"Conformance.extension"},"definition":{"short":{"value":"Additional Content defined by implementations"},"formal":{"value":"May be used to represent additional information that is not part of the basic definition of the resource. In order to make the use of extensions safe and manageable, there is a strict governance applied to the definition and use of extensions. Though any implementer is allowed to define an extension, there is a set of requirements that must be met as part of the definition of the extension."},"comments":{"value":"there can be no stigma\nassociated with the use of extensions by any application, project, or standard - regardless of the institution or jurisdiction that uses or defines the extensions.  The use of extensions is what allows the FHIR specification to retain a core simplicity for everyone."},"synonym":[{"value":"extensions"},{"value":"user content"}],"min":{"value":0},"max":{"value":"*"},"type":[{"code":{"value":"Extension"}}],"isModifier":{"value":false}}},{"path":{"value":"Conformance.text"},"definition":{"short":{"value":"Text summary of the resource, for human interpretation"},"formal":{"value":"A human readable narrative that contains a summary of the resource, and may be used to represent the content of the resource to a human. The narrative need not encode all the structured data, but is required to contain sufficient detail to make it \"clinically safe\" for a human to just read the narrative. Resource definitions may define what content should be represented in the narrative to ensure clinical safety."},"comments":{"value":"Contained resources do not have narrative. Resources that are not contained SHOULD have a narrative."},"synonym":[{"value":"narrative"},{"value":"html"},{"value":"xhtml"},{"value":"display"}],"min":{"value":0},"max":{"value":"1"},"type":[{"code":{"value":"Narrative"}}],"isModifier":{"value":false}}},{"path":{"value":"Conformance.contained"},"definition":{"short":{"value":"Contained, inline Resources"},"formal":{"value":"These resources do not have an independent existence apart from the resource that contains them - they cannot be identified independently, and nor can they have their own independent transaction scope."},"comments":{"value":"This should never be done when the content can be identified properly, as once identification is lost, it is extremely difficult (and context dependent) to restore it again."},"synonym":[{"value":"inline resources"},{"value":"anonymous resources"},{"value":"contained resources"}],"min":{"value":0},"max":{"value":"*"},"type":[{"code":{"value":"Resource"}}],"isModifier":{"value":false}}},{"path":{"value":"Conformance.identifier"},"definition":{"short":{"value":"Logical id to reference this statement"},"formal":{"value":"The identifier that is used to identify this conformance statement when it is referenced in a specification, model, design or an instance (should be globally unique OID, UUID, or URI)."},"min":{"value":0},"max":{"value":"1"},"type":[{"code":{"value":"string"}}],"condition":[],"isModifier":{"value":false}}},{"path":{"value":"Conformance.version"},"definition":{"short":{"value":"Logical id for this version of the statement"},"formal":{"value":"The identifier that is used to identify this version of the conformance statement when it is referenced in a specification, model, design or instance. This is an arbitrary value managed by the profile author manually and the value should be a timestamp."},"comments":{"value":"There may be multiple resource versions of the conformance statement that have this same identifier."},"min":{"value":0},"max":{"value":"1"},"type":[{"code":{"value":"string"}}],"condition":[],"isModifier":{"value":false}}},{"path":{"value":"Conformance.name"},"definition":{"short":{"value":"Informal name for this conformance statement"},"formal":{"value":"A free text natural language name identifying the conformance statement."},"comments":{"value":"Not expected to be globally unique."},"min":{"value":0},"max":{"value":"1"},"type":[{"code":{"value":"string"}}],"condition":[],"isModifier":{"value":false}}},{"path":{"value":"Conformance.publisher"},"definition":{"short":{"value":"Publishing Organization"},"formal":{"value":"Name of Organization."},"min":{"value":1},"max":{"value":"1"},"type":[{"code":{"value":"string"}}],"condition":[],"isModifier":{"value":false}}},{"path":{"value":"Conformance.telecom"},"definition":{"short":{"value":"Contacts for Organization"},"formal":{"value":"Contacts for Organization relevant to this conformance statement.  May be website, email, phone numbers, etc."},"min":{"value":0},"max":{"value":"*"},"type":[{"code":{"value":"Contact"}}],"condition":[],"isModifier":{"value":false}}},{"path":{"value":"Conformance.description"},"definition":{"short":{"value":"Human description of the conformance statement"},"formal":{"value":"A free text natural language description of the conformance statement and its use. Typically, this is used when the profile describes a desired rather than an actual solution, for example as a formal expression of requirements as part of an RFP."},"comments":{"value":"This field can be used for things such as why the confomrance statement was written, comments about its context etc. This does not need to be populated when the description is adequately implied by the software or implementation details."},"min":{"value":0},"max":{"value":"1"},"type":[{"code":{"value":"string"}}],"condition":[],"isModifier":{"value":false}}},{"path":{"value":"Conformance.status"},"definition":{"short":{"value":"draft | experimental | review | production | withdrawn | superseded"},"formal":{"value":"The status of this conformance statement."},"comments":{"value":"This is not intended for use with actual conformance statements, but where conformance statements are used to describe possible or desired systems."},"min":{"value":0},"max":{"value":"1"},"type":[{"code":{"value":"code"}}],"condition":[],"isModifier":{"value":true},"binding":{"value":"ConformanceStatementStatus"}}},{"path":{"value":"Conformance.experimental"},"definition":{"short":{"value":"If for testing purposes, not real usage"},"formal":{"value":"This conformance statement was authored for testing purposes (or education/evaluation/marketing), and is not intended to be used for genuine usage."},"comments":{"value":"Allows filtering of conformance statements that are appropriate for use vs. not."},"min":{"value":0},"max":{"value":"1"},"type":[{"code":{"value":"boolean"}}],"condition":[],"isModifier":{"value":false}}},{"path":{"value":"Conformance.date"},"definition":{"short":{"value":"Publication Date"},"formal":{"value":"Date that the conformance statement is published."},"min":{"value":1},"max":{"value":"1"},"type":[{"code":{"value":"dateTime"}}],"condition":[],"isModifier":{"value":false}}},{"path":{"value":"Conformance.software"},"definition":{"short":{"value":"Software that is covered by this conformance statement"},"formal":{"value":"Describes the software that is covered by this conformance statement.  Used when the profile describes the capabilities of a particular software version, independent of an installation."},"min":{"value":0},"max":{"value":"1"},"condition":[],"isModifier":{"value":false}}},{"path":{"value":"Conformance.software.name"},"definition":{"short":{"value":"Name software is known by"},"formal":{"value":"Name software is known by."},"min":{"value":1},"max":{"value":"1"},"type":[{"code":{"value":"string"}}],"condition":[],"isModifier":{"value":false}}},{"path":{"value":"Conformance.software.version"},"definition":{"short":{"value":"Version covered by this statement"},"formal":{"value":"Version covered by this statement."},"comments":{"value":"If possible, version should be specified, as statements are likely to be different for different versions of software."},"min":{"value":0},"max":{"value":"1"},"type":[{"code":{"value":"string"}}],"condition":[],"isModifier":{"value":false}}},{"path":{"value":"Conformance.software.releaseDate"},"definition":{"short":{"value":"Date this version released"},"formal":{"value":"Date this version of the software released."},"min":{"value":0},"max":{"value":"1"},"type":[{"code":{"value":"dateTime"}}],"condition":[],"isModifier":{"value":false}}},{"path":{"value":"Conformance.implementation"},"definition":{"short":{"value":"If this describes a specific instance"},"formal":{"value":"Used when the statement describes the capabilities of a specific implementation instance - i.e. a particular installation, rather than the capabilities of a software program."},"min":{"value":0},"max":{"value":"1"},"condition":[],"isModifier":{"value":false}}},{"path":{"value":"Conformance.implementation.description"},"definition":{"short":{"value":"Describes this specific instance"},"formal":{"value":"Information about the specific installation that this conformance statement relates to."},"min":{"value":1},"max":{"value":"1"},"type":[{"code":{"value":"string"}}],"condition":[],"isModifier":{"value":false}}},{"path":{"value":"Conformance.implementation.url"},"definition":{"short":{"value":"Base URL for the installation"},"formal":{"value":"The base URL for the implementation.  This forms the base for REST interfaces as well as the mailbox and document interfaces."},"min":{"value":0},"max":{"value":"1"},"type":[{"code":{"value":"uri"}}],"condition":[],"isModifier":{"value":false}}},{"path":{"value":"Conformance.fhirVersion"},"definition":{"short":{"value":"FHIR Version"},"formal":{"value":"The version of the FHIR specification on which this conformance statement is based."},"min":{"value":1},"max":{"value":"1"},"type":[{"code":{"value":"id"}}],"condition":[],"isModifier":{"value":false}}},{"path":{"value":"Conformance.acceptUnknown"},"definition":{"short":{"value":"True if application accepts unknown elements"},"formal":{"value":"Whether the application accepts unknown non-\"must understand\" elements as part of a resource. This does not include extensions, but genuine new additions to a resource."},"min":{"value":1},"max":{"value":"1"},"type":[{"code":{"value":"boolean"}}],"condition":[],"isModifier":{"value":false}}},{"path":{"value":"Conformance.format"},"definition":{"short":{"value":"formats supported (xml | json | mime type)"},"formal":{"value":"The formats supported by this implementation."},"comments":{"value":"\"xml\" or \"json\" are allowed, which describe the simple encodings described in the specification (and imply appropriate bundle support). Otherwise, mime types are legal here."},"min":{"value":1},"max":{"value":"*"},"type":[{"code":{"value":"code"}}],"condition":[],"isModifier":{"value":false},"binding":{"value":"MimeType"}}},{"path":{"value":"Conformance.rest"},"definition":{"short":{"value":"If the endpoint is a RESTful one"},"formal":{"value":"Defines the restful capabilities of the solution, if any."},"comments":{"value":"Multiple repetitions allow definition of both client and server behaviors or possibly behaviors under different configuration settings (for software or requirements statements)."},"min":{"value":0},"max":{"value":"*"},"condition":[],"isModifier":{"value":false}}},{"path":{"value":"Conformance.rest.mode"},"definition":{"short":{"value":"client | server"},"formal":{"value":"Identifies whether this portion of the statement is describing ability to initiate or receive restful operations."},"min":{"value":1},"max":{"value":"1"},"type":[{"code":{"value":"code"}}],"condition":[],"isModifier":{"value":false},"binding":{"value":"RestfulConformanceMode"}}},{"path":{"value":"Conformance.rest.documentation"},"definition":{"short":{"value":"General description of implementation"},"formal":{"value":"Provides documentation about the system's restful capabilities that apply across all applications, such as security."},"min":{"value":0},"max":{"value":"1"},"type":[{"code":{"value":"string"}}],"condition":[],"isModifier":{"value":false}}},{"path":{"value":"Conformance.rest.security"},"definition":{"short":{"value":"Information about security of implementation"},"formal":{"value":"Information about security of implementation."},"min":{"value":0},"max":{"value":"1"},"condition":[],"isModifier":{"value":false}}},{"path":{"value":"Conformance.rest.security.service"},"definition":{"short":{"value":"What type of security services are supported/required"},"formal":{"value":"What type of security services are supported/required."},"min":{"value":0},"max":{"value":"*"},"type":[{"code":{"value":"CodeableConcept"}}],"condition":[],"isModifier":{"value":false},"binding":{"value":"RestfulSecurityService"}}},{"path":{"value":"Conformance.rest.security.description"},"definition":{"short":{"value":"General description of how security works"},"formal":{"value":"General description of how security works."},"min":{"value":0},"max":{"value":"1"},"type":[{"code":{"value":"string"}}],"condition":[],"isModifier":{"value":false}}},{"path":{"value":"Conformance.rest.security.certificate"},"definition":{"short":{"value":"Certificates associated with security profiles"},"formal":{"value":"Certificates associated with security profiles."},"min":{"value":0},"max":{"value":"*"},"condition":[],"isModifier":{"value":false}}},{"path":{"value":"Conformance.rest.security.certificate.type"},"definition":{"short":{"value":"Mime type for certificate"},"formal":{"value":"Mime type for certificate."},"min":{"value":0},"max":{"value":"1"},"type":[{"code":{"value":"code"}}],"condition":[],"isModifier":{"value":false},"binding":{"value":"MimeType"}}},{"path":{"value":"Conformance.rest.security.certificate.blob"},"definition":{"short":{"value":"Actual certificate"},"formal":{"value":"Actual certificate."},"min":{"value":0},"max":{"value":"1"},"type":[{"code":{"value":"base64Binary"}}],"condition":[],"isModifier":{"value":false}}},{"path":{"value":"Conformance.rest.resource"},"definition":{"short":{"value":"Resource served on the REST interface"},"formal":{"value":"Identifies the restful capabilities of the solution for a specific resource type."},"comments":{"value":"Max of one repetition per resource type."},"min":{"value":1},"max":{"value":"*"},"condition":[],"isModifier":{"value":false}}},{"path":{"value":"Conformance.rest.resource.type"},"definition":{"short":{"value":"Resource type"},"formal":{"value":"Identifies the resource exposed via the restful interface."},"min":{"value":1},"max":{"value":"1"},"type":[{"code":{"value":"code"}}],"condition":[],"isModifier":{"value":false},"binding":{"value":"ResourceType"}}},{"path":{"value":"Conformance.rest.resource.profile"},"definition":{"short":{"value":"Resource Profiles supported"},"formal":{"value":"Identifies the profile that describes the solution's support for the resource, including any constraints on cardinality, bindings, lengths or other limitations."},"comments":{"value":"This profile applies to all the resources of this type - i.e. it is the superset of what is supported."},"min":{"value":0},"max":{"value":"1"},"type":[{"code":{"value":"Resource(Profile)"}}],"condition":[],"isModifier":{"value":false}}},{"path":{"value":"Conformance.rest.resource.operation"},"definition":{"short":{"value":"What operations are supported?"},"formal":{"value":"Identifies a restful operation supported by the solution."},"comments":{"value":"The 'search' operation is handled separately."},"min":{"value":1},"max":{"value":"*"},"condition":[],"isModifier":{"value":false}}},{"path":{"value":"Conformance.rest.resource.operation.code"},"definition":{"short":{"value":"read | vread | update | etc."},"formal":{"value":"Identifies which operation is supported."},"min":{"value":1},"max":{"value":"1"},"type":[{"code":{"value":"code"}}],"condition":[],"isModifier":{"value":false},"binding":{"value":"RestfulOperation"}}},{"path":{"value":"Conformance.rest.resource.operation.documentation"},"definition":{"short":{"value":"Anything special about operation behavior"},"formal":{"value":"Provides guidance specific to the implementation of this operation, such as 'delete is a logical delete' or 'updates are only allowed with version id' or 'creates permitted from pre-authorized certificates only'."},"min":{"value":0},"max":{"value":"1"},"type":[{"code":{"value":"string"}}],"condition":[],"isModifier":{"value":false}}},{"path":{"value":"Conformance.rest.resource.readHistory"},"definition":{"short":{"value":"Whether vRead can return past versions"},"formal":{"value":"A flag for whether the server is able to return past versions as part of the vRead operation."},"comments":{"value":"It is useful to support the vRead operation for current operations, even if past versions aren't available."},"min":{"value":0},"max":{"value":"1"},"type":[{"code":{"value":"boolean"}}],"condition":[],"isModifier":{"value":false}}},{"path":{"value":"Conformance.rest.resource.searchInclude"},"definition":{"short":{"value":"_include values supported by the server"},"formal":{"value":"_include values supported by the server."},"comments":{"value":"If this list is empty, the server does not support includes."},"min":{"value":0},"max":{"value":"*"},"type":[{"code":{"value":"string"}}],"condition":[],"isModifier":{"value":false}}},{"path":{"value":"Conformance.rest.resource.searchParam"},"definition":{"short":{"value":"Additional search params defined"},"formal":{"value":"Defines additional search parameters for implementations to support and/or make use of."},"min":{"value":0},"max":{"value":"*"},"condition":[],"isModifier":{"value":false}}},{"path":{"value":"Conformance.rest.resource.searchParam.name"},"definition":{"short":{"value":"Name of search parameter"},"formal":{"value":"Corresponds to the name of the standard or custom search parameter."},"comments":{"value":"Parameter names cannot overlap with standard parameter names, and standard parameters cannot be redefined."},"min":{"value":1},"max":{"value":"1"},"type":[{"code":{"value":"string"}}],"condition":[],"isModifier":{"value":false}}},{"path":{"value":"Conformance.rest.resource.searchParam.source"},"definition":{"short":{"value":"Source of definition"},"formal":{"value":"A formal reference to where this parameter was first defined, so that a client can be confident of the meaning of the search parameter."},"comments":{"value":"This SHOULD be populated for all search parameters not defined as custom search extensions. The uri for a search parameter defined in the specification itself is http://hl7.org/fhir/[resource]/search#[name]."},"min":{"value":0},"max":{"value":"1"},"type":[{"code":{"value":"uri"}}],"condition":[],"isModifier":{"value":false}}},{"path":{"value":"Conformance.rest.resource.searchParam.type"},"definition":{"short":{"value":"Type of search parameter"},"formal":{"value":"The type of value a search parameter refers to, and how the content is interpreted."},"min":{"value":1},"max":{"value":"1"},"type":[{"code":{"value":"code"}}],"condition":[],"isModifier":{"value":false},"binding":{"value":"SearchParamType"}}},{"path":{"value":"Conformance.rest.resource.searchParam.documentation"},"definition":{"short":{"value":"Contents and meaning of search parameter"},"formal":{"value":"For standard parameters, provides additional information on how the parameter is used in this solution.  For custom parameters, provides a description of what the parameter does."},"min":{"value":1},"max":{"value":"1"},"type":[{"code":{"value":"string"}}],"condition":[],"isModifier":{"value":false}}},{"path":{"value":"Conformance.rest.resource.searchParam.xpath"},"definition":{"short":{"value":"XPath that extracts the parameter set"},"formal":{"value":"An XPath expression that extracts the set of elements that contain values that a search parameter matches."},"comments":{"value":"Note that the elements are sometimes complex elements where logic is required to determine quite how to handle them. E.g. CodeableConcepts may contain text and/or multiple codings, where the codings themselves contain a code and a system."},"min":{"value":0},"max":{"value":"1"},"type":[{"code":{"value":"string"}}],"condition":[],"isModifier":{"value":false}}},{"path":{"value":"Conformance.rest.resource.searchParam.target"},"definition":{"short":{"value":"Types of resource (if a resource reference)"},"formal":{"value":"Types of resource (if a resource reference)."},"min":{"value":0},"max":{"value":"*"},"type":[{"code":{"value":"code"}}],"condition":[],"isModifier":{"value":false},"binding":{"value":"ResourceType"}}},{"path":{"value":"Conformance.rest.resource.searchParam.chain"},"definition":{"short":{"value":"Chained names supported"},"formal":{"value":"Chained names supported."},"min":{"value":0},"max":{"value":"*"},"type":[{"code":{"value":"string"}}],"condition":[],"isModifier":{"value":false}}},{"path":{"value":"Conformance.rest.batch"},"definition":{"short":{"value":"If batches are supported"},"formal":{"value":"If batches are supported."},"min":{"value":0},"max":{"value":"1"},"type":[{"code":{"value":"boolean"}}],"condition":[],"isModifier":{"value":false}}},{"path":{"value":"Conformance.rest.history"},"definition":{"short":{"value":"If a system wide history list is supported"},"formal":{"value":"If a system wide history list is supported."},"min":{"value":0},"max":{"value":"1"},"type":[{"code":{"value":"boolean"}}],"condition":[],"isModifier":{"value":false}}},{"path":{"value":"Conformance.rest.query"},"definition":{"short":{"value":"Definition of a named query"},"formal":{"value":"Definition of a named query and its parameters and their meaning."},"min":{"value":0},"max":{"value":"*"},"condition":[],"isModifier":{"value":false}}},{"path":{"value":"Conformance.rest.query.name"},"definition":{"short":{"value":"Name of the query (_query=)"},"formal":{"value":"The name of this query, which is used in the _query parameter when the query is used."},"min":{"value":1},"max":{"value":"1"},"type":[{"code":{"value":"string"}}],"condition":[],"isModifier":{"value":false}}},{"path":{"value":"Conformance.rest.query.documentation"},"definition":{"short":{"value":"Describes the named query"},"formal":{"value":"Description of the query - the functionality it offers, and considerations about how it functions and to use it."},"min":{"value":1},"max":{"value":"1"},"type":[{"code":{"value":"string"}}],"condition":[],"isModifier":{"value":false}}},{"path":{"value":"Conformance.rest.query.parameter"},"definition":{"short":{"value":"Parameter for the named query"},"formal":{"value":"Parameter for the named query."},"min":{"value":0},"max":{"value":"*"},"type":[{"code":{"value":"@Conformance.rest.resource.searchParam"}}],"condition":[],"isModifier":{"value":false}}},{"path":{"value":"Conformance.messaging"},"definition":{"short":{"value":"If messaging is supported"},"formal":{"value":"Describes the messaging capabilities of the solution."},"comments":{"value":"Multiple repetitions allow the documentation of multiple endpoints per solution."},"min":{"value":0},"max":{"value":"*"},"condition":[],"constraint":[{"key":{"value":"3"},"name":{"value":"End points for Implementations"},"severity":{"value":"error"},"human":{"value":"Messaging end point is required (and is only permitted) when statement is for an implementation"},"xpath":{"value":"exists(f:endpoint) = exists(parent::f:Conformance/f:implementation)"}}],"isModifier":{"value":false}}},{"path":{"value":"Conformance.messaging.endpoint"},"definition":{"short":{"value":"Actual endpoint being described"},"formal":{"value":"The address to which messages and/or replies are to be sent."},"comments":{"value":"Can be just an identifier for solutions that do not use network addresses for routing."},"min":{"value":0},"max":{"value":"1"},"type":[{"code":{"value":"uri"}}],"condition":[],"isModifier":{"value":false}}},{"path":{"value":"Conformance.messaging.reliableCache"},"definition":{"short":{"value":"Reliable Message Cache Length"},"formal":{"value":"The length if the receiver's reliable messaging cache length (if a receiver) or how long the cache length on the receiver should be (if a sender)."},"min":{"value":0},"max":{"value":"1"},"type":[{"code":{"value":"integer"}}],"condition":[],"isModifier":{"value":false}}},{"path":{"value":"Conformance.messaging.documentation"},"definition":{"short":{"value":"Messaging interface behavior details"},"formal":{"value":"Provides documentation about the system's messaging capabilities for this endpoint not otherwise documented by the conformance statement.  For example, process for becoming an authorized messaging exchange partner."},"comments":{"value":"If this value is missing then the application does not implement (receiver) or depend on (sender) reliable messaging."},"min":{"value":0},"max":{"value":"1"},"type":[{"code":{"value":"string"}}],"condition":[],"isModifier":{"value":false}}},{"path":{"value":"Conformance.messaging.event"},"definition":{"short":{"value":"Declare support for this event"},"formal":{"value":"Describes the solution's support for an event at this end point."},"comments":{"value":"The same event may be listed up to two times - once as sender and once as receiver."},"min":{"value":1},"max":{"value":"*"},"condition":[],"isModifier":{"value":false}}},{"path":{"value":"Conformance.messaging.event.code"},"definition":{"short":{"value":"Event type"},"formal":{"value":"Identifies the supported messaging event."},"min":{"value":1},"max":{"value":"1"},"type":[{"code":{"value":"code"}}],"condition":[],"isModifier":{"value":false},"binding":{"value":"MessageEvent"}}},{"path":{"value":"Conformance.messaging.event.mode"},"definition":{"short":{"value":"sender | receiver"},"formal":{"value":"The mode of this event declaration - whether application is sender or receiver."},"min":{"value":1},"max":{"value":"1"},"type":[{"code":{"value":"code"}}],"condition":[],"isModifier":{"value":false},"binding":{"value":"ConformanceEventMode"}}},{"path":{"value":"Conformance.messaging.event.protocol"},"definition":{"short":{"value":"http | ftp |MLLP | etc."},"formal":{"value":"Identifies the messaging transport protocol(s) supported by this endpoint."},"min":{"value":0},"max":{"value":"*"},"type":[{"code":{"value":"Coding"}}],"condition":[],"isModifier":{"value":false},"binding":{"value":"MessageTransport"}}},{"path":{"value":"Conformance.messaging.event.focus"},"definition":{"short":{"value":"Resource that's focus of message"},"formal":{"value":"Identifies the resource associated with the event.  This is the resource that defines the event."},"comments":{"value":"This must be provided if the event type supports multiple different resource types."},"min":{"value":1},"max":{"value":"1"},"type":[{"code":{"value":"code"}}],"condition":[],"isModifier":{"value":false},"binding":{"value":"ResourceType"}}},{"path":{"value":"Conformance.messaging.event.request"},"definition":{"short":{"value":"Profile that describes the request"},"formal":{"value":"Information about the request for this event."},"min":{"value":1},"max":{"value":"1"},"type":[{"code":{"value":"Resource(Profile)"}}],"condition":[],"isModifier":{"value":false}}},{"path":{"value":"Conformance.messaging.event.response"},"definition":{"short":{"value":"Profile that describes the response"},"formal":{"value":"Information about the response for this event."},"min":{"value":1},"max":{"value":"1"},"type":[{"code":{"value":"Resource(Profile)"}}],"condition":[],"isModifier":{"value":false}}},{"path":{"value":"Conformance.messaging.event.documentation"},"definition":{"short":{"value":"Endpoint-specific event documentation"},"formal":{"value":"Guidance on how this event is handled, such as internal system trigger points, business rules, etc."},"min":{"value":0},"max":{"value":"1"},"type":[{"code":{"value":"string"}}],"condition":[],"isModifier":{"value":false}}},{"path":{"value":"Conformance.document"},"definition":{"short":{"value":"Document definition"},"formal":{"value":"A document definition."},"min":{"value":0},"max":{"value":"*"},"condition":[],"isModifier":{"value":false}}},{"path":{"value":"Conformance.document.mode"},"definition":{"short":{"value":"producer | consumer"},"formal":{"value":"The mode of this event declaration - whether application is sender or receiver."},"min":{"value":1},"max":{"value":"1"},"type":[{"code":{"value":"code"}}],"condition":[],"isModifier":{"value":false},"binding":{"value":"DocumentMode"}}},{"path":{"value":"Conformance.document.documentation"},"definition":{"short":{"value":"Description of document support"},"formal":{"value":"Describes how the application supports or uses the specified document profile.  For example, when are documents created, what action is taken with consumed documents, etc."},"min":{"value":0},"max":{"value":"1"},"type":[{"code":{"value":"string"}}],"condition":[],"isModifier":{"value":false}}},{"path":{"value":"Conformance.document.profile"},"definition":{"short":{"value":"Constraint on a resource used in the document"},"formal":{"value":"Constraint on a resource used in the document."},"comments":{"value":"The first resource is the document resource."},"min":{"value":1},"max":{"value":"1"},"type":[{"code":{"value":"Resource(Profile)"}}],"condition":[],"isModifier":{"value":false}}}]}],"binding":[{"name":{"value":"DocumentMode"},"conformance":{"value":"required"},"referenceResource":{"type":{"value":"ValueSet"},"reference":{"value":"http://hl7.org/fhir/vs/document-mode"}}},{"name":{"value":"RestfulOperation"},"conformance":{"value":"required"},"referenceResource":{"type":{"value":"ValueSet"},"reference":{"value":"http://hl7.org/fhir/vs/restful-operation"}}},{"name":{"value":"MessageTransport"},"isExtensible":{"value":true},"conformance":{"value":"preferred"},"referenceResource":{"type":{"value":"ValueSet"},"reference":{"value":"http://hl7.org/fhir/vs/message-transport"}}},{"name":{"value":"MessageEvent"},"conformance":{"value":"required"},"referenceResource":{"type":{"value":"ValueSet"},"reference":{"value":"http://hl7.org/fhir/message-events"}}},{"name":{"value":"RestfulConformanceMode"},"conformance":{"value":"required"},"referenceResource":{"type":{"value":"ValueSet"},"reference":{"value":"http://hl7.org/fhir/vs/restful-conformance-mode"}}},{"name":{"value":"ResourceType"},"conformance":{"value":"required"},"referenceResource":{"type":{"value":"ValueSet"},"reference":{"value":"http://hl7.org/fhir/resource-types"}}},{"name":{"value":"MimeType"},"conformance":{"value":"required"},"referenceUri":{"value":"http://www.rfc-editor.org/bcp/bcp13.txt"}},{"name":{"value":"ConformanceEventMode"},"conformance":{"value":"required"},"referenceResource":{"type":{"value":"ValueSet"},"reference":{"value":"http://hl7.org/fhir/vs/message-conformance-event-mode"}}},{"name":{"value":"ConformanceStatementStatus"},"conformance":{"value":"required"},"referenceResource":{"type":{"value":"ValueSet"},"reference":{"value":"http://hl7.org/fhir/vs/conformance-statement-status"}}},{"name":{"value":"SearchParamType"},"conformance":{"value":"required"},"referenceResource":{"type":{"value":"ValueSet"},"reference":{"value":"http://hl7.org/fhir/vs/search-param-type"}}},{"name":{"value":"RestfulSecurityService"},"isExtensible":{"value":true},"conformance":{"value":"preferred"},"referenceResource":{"type":{"value":"ValueSet"},"reference":{"value":"http://hl7.org/fhir/vs/restful-security-service"}}}]}}