{"ValueSet":{"text":{"status":{"value":"generated"},"div":"<div><h2>ConstraintSeverity<\/h2><p>Must applications comply with this constraint?<\/p><p>This value set defines it's own terms in the system http://hl7.org/fhir/constraint-severity<\/p><table><tr><td><b>Code<\/b><\/td><td><b>Display<\/b><\/td><td><b>Definition<\/b><\/td><\/tr><tr><td>error<\/td><td/><td>If the constraint is violated, the resource is not conformant.<\/td><\/tr><tr><td>warning<\/td><td/><td>If the constraint is violated, the resource is conformant, but it is not necessarily following best practice.<\/td><\/tr><\/table><\/div>"},"identifier":{"value":"http://hl7.org/fhir/vs/constraint-severity"},"name":{"value":"ConstraintSeverity"},"publisher":{"value":"HL7 (FHIR Project)"},"telecom":[{"system":{"value":"url"},"value":{"value":"http://hl7.org/fhir"}},{"system":{"value":"email"},"value":{"value":"fhir@lists.hl7.org"}}],"description":{"value":"Must applications comply with this constraint?"},"status":{"value":"draft"},"date":{"value":"2023-05-12T00:10:00"},"define":{"system":{"value":"http://hl7.org/fhir/constraint-severity"},"caseSensitive":{"value":true},"concept":[{"code":{"value":"error"},"definition":{"value":"If the constraint is violated, the resource is not conformant."}},{"code":{"value":"warning"},"definition":{"value":"If the constraint is violated, the resource is conformant, but it is not necessarily following best practice."}}]}}}