{"ValueSet":{"text":{"status":{"value":"generated"},"div":"<div><h2>ContactUse<\/h2><p>Location, type or status of telecommunications address indicating use<\/p><p>This value set defines it's own terms in the system http://hl7.org/fhir/contact-use<\/p><table><tr><td><b>Code<\/b><\/td><td><b>Display<\/b><\/td><td><b>Definition<\/b><\/td><\/tr><tr><td>home<\/td><td/><td>A communication contact at a home; attempted contacts for business purposes might intrude privacy and chances are one will contact family or other household members instead of the person one wishes to call. Typically used with urgent cases, or if no other contacts are available.<\/td><\/tr><tr><td>work<\/td><td/><td>An office contact. First choice for business related contacts during business hours.<\/td><\/tr><tr><td>temp<\/td><td/><td>A temporary contact. The period can provide more detailed information.<\/td><\/tr><tr><td>old<\/td><td/><td>This contact is no longer in use (or was never correct, but retained for records).<\/td><\/tr><tr><td>mobile<\/td><td/><td>A telecommunication device that moves and stays with its owner. May have characteristics of all other use codes, suitable for urgent matters, not the first choice for routine business.<\/td><\/tr><\/table><\/div>"},"identifier":{"value":"http://hl7.org/fhir/vs/contact-use"},"name":{"value":"ContactUse"},"publisher":{"value":"HL7 (FHIR Project)"},"telecom":[{"system":{"value":"url"},"value":{"value":"http://hl7.org/fhir"}},{"system":{"value":"email"},"value":{"value":"fhir@lists.hl7.org"}}],"description":{"value":"Location, type or status of telecommunications address indicating use"},"status":{"value":"draft"},"date":{"value":"2023-05-12T00:10:00"},"define":{"system":{"value":"http://hl7.org/fhir/contact-use"},"caseSensitive":{"value":true},"concept":[{"code":{"value":"home"},"definition":{"value":"A communication contact at a home; attempted contacts for business purposes might intrude privacy and chances are one will contact family or other household members instead of the person one wishes to call. Typically used with urgent cases, or if no other contacts are available."}},{"code":{"value":"work"},"definition":{"value":"An office contact. First choice for business related contacts during business hours."}},{"code":{"value":"temp"},"definition":{"value":"A temporary contact. The period can provide more detailed information."}},{"code":{"value":"old"},"definition":{"value":"This contact is no longer in use (or was never correct, but retained for records)."}},{"code":{"value":"mobile"},"definition":{"value":"A telecommunication device that moves and stays with its owner. May have characteristics of all other use codes, suitable for urgent matters, not the first choice for routine business."}}]}}}