{"Profile":{"text":{"status":{"value":"generated"},"div":"<div><pre>\r\n&lt;<a title=\"Financial instrument by which payment information for health care.\" class=\"dict\" href=\"coverage-definitions.htm#Coverage\"><b>Coverage<\/b><\/a> xmlns=&quot;http://hl7.org/fhir&quot;&gt;\r\n &lt;!-- from <a href=\"resources.htm\">Resource<\/a>: <a href=\"extensibility.htm\">extension<\/a>, <a href=\"narrative.htm#Narrative\">narrative<\/a>, and <a href=\"references.htm#contained\">contained<\/a> --&gt;\r\n &lt;<a title=\"The program or plan underwriter or payor.\" class=\"dict\" href=\"coverage-definitions.htm#Coverage.issuer\"><b>issuer<\/b><\/a>&gt;<span style=\"color: Gray\">&lt;!--<\/span> <span style=\"color: brown\"><b>0..1<\/b><\/span> <span style=\"color: darkgreen\"><a href=\"references.htm#Resource\">Resource<\/a>(<a href=\"organization.htm#Organization\">Organization<\/a>)<\/span> <span style=\"color: navy\">An identifier for the plan issuer<\/span><span style=\"color: Gray\"> --&gt;<\/span>&lt;/issuer&gt;\r\n &lt;<a title=\"Time period during which the coverage is in force. A missing start date indicates the start date isn't known, a missing end date means the coverage is continuing to be in force.\" class=\"dict\" href=\"coverage-definitions.htm#Coverage.period\"><b>period<\/b><\/a>&gt;<span style=\"color: Gray\">&lt;!--<\/span> <span style=\"color: brown\"><b>0..1<\/b><\/span> <span style=\"color: darkgreen\"><a href=\"datatypes.htm#Period\">Period<\/a><\/span> <span style=\"color: navy\">Coverage start and end dates<\/span><span style=\"color: Gray\"> --&gt;<\/span>&lt;/period&gt;\r\n &lt;<a title=\"The type of coverage: social program, medical plan, accident coverage (workers compensation, auto), group health.\" class=\"dict\" href=\"coverage-definitions.htm#Coverage.type\"><b>type<\/b><\/a>&gt;<span style=\"color: Gray\">&lt;!--<\/span> <span style=\"color: brown\"><b>1..1<\/b><\/span> <span style=\"color: darkgreen\"><a href=\"datatypes.htm#Coding\">Coding<\/a><\/span> <span style=\"color: navy\"><a style=\"color: navy\" href=\"http://hl7.org/fhir/v3/vs/ActCoverageTypeCode.htm\">Type of coverage<\/a><\/span><span style=\"color: Gray\"> --&gt;<\/span>&lt;/type&gt;\r\n &lt;<a title=\"The main (and possibly only) identifier for the coverage - often referred to as a Subscriber Id, Certificate number or Personal Health Number or Case ID.\" class=\"dict\" href=\"coverage-definitions.htm#Coverage.identifier\"><b>identifier<\/b><\/a>&gt;<span style=\"color: Gray\">&lt;!--<\/span> <span style=\"color: brown\"><b>0..1<\/b><\/span> <span style=\"color: darkgreen\"><a href=\"datatypes.htm#Identifier\">Identifier<\/a><\/span> <span style=\"color: navy\">The primary coverage ID<\/span><span style=\"color: Gray\"> --&gt;<\/span>&lt;/identifier&gt;\r\n &lt;<a title=\"Todo.\" class=\"dict\" href=\"coverage-definitions.htm#Coverage.group\"><b>group<\/b><\/a>&gt;<span style=\"color: Gray\">&lt;!--<\/span> <span style=\"color: brown\"><b>0..1<\/b><\/span> <span style=\"color: darkgreen\"><a href=\"datatypes.htm#Identifier\">Identifier<\/a><\/span> <span style=\"color: navy\">An identifier for the group<\/span><span style=\"color: Gray\"> --&gt;<\/span>&lt;/group&gt;\r\n &lt;<a title=\"Identifies a style or collective of coverage issues by the underwriter, for example may be used to identify a class of coverage or employer group. May also be referred to as a Policy or Group ID.\" class=\"dict\" href=\"coverage-definitions.htm#Coverage.plan\"><b>plan<\/b><\/a>&gt;<span style=\"color: Gray\">&lt;!--<\/span> <span style=\"color: brown\"><b>0..1<\/b><\/span> <span style=\"color: darkgreen\"><a href=\"datatypes.htm#Identifier\">Identifier<\/a><\/span> <span style=\"color: navy\">An identifier for the plan<\/span><span style=\"color: Gray\"> --&gt;<\/span>&lt;/plan&gt;\r\n &lt;<a title=\"Identifies a sub-style or sub-collective of coverage issues by the underwriter, for example may be used to identify a specific employer group within a class of employers. May be referred to as a Section or Division ID.\" class=\"dict\" href=\"coverage-definitions.htm#Coverage.subplan\"><b>subplan<\/b><\/a>&gt;<span style=\"color: Gray\">&lt;!--<\/span> <span style=\"color: brown\"><b>0..1<\/b><\/span> <span style=\"color: darkgreen\"><a href=\"datatypes.htm#Identifier\">Identifier<\/a><\/span> <span style=\"color: navy\">An identifier for the subsection of the plan<\/span><span style=\"color: Gray\"> --&gt;<\/span>&lt;/subplan&gt;\r\n &lt;<a title=\"A unique identifier for a dependent under the coverage.\" class=\"dict\" href=\"coverage-definitions.htm#Coverage.dependent\"><b>dependent<\/b><\/a> value=&quot;[<span style=\"color: darkgreen\"><a href=\"datatypes.htm#integer\">integer<\/a><\/span>]&quot;/&gt;<span style=\"color: Gray\">&lt;!--<\/span> <span style=\"color: brown\"><b>0..1<\/b><\/span> <span style=\"color: navy\">The dependent number<\/span><span style=\"color: Gray\"> --&gt;<\/span>\r\n &lt;<a title=\"An optional counter for a particular instance of the identified coverage which increments upon each renewal.\" class=\"dict\" href=\"coverage-definitions.htm#Coverage.sequence\"><b>sequence<\/b><\/a> value=&quot;[<span style=\"color: darkgreen\"><a href=\"datatypes.htm#integer\">integer<\/a><\/span>]&quot;/&gt;<span style=\"color: Gray\">&lt;!--<\/span> <span style=\"color: brown\"><b>0..1<\/b><\/span> <span style=\"color: navy\">The plan instance or sequence counter<\/span><span style=\"color: Gray\"> --&gt;<\/span>\r\n &lt;<a title=\"Planholder information.\" class=\"dict\" href=\"coverage-definitions.htm#Coverage.subscriber\"><b>subscriber<\/b><\/a>&gt;  <span style=\"color: Gray\">&lt;!-- <span style=\"color: brown\"><b>0..1<\/b><\/span> Planholder information --&gt;<\/span>\r\n  &lt;<a title=\"The name of the PolicyHolder.\" class=\"dict\" href=\"coverage-definitions.htm#Coverage.subscriber.name\"><b>name<\/b><\/a>&gt;<span style=\"color: Gray\">&lt;!--<\/span> <span style=\"color: brown\"><b>0..1<\/b><\/span> <span style=\"color: darkgreen\"><a href=\"datatypes.htm#HumanName\">HumanName<\/a><\/span> <span style=\"color: navy\">PolicyHolder name<\/span><span style=\"color: Gray\"> --&gt;<\/span>&lt;/name&gt;\r\n  &lt;<a title=\"The mailing address, typically home, of the PolicyHolder.\" class=\"dict\" href=\"coverage-definitions.htm#Coverage.subscriber.address\"><b>address<\/b><\/a>&gt;<span style=\"color: Gray\">&lt;!--<\/span> <span style=\"color: brown\"><b>0..1<\/b><\/span> <span style=\"color: darkgreen\"><a href=\"datatypes.htm#Address\">Address<\/a><\/span> <span style=\"color: navy\">PolicyHolder address<\/span><span style=\"color: Gray\"> --&gt;<\/span>&lt;/address&gt;\r\n  &lt;<a title=\"The date of birth of the PolicyHolder.\" class=\"dict\" href=\"coverage-definitions.htm#Coverage.subscriber.birthdate\"><b>birthdate<\/b><\/a> value=&quot;[<span style=\"color: darkgreen\"><a href=\"datatypes.htm#date\">date<\/a><\/span>]&quot;/&gt;<span style=\"color: Gray\">&lt;!--<\/span> <span style=\"color: brown\"><b>0..1<\/b><\/span> <span style=\"color: navy\">PolicyHolder date of birth<\/span><span style=\"color: Gray\"> --&gt;<\/span>\r\n &lt;/subscriber&gt;\r\n&lt;/Coverage&gt;\r\n<\/pre><\/div>"},"name":{"value":"coverage"},"publisher":{"value":"FHIR Project"},"description":{"value":"Basic Profile. Financial instrument by which payment information for health care."},"status":{"value":"draft"},"date":{"value":"2014-01-31"},"structure":[{"type":{"value":"Coverage"},"publish":{"value":true},"element":[{"path":{"value":"Coverage"},"definition":{"short":{"value":"Insurance or medical plan"},"formal":{"value":"Financial instrument by which payment information for health care."},"min":{"value":1},"max":{"value":"1"},"type":[{"code":{"value":"Resource"}}],"condition":[],"isModifier":{"value":false},"mapping":[{"target":{"value":"http://hl7.org/v3"},"map":{"value":"Coverage"}}]}},{"path":{"value":"Coverage.extension"},"definition":{"short":{"value":"Additional Content defined by implementations"},"formal":{"value":"May be used to represent additional information that is not part of the basic definition of the resource. In order to make the use of extensions safe and manageable, there is a strict governance applied to the definition and use of extensions. Though any implementer is allowed to define an extension, there is a set of requirements that must be met as part of the definition of the extension."},"comments":{"value":"there can be no stigma\nassociated with the use of extensions by any application, project, or standard - regardless of the institution or jurisdiction that uses or defines the extensions.  The use of extensions is what allows the FHIR specification to retain a core simplicity for everyone."},"synonym":[{"value":"extensions"},{"value":"user content"}],"min":{"value":0},"max":{"value":"*"},"type":[{"code":{"value":"Extension"}}],"isModifier":{"value":false}}},{"path":{"value":"Coverage.text"},"definition":{"short":{"value":"Text summary of the resource, for human interpretation"},"formal":{"value":"A human readable narrative that contains a summary of the resource, and may be used to represent the content of the resource to a human. The narrative need not encode all the structured data, but is required to contain sufficient detail to make it \"clinically safe\" for a human to just read the narrative. Resource definitions may define what content should be represented in the narrative to ensure clinical safety."},"comments":{"value":"Contained resources do not have narrative. Resources that are not contained SHOULD have a narrative."},"synonym":[{"value":"narrative"},{"value":"html"},{"value":"xhtml"},{"value":"display"}],"min":{"value":0},"max":{"value":"1"},"type":[{"code":{"value":"Narrative"}}],"isModifier":{"value":false}}},{"path":{"value":"Coverage.contained"},"definition":{"short":{"value":"Contained, inline Resources"},"formal":{"value":"These resources do not have an independent existence apart from the resource that contains them - they cannot be identified independently, and nor can they have their own independent transaction scope."},"comments":{"value":"This should never be done when the content can be identified properly, as once identification is lost, it is extremely difficult (and context dependent) to restore it again."},"synonym":[{"value":"inline resources"},{"value":"anonymous resources"},{"value":"contained resources"}],"min":{"value":0},"max":{"value":"*"},"type":[{"code":{"value":"Resource"}}],"isModifier":{"value":false}}},{"path":{"value":"Coverage.issuer"},"definition":{"short":{"value":"An identifier for the plan issuer"},"formal":{"value":"The program or plan underwriter or payor."},"min":{"value":0},"max":{"value":"1"},"type":[{"code":{"value":"Resource(Organization)"}}],"condition":[],"isModifier":{"value":false},"mapping":[{"target":{"value":"http://hl7.org/v2"},"map":{"value":"IN1-3-insurance company ID"}}]}},{"path":{"value":"Coverage.period"},"definition":{"short":{"value":"Coverage start and end dates"},"formal":{"value":"Time period during which the coverage is in force. A missing start date indicates the start date isn't known, a missing end date means the coverage is continuing to be in force."},"min":{"value":0},"max":{"value":"1"},"type":[{"code":{"value":"Period"}}],"condition":[],"isModifier":{"value":false},"mapping":[{"target":{"value":"http://hl7.org/v2"},"map":{"value":"IN1-12-plan effective date / IN1-13-plan expiration date"}}]}},{"path":{"value":"Coverage.type"},"definition":{"short":{"value":"Type of coverage"},"formal":{"value":"The type of coverage: social program, medical plan, accident coverage (workers compensation, auto), group health."},"min":{"value":1},"max":{"value":"1"},"type":[{"code":{"value":"Coding"}}],"condition":[],"isModifier":{"value":false},"binding":{"value":"CoverageType"},"mapping":[{"target":{"value":"http://hl7.org/v2"},"map":{"value":"IN1-15-plan type"}}]}},{"path":{"value":"Coverage.identifier"},"definition":{"short":{"value":"The primary coverage ID"},"formal":{"value":"The main (and possibly only) identifier for the coverage - often referred to as a Subscriber Id, Certificate number or Personal Health Number or Case ID."},"min":{"value":0},"max":{"value":"1"},"type":[{"code":{"value":"Identifier"}}],"condition":[],"isModifier":{"value":false},"mapping":[{"target":{"value":"http://hl7.org/v2"},"map":{"value":"IN1-2-health plan ID"}}]}},{"path":{"value":"Coverage.group"},"definition":{"short":{"value":"An identifier for the group"},"formal":{"value":"Todo."},"min":{"value":0},"max":{"value":"1"},"type":[{"code":{"value":"Identifier"}}],"condition":[],"isModifier":{"value":false},"mapping":[{"target":{"value":"http://hl7.org/v2"},"map":{"value":"IN1-8-group number"}}]}},{"path":{"value":"Coverage.plan"},"definition":{"short":{"value":"An identifier for the plan"},"formal":{"value":"Identifies a style or collective of coverage issues by the underwriter, for example may be used to identify a class of coverage or employer group. May also be referred to as a Policy or Group ID."},"min":{"value":0},"max":{"value":"1"},"type":[{"code":{"value":"Identifier"}}],"condition":[],"isModifier":{"value":false},"mapping":[{"target":{"value":"http://hl7.org/v2"},"map":{"value":"IN1-35-company plan code"}}]}},{"path":{"value":"Coverage.subplan"},"definition":{"short":{"value":"An identifier for the subsection of the plan"},"formal":{"value":"Identifies a sub-style or sub-collective of coverage issues by the underwriter, for example may be used to identify a specific employer group within a class of employers. May be referred to as a Section or Division ID."},"min":{"value":0},"max":{"value":"1"},"type":[{"code":{"value":"Identifier"}}],"condition":[],"isModifier":{"value":false},"mapping":[{"target":{"value":"http://hl7.org/v2"},"map":{"value":"IN1-10-insured's group emp ID"}}]}},{"path":{"value":"Coverage.dependent"},"definition":{"short":{"value":"The dependent number"},"formal":{"value":"A unique identifier for a dependent under the coverage."},"min":{"value":0},"max":{"value":"1"},"type":[{"code":{"value":"integer"}}],"condition":[],"isModifier":{"value":false},"mapping":[{"target":{"value":"http://hl7.org/v2"},"map":{"value":"- No exact V2.x equivalent concept seems to exist; instance relationship can be inferred if ( ( PID-3-patient ID list ≠ IN1-49-insured's ID number ) & ( Ǝ IN2-72-patient's relationship to insured ) )"}}]}},{"path":{"value":"Coverage.sequence"},"definition":{"short":{"value":"The plan instance or sequence counter"},"formal":{"value":"An optional counter for a particular instance of the identified coverage which increments upon each renewal."},"min":{"value":0},"max":{"value":"1"},"type":[{"code":{"value":"integer"}}],"condition":[],"isModifier":{"value":false},"mapping":[{"target":{"value":"http://hl7.org/v2"},"map":{"value":"No V2.x equivalent concept seems to exist"}}]}},{"path":{"value":"Coverage.subscriber"},"definition":{"short":{"value":"Planholder information"},"formal":{"value":"Planholder information."},"min":{"value":0},"max":{"value":"1"},"condition":[],"isModifier":{"value":false}}},{"path":{"value":"Coverage.subscriber.name"},"definition":{"short":{"value":"PolicyHolder name"},"formal":{"value":"The name of the PolicyHolder."},"min":{"value":0},"max":{"value":"1"},"type":[{"code":{"value":"HumanName"}}],"condition":[],"isModifier":{"value":false},"mapping":[{"target":{"value":"http://hl7.org/v2"},"map":{"value":"IN1-16-name of insured"}}]}},{"path":{"value":"Coverage.subscriber.address"},"definition":{"short":{"value":"PolicyHolder address"},"formal":{"value":"The mailing address, typically home, of the PolicyHolder."},"min":{"value":0},"max":{"value":"1"},"type":[{"code":{"value":"Address"}}],"condition":[],"isModifier":{"value":false},"mapping":[{"target":{"value":"http://hl7.org/v2"},"map":{"value":"IN1-19-insured's address"}}]}},{"path":{"value":"Coverage.subscriber.birthdate"},"definition":{"short":{"value":"PolicyHolder date of birth"},"formal":{"value":"The date of birth of the PolicyHolder."},"min":{"value":0},"max":{"value":"1"},"type":[{"code":{"value":"date"}}],"condition":[],"isModifier":{"value":false},"mapping":[{"target":{"value":"http://hl7.org/v2"},"map":{"value":"IN1-18-insured's date of birth"}}]}}]}],"binding":[{"name":{"value":"CoverageType"},"isExtensible":{"value":true},"conformance":{"value":"preferred"},"referenceResource":{"type":{"value":"ValueSet"},"reference":{"value":"http://hl7.org/fhir/v3/vs/ActCoverageTypeCode"}}}]}}