{"ValueSet":{"text":{"status":{"value":"generated"},"div":"<div><h2>Criticality<\/h2><p>The criticality of an adverse sensitivity<\/p><p>This value set defines it's own terms in the system http://hl7.org/fhir/criticality<\/p><table><tr><td><b>Code<\/b><\/td><td><b>Display<\/b><\/td><td><b>Definition<\/b><\/td><\/tr><tr><td>fatal<\/td><td/><td>Likely to result in death if re-exposed.<\/td><\/tr><tr><td>high<\/td><td/><td>Likely to result in reactions that will need to be treated if re-exposed.<\/td><\/tr><tr><td>medium<\/td><td/><td>Likely to result in reactions that will inconvenience the subject.<\/td><\/tr><tr><td>low<\/td><td/><td>Not likely to result in any inconveniences for the subject.<\/td><\/tr><\/table><\/div>"},"identifier":{"value":"http://hl7.org/fhir/vs/criticality"},"name":{"value":"Criticality"},"publisher":{"value":"HL7 (FHIR Project)"},"telecom":[{"system":{"value":"url"},"value":{"value":"http://hl7.org/fhir"}},{"system":{"value":"email"},"value":{"value":"fhir@lists.hl7.org"}}],"description":{"value":"The criticality of an adverse sensitivity"},"status":{"value":"draft"},"date":{"value":"2023-05-12T00:10:00"},"define":{"system":{"value":"http://hl7.org/fhir/criticality"},"caseSensitive":{"value":true},"concept":[{"code":{"value":"fatal"},"definition":{"value":"Likely to result in death if re-exposed."}},{"code":{"value":"high"},"definition":{"value":"Likely to result in reactions that will need to be treated if re-exposed."}},{"code":{"value":"medium"},"definition":{"value":"Likely to result in reactions that will inconvenience the subject."}},{"code":{"value":"low"},"definition":{"value":"Not likely to result in any inconveniences for the subject."}}]}}}