<?xml version="1.0" encoding="UTF-8"?>

<ValueSet xmlns="http://hl7.org/fhir">
  <text>
    <status value="generated"/>
    <div xmlns="http://www.w3.org/1999/xhtml">
      <h2>FHIRDefinedType</h2>
      <p>Either a resource or a data type</p>
      <p>This value set defines it&#39;s own terms in the system http://hl7.org/fhir/defined-types</p>
      <table>
        <tr>
          <td>
            <b>Code</b>
          </td>
          <td>
            <b>Display</b>
          </td>
          <td>
            <b>Definition</b>
          </td>
        </tr>
        <tr>
          <td>Address</td>
          <td/>
          <td>There is a variety of postal address formats defined around the world. This format defines a superset that is the basis for addresses all around the world.</td>
        </tr>
        <tr>
          <td>Age</td>
          <td/>
          <td>The unit must be an amount of time and a UCUM unit must be provided, and the value must be positive</td>
        </tr>
        <tr>
          <td>Attachment</td>
          <td/>
          <td>For referring to data content defined in other formats.</td>
        </tr>
        <tr>
          <td>Choice</td>
          <td/>
          <td>A code taken from a short list of codes that are not defined in a formal code system.</td>
        </tr>
        <tr>
          <td>CodeableConcept</td>
          <td/>
          <td>A concept that may be defined by a formal reference to a terminology or ontology or may be provided by text.</td>
        </tr>
        <tr>
          <td>Coding</td>
          <td/>
          <td>A reference to a code defined by a terminology system.</td>
        </tr>
        <tr>
          <td>Contact</td>
          <td/>
          <td>All kinds of technology mediated contact details for a person or organisation, including telephone, email, etc.</td>
        </tr>
        <tr>
          <td>Count</td>
          <td/>
          <td>The value must a whole number and the UCUM unit must be &quot;1&quot;</td>
        </tr>
        <tr>
          <td>Distance</td>
          <td/>
          <td>The unit must be an amount of length and a UCUM unit must be provided.</td>
        </tr>
        <tr>
          <td>Duration</td>
          <td/>
          <td>The unit must be an amount of time and a UCUM unit must be provided.</td>
        </tr>
        <tr>
          <td>Extension</td>
          <td/>
          <td>Optional Extensions Element - found in all resources.</td>
        </tr>
        <tr>
          <td>HumanName</td>
          <td/>
          <td>A human&#39;s name with the ability to identify parts and usage.</td>
        </tr>
        <tr>
          <td>Identifier</td>
          <td/>
          <td>A technical identifier - identifies some entity uniquely and unambiguously.</td>
        </tr>
        <tr>
          <td>Money</td>
          <td/>
          <td>The unit must be a currency and the code must from ISO 4217 (system = &quot;urn:std:iso:4217&quot;)</td>
        </tr>
        <tr>
          <td>Narrative</td>
          <td/>
          <td>A human readable formatted text, including images.</td>
        </tr>
        <tr>
          <td>Period</td>
          <td/>
          <td>A time period defined by a start and end time.</td>
        </tr>
        <tr>
          <td>Quantity</td>
          <td/>
          <td>A measured amount (or an amount that can potentially be measured). Note that measured amounts include amounts that are not precisely quantified, including amounts involving arbitrary units and floating currencies.</td>
        </tr>
        <tr>
          <td>Range</td>
          <td/>
          <td>A set of ordered Quantities defined by a low and high limit.</td>
        </tr>
        <tr>
          <td>Ratio</td>
          <td/>
          <td>A ratio of two Quantity values - a numerator and a denominator.</td>
        </tr>
        <tr>
          <td>ResourceReference</td>
          <td/>
          <td>A reference from one resource to another.</td>
        </tr>
        <tr>
          <td>SampledData</td>
          <td/>
          <td>A series of measurements taken by a device, with upper and lower limits. There may be more than one dimension in the data.</td>
        </tr>
        <tr>
          <td>Schedule</td>
          <td/>
          <td>A schedule that specifies an event that may occur multiple times. Schedules are not used for recording when things did happen, but when they are expected or requested to occur.</td>
        </tr>
        <tr>
          <td>base64Binary</td>
          <td/>
          <td>A stream of bytes</td>
        </tr>
        <tr>
          <td>boolean</td>
          <td/>
          <td>Value of &quot;true&quot; or &quot;false&quot;</td>
        </tr>
        <tr>
          <td>code</td>
          <td/>
          <td>A string which has at least one character and no leading or trailing whitespace and where there is no whitespace other than single spaces in the contents</td>
        </tr>
        <tr>
          <td>date</td>
          <td/>
          <td>A date, or partial date (e.g. just year or year + month). There is no timezone. The format is a union of the schema types gYear, gYearMonth and date.  Dates must be valid dates.</td>
        </tr>
        <tr>
          <td>dateTime</td>
          <td/>
          <td>A date, date-time or partial date (e.g. just year or year + month).  If hours and minutes are specified, a timezone must be populated. The format is a union of the schema types gYear, gYearMonth, date and dateTime. Seconds may be provided but may also be ignored.  Dates must be valid dates.</td>
        </tr>
        <tr>
          <td>decimal</td>
          <td/>
          <td>A rational number with implicit precision</td>
        </tr>
        <tr>
          <td>id</td>
          <td/>
          <td>A whole number in the range 0 to 2^64-1, optionally represented in hex, a uuid, an oid or any other combination of lower-case letters a-z, numerals, &quot;-&quot; and &quot;.&quot;, with a length limit of 36 characters</td>
        </tr>
        <tr>
          <td>instant</td>
          <td/>
          <td>An instant in time - known at least to the second</td>
        </tr>
        <tr>
          <td>integer</td>
          <td/>
          <td>A whole number</td>
        </tr>
        <tr>
          <td>oid</td>
          <td/>
          <td>An oid represented as a URI</td>
        </tr>
        <tr>
          <td>string</td>
          <td/>
          <td>A sequence of Unicode characters</td>
        </tr>
        <tr>
          <td>uri</td>
          <td/>
          <td>String of characters used to identify a name or a resource</td>
        </tr>
        <tr>
          <td>uuid</td>
          <td/>
          <td>A UUID, represented as a URI</td>
        </tr>
        <tr>
          <td>AdverseReaction</td>
          <td/>
          <td>Specific reactions to a substance.</td>
        </tr>
        <tr>
          <td>Alert</td>
          <td/>
          <td>Prospective warnings of potential issues when providing care to the patient.</td>
        </tr>
        <tr>
          <td>AllergyIntolerance</td>
          <td/>
          <td>Allergy/Intolerance.</td>
        </tr>
        <tr>
          <td>CarePlan</td>
          <td/>
          <td>Describes the intention of how one or more practitioners intend to deliver care for a particular patient for a period of time, possibly limited to care for a specific condition or set of conditions.</td>
        </tr>
        <tr>
          <td>Condition</td>
          <td/>
          <td>Use to record detailed information about conditions, problems or diagnoses recognized by a clinician. There are many uses including: recording a Diagnosis during an Encounter; populating a problem List or a Summary Statement, such as a Discharge Summary.</td>
        </tr>
        <tr>
          <td>Conformance</td>
          <td/>
          <td>A conformance statement about how an application or implementation supports FHIR or the set of requirements for a desired implementation.</td>
        </tr>
        <tr>
          <td>Coverage</td>
          <td/>
          <td>Financial instrument by which payment information for health care.</td>
        </tr>
        <tr>
          <td>Device</td>
          <td/>
          <td>This resource identifies an instance of a manufactured thing that is used in the provision of healthcare without being substantially changed through that activity. The device may be a machine, an insert, a computer, an application, etc. This includes durable (reusable) medical equipment as well as disposable equipment used for diagnostic, treatment, and research for healthcare and public health.</td>
        </tr>
        <tr>
          <td>DeviceCapabilities</td>
          <td/>
          <td>Describes the set of data produced by a device.</td>
        </tr>
        <tr>
          <td>DeviceLog</td>
          <td/>
          <td>A set of raw data produced by a device.</td>
        </tr>
        <tr>
          <td>DeviceObservation</td>
          <td/>
          <td>A set of observations produced by a device.</td>
        </tr>
        <tr>
          <td>DiagnosticOrder</td>
          <td/>
          <td>A request for a diagnostic investigation service to be performed.</td>
        </tr>
        <tr>
          <td>DiagnosticReport</td>
          <td/>
          <td>The findings and interpretation of diagnostic  tests performed on patients and/or specimens. The report includes clinical context such as requesting and provider information, and some mix of atomic results, images, textual and coded interpretation, and formatted representation of diagnostic reports.</td>
        </tr>
        <tr>
          <td>Document</td>
          <td/>
          <td>A documentation of healthcare-related information that is assembled together into a single statement of meaning that establishes its own context. A document is composed of a set of resources that include both human and computer readable portions. A human may attest to the accuracy of the human readable portion and may authenticate and/or sign the entire whole. A document may be kept as a set of logically linked resources, or they may be bundled together in an atom feed.</td>
        </tr>
        <tr>
          <td>DocumentReference</td>
          <td/>
          <td>A reference to a document.</td>
        </tr>
        <tr>
          <td>Encounter</td>
          <td/>
          <td>An interaction between a patient and healthcare provider(s) for the purpose of providing healthcare service(s) or assessing the health status of a patient.</td>
        </tr>
        <tr>
          <td>FamilyHistory</td>
          <td/>
          <td>Significant health events and conditions for people related to the subject relevant in the context of care for the subject.</td>
        </tr>
        <tr>
          <td>Group</td>
          <td/>
          <td>Represents a defined collection of entities that may be discussed or acted upon collectively but which are not expected to act collectively and are not formally or legally recognized.  I.e. A collection of entities that isn&#39;t an Organization.</td>
        </tr>
        <tr>
          <td>ImagingStudy</td>
          <td/>
          <td>Manifest of a set of images produced in study. The set of images may include every image in the study, or it may be an incomplete sample, such as a list of key images.</td>
        </tr>
        <tr>
          <td>Immunization</td>
          <td/>
          <td>Immunization event information.</td>
        </tr>
        <tr>
          <td>ImmunizationProfile</td>
          <td/>
          <td>A patient&#39;s point-of-time immunization status and recommendation with optional supporting justification.</td>
        </tr>
        <tr>
          <td>List</td>
          <td/>
          <td>A set of information summarized from a list of other resources.</td>
        </tr>
        <tr>
          <td>Location</td>
          <td/>
          <td>Contact details and position information for a physical place that may be visited and where healthcare resources and participants may be found or contained, accommodated, or stored.</td>
        </tr>
        <tr>
          <td>Media</td>
          <td/>
          <td>A photo, video, or audio recording acquired or used in healthcare. The actual content maybe inline or provided by direct reference.</td>
        </tr>
        <tr>
          <td>Medication</td>
          <td/>
          <td>Primarily used for identification and definition of Medication, but also covers ingredients and packaging.</td>
        </tr>
        <tr>
          <td>MedicationAdministration</td>
          <td/>
          <td>Describes the event of a patient being given a dose of a medication.  This may be as simple as swallowing a tablet or it may be a long running infusion.

Related resources tie this event to the authorizing prescription, and the specific encounter between patient and health care practitioner.</td>
        </tr>
        <tr>
          <td>MedicationDispense</td>
          <td/>
          <td>Dispensing a medication to a named patient.  This includes a description of the supply provided and the instructions for administering the medication.</td>
        </tr>
        <tr>
          <td>MedicationPrescription</td>
          <td/>
          <td>An order for both supply of the medication and the instructions for administration of the medicine to a patient.</td>
        </tr>
        <tr>
          <td>MedicationStatement</td>
          <td/>
          <td>A record of medication being taken by a patient, or that the medication has been given to a patient where the record is the result of a report from the patient, or another clinician.</td>
        </tr>
        <tr>
          <td>Message</td>
          <td/>
          <td>The root for a transmission either requesting or responding to an action.  The resource(s) that are the subject of the action as well as other Information related to the action are typically transmitted in a bundle of which the Message resource instance is the first resource in the bundle.</td>
        </tr>
        <tr>
          <td>Observation</td>
          <td/>
          <td>Simple assertions and measurements made about a patient, device or other subject.</td>
        </tr>
        <tr>
          <td>OperationOutcome</td>
          <td/>
          <td>A collection of error, warning or information messages that result from a system action.</td>
        </tr>
        <tr>
          <td>Order</td>
          <td/>
          <td>A request to perform an action.</td>
        </tr>
        <tr>
          <td>OrderResponse</td>
          <td/>
          <td>A response to an order.</td>
        </tr>
        <tr>
          <td>Organization</td>
          <td/>
          <td>A formally or informally recognized grouping of people or organizations formed for the purpose of achieving some form of collective action.  Includes companies, institutions, corporations, departments, community groups, healthcare practice groups, etc.</td>
        </tr>
        <tr>
          <td>Other</td>
          <td/>
          <td>Other is a conformant for handling resource concepts not yet defined for FHIR or outside HL7&#39;s scope of interest.</td>
        </tr>
        <tr>
          <td>Patient</td>
          <td/>
          <td>Demographics and other administrative information about a person or animal receiving care or other health-related services.</td>
        </tr>
        <tr>
          <td>Practitioner</td>
          <td/>
          <td>Demographics and qualification information for an individual who is directly or indirectly involved in the provisioning of healthcare.</td>
        </tr>
        <tr>
          <td>Procedure</td>
          <td/>
          <td>An action that is performed on a patient. This can be a physical &#39;thing&#39; like an operation, or less invasive like counseling or hypnotherapy.</td>
        </tr>
        <tr>
          <td>Profile</td>
          <td/>
          <td>A Resource Profile - a statement of use of one or more FHIR Resources.  It may include constraints on Resources and Data Types, Terminology Binding Statements and Extension Definitions.</td>
        </tr>
        <tr>
          <td>Provenance</td>
          <td/>
          <td>Provenance information that describes the activity that lead to the creation of a set of resources. This information can be used to help determine their reliability or trace where the information in them came from. The focus of the provenance resource is record keeping, audit and traceability, and not explicit statements of clinical significance.</td>
        </tr>
        <tr>
          <td>Query</td>
          <td/>
          <td>A description of a query with a set of parameters.</td>
        </tr>
        <tr>
          <td>Questionnaire</td>
          <td/>
          <td>A set of answers to predefined lists of questions. The questions may be ordered and grouped into coherent subsets, corresponding to the structure of the grouping of the underlying questions.</td>
        </tr>
        <tr>
          <td>RelatedPerson</td>
          <td/>
          <td>Information about a person that is involved in the care for a patient, but who is not the target of healthcare, nor has a formal responsibility in the care process.</td>
        </tr>
        <tr>
          <td>SecurityEvent</td>
          <td/>
          <td>A record of an event made for purposes of maintaining a security log. Typical uses include detection of intrusion attempts and monitoring for inappropriate usage.</td>
        </tr>
        <tr>
          <td>Specimen</td>
          <td/>
          <td>Sample for analysis.</td>
        </tr>
        <tr>
          <td>Substance</td>
          <td/>
          <td>A homogeneous material with a definite composition used in healthcare.</td>
        </tr>
        <tr>
          <td>Supply</td>
          <td/>
          <td>A supply -  request and provision.</td>
        </tr>
        <tr>
          <td>ValueSet</td>
          <td/>
          <td>A value set specifies a set of codes drawn from one or more code systems.</td>
        </tr>
        <tr>
          <td>Appointment</td>
          <td/>
          <td>Yet to be defined</td>
        </tr>
        <tr>
          <td>InterestOfCare</td>
          <td/>
          <td>Yet to be defined</td>
        </tr>
      </table>
    </div>
  </text>
  <identifier value="http://hl7.org/fhir/vs/defined-types"/>
  <name value="FHIRDefinedType"/>
  <publisher value="HL7 (FHIR Project)"/>
  <telecom>
    <system value="url"/>
    <value value="http://hl7.org/fhir"/>
  </telecom>
  <telecom>
    <system value="email"/>
    <value value="fhir@lists.hl7.org"/>
  </telecom>
  <description value="Either a resource or a data type"/>
  <status value="draft"/>
  <date value="2023-05-12T00:10:00"/>
  <define>
    <system value="http://hl7.org/fhir/defined-types"/>
    <caseSensitive value="true"/>
    <concept>
      <code value="Address"/>
      <definition value="There is a variety of postal address formats defined around the world. This format defines a superset that is the basis for addresses all around the world."/>
    </concept>
    <concept>
      <code value="Age"/>
      <definition value="The unit must be an amount of time and a UCUM unit must be provided, and the value must be positive"/>
    </concept>
    <concept>
      <code value="Attachment"/>
      <definition value="For referring to data content defined in other formats."/>
    </concept>
    <concept>
      <code value="Choice"/>
      <definition value="A code taken from a short list of codes that are not defined in a formal code system."/>
    </concept>
    <concept>
      <code value="CodeableConcept"/>
      <definition value="A concept that may be defined by a formal reference to a terminology or ontology or may be provided by text."/>
    </concept>
    <concept>
      <code value="Coding"/>
      <definition value="A reference to a code defined by a terminology system."/>
    </concept>
    <concept>
      <code value="Contact"/>
      <definition value="All kinds of technology mediated contact details for a person or organisation, including telephone, email, etc."/>
    </concept>
    <concept>
      <code value="Count"/>
      <definition value="The value must a whole number and the UCUM unit must be &quot;1&quot;"/>
    </concept>
    <concept>
      <code value="Distance"/>
      <definition value="The unit must be an amount of length and a UCUM unit must be provided."/>
    </concept>
    <concept>
      <code value="Duration"/>
      <definition value="The unit must be an amount of time and a UCUM unit must be provided."/>
    </concept>
    <concept>
      <code value="Extension"/>
      <definition value="Optional Extensions Element - found in all resources."/>
    </concept>
    <concept>
      <code value="HumanName"/>
      <definition value="A human&#39;s name with the ability to identify parts and usage."/>
    </concept>
    <concept>
      <code value="Identifier"/>
      <definition value="A technical identifier - identifies some entity uniquely and unambiguously."/>
    </concept>
    <concept>
      <code value="Money"/>
      <definition value="The unit must be a currency and the code must from ISO 4217 (system = &quot;urn:std:iso:4217&quot;)"/>
    </concept>
    <concept>
      <code value="Narrative"/>
      <definition value="A human readable formatted text, including images."/>
    </concept>
    <concept>
      <code value="Period"/>
      <definition value="A time period defined by a start and end time."/>
    </concept>
    <concept>
      <code value="Quantity"/>
      <definition value="A measured amount (or an amount that can potentially be measured). Note that measured amounts include amounts that are not precisely quantified, including amounts involving arbitrary units and floating currencies."/>
    </concept>
    <concept>
      <code value="Range"/>
      <definition value="A set of ordered Quantities defined by a low and high limit."/>
    </concept>
    <concept>
      <code value="Ratio"/>
      <definition value="A ratio of two Quantity values - a numerator and a denominator."/>
    </concept>
    <concept>
      <code value="ResourceReference"/>
      <definition value="A reference from one resource to another."/>
    </concept>
    <concept>
      <code value="SampledData"/>
      <definition value="A series of measurements taken by a device, with upper and lower limits. There may be more than one dimension in the data."/>
    </concept>
    <concept>
      <code value="Schedule"/>
      <definition value="A schedule that specifies an event that may occur multiple times. Schedules are not used for recording when things did happen, but when they are expected or requested to occur."/>
    </concept>
    <concept>
      <code value="base64Binary"/>
      <definition value="A stream of bytes"/>
    </concept>
    <concept>
      <code value="boolean"/>
      <definition value="Value of &quot;true&quot; or &quot;false&quot;"/>
    </concept>
    <concept>
      <code value="code"/>
      <definition value="A string which has at least one character and no leading or trailing whitespace and where there is no whitespace other than single spaces in the contents"/>
    </concept>
    <concept>
      <code value="date"/>
      <definition value="A date, or partial date (e.g. just year or year + month). There is no timezone. The format is a union of the schema types gYear, gYearMonth and date.  Dates must be valid dates."/>
    </concept>
    <concept>
      <code value="dateTime"/>
      <definition value="A date, date-time or partial date (e.g. just year or year + month).  If hours and minutes are specified, a timezone must be populated. The format is a union of the schema types gYear, gYearMonth, date and dateTime. Seconds may be provided but may also be ignored.  Dates must be valid dates."/>
    </concept>
    <concept>
      <code value="decimal"/>
      <definition value="A rational number with implicit precision"/>
    </concept>
    <concept>
      <code value="id"/>
      <definition value="A whole number in the range 0 to 2^64-1, optionally represented in hex, a uuid, an oid or any other combination of lower-case letters a-z, numerals, &quot;-&quot; and &quot;.&quot;, with a length limit of 36 characters"/>
    </concept>
    <concept>
      <code value="instant"/>
      <definition value="An instant in time - known at least to the second"/>
    </concept>
    <concept>
      <code value="integer"/>
      <definition value="A whole number"/>
    </concept>
    <concept>
      <code value="oid"/>
      <definition value="An oid represented as a URI"/>
    </concept>
    <concept>
      <code value="string"/>
      <definition value="A sequence of Unicode characters"/>
    </concept>
    <concept>
      <code value="uri"/>
      <definition value="String of characters used to identify a name or a resource"/>
    </concept>
    <concept>
      <code value="uuid"/>
      <definition value="A UUID, represented as a URI"/>
    </concept>
    <concept>
      <code value="AdverseReaction"/>
      <definition value="Specific reactions to a substance."/>
    </concept>
    <concept>
      <code value="Alert"/>
      <definition value="Prospective warnings of potential issues when providing care to the patient."/>
    </concept>
    <concept>
      <code value="AllergyIntolerance"/>
      <definition value="Allergy/Intolerance."/>
    </concept>
    <concept>
      <code value="CarePlan"/>
      <definition value="Describes the intention of how one or more practitioners intend to deliver care for a particular patient for a period of time, possibly limited to care for a specific condition or set of conditions."/>
    </concept>
    <concept>
      <code value="Condition"/>
      <definition value="Use to record detailed information about conditions, problems or diagnoses recognized by a clinician. There are many uses including: recording a Diagnosis during an Encounter; populating a problem List or a Summary Statement, such as a Discharge Summary."/>
    </concept>
    <concept>
      <code value="Conformance"/>
      <definition value="A conformance statement about how an application or implementation supports FHIR or the set of requirements for a desired implementation."/>
    </concept>
    <concept>
      <code value="Coverage"/>
      <definition value="Financial instrument by which payment information for health care."/>
    </concept>
    <concept>
      <code value="Device"/>
      <definition value="This resource identifies an instance of a manufactured thing that is used in the provision of healthcare without being substantially changed through that activity. The device may be a machine, an insert, a computer, an application, etc. This includes durable (reusable) medical equipment as well as disposable equipment used for diagnostic, treatment, and research for healthcare and public health."/>
    </concept>
    <concept>
      <code value="DeviceCapabilities"/>
      <definition value="Describes the set of data produced by a device."/>
    </concept>
    <concept>
      <code value="DeviceLog"/>
      <definition value="A set of raw data produced by a device."/>
    </concept>
    <concept>
      <code value="DeviceObservation"/>
      <definition value="A set of observations produced by a device."/>
    </concept>
    <concept>
      <code value="DiagnosticOrder"/>
      <definition value="A request for a diagnostic investigation service to be performed."/>
    </concept>
    <concept>
      <code value="DiagnosticReport"/>
      <definition value="The findings and interpretation of diagnostic  tests performed on patients and/or specimens. The report includes clinical context such as requesting and provider information, and some mix of atomic results, images, textual and coded interpretation, and formatted representation of diagnostic reports."/>
    </concept>
    <concept>
      <code value="Document"/>
      <definition value="A documentation of healthcare-related information that is assembled together into a single statement of meaning that establishes its own context. A document is composed of a set of resources that include both human and computer readable portions. A human may attest to the accuracy of the human readable portion and may authenticate and/or sign the entire whole. A document may be kept as a set of logically linked resources, or they may be bundled together in an atom feed."/>
    </concept>
    <concept>
      <code value="DocumentReference"/>
      <definition value="A reference to a document."/>
    </concept>
    <concept>
      <code value="Encounter"/>
      <definition value="An interaction between a patient and healthcare provider(s) for the purpose of providing healthcare service(s) or assessing the health status of a patient."/>
    </concept>
    <concept>
      <code value="FamilyHistory"/>
      <definition value="Significant health events and conditions for people related to the subject relevant in the context of care for the subject."/>
    </concept>
    <concept>
      <code value="Group"/>
      <definition value="Represents a defined collection of entities that may be discussed or acted upon collectively but which are not expected to act collectively and are not formally or legally recognized.  I.e. A collection of entities that isn&#39;t an Organization."/>
    </concept>
    <concept>
      <code value="ImagingStudy"/>
      <definition value="Manifest of a set of images produced in study. The set of images may include every image in the study, or it may be an incomplete sample, such as a list of key images."/>
    </concept>
    <concept>
      <code value="Immunization"/>
      <definition value="Immunization event information."/>
    </concept>
    <concept>
      <code value="ImmunizationProfile"/>
      <definition value="A patient&#39;s point-of-time immunization status and recommendation with optional supporting justification."/>
    </concept>
    <concept>
      <code value="List"/>
      <definition value="A set of information summarized from a list of other resources."/>
    </concept>
    <concept>
      <code value="Location"/>
      <definition value="Contact details and position information for a physical place that may be visited and where healthcare resources and participants may be found or contained, accommodated, or stored."/>
    </concept>
    <concept>
      <code value="Media"/>
      <definition value="A photo, video, or audio recording acquired or used in healthcare. The actual content maybe inline or provided by direct reference."/>
    </concept>
    <concept>
      <code value="Medication"/>
      <definition value="Primarily used for identification and definition of Medication, but also covers ingredients and packaging."/>
    </concept>
    <concept>
      <code value="MedicationAdministration"/>
      <definition value="Describes the event of a patient being given a dose of a medication.  This may be as simple as swallowing a tablet or it may be a long running infusion.

Related resources tie this event to the authorizing prescription, and the specific encounter between patient and health care practitioner."/>
    </concept>
    <concept>
      <code value="MedicationDispense"/>
      <definition value="Dispensing a medication to a named patient.  This includes a description of the supply provided and the instructions for administering the medication."/>
    </concept>
    <concept>
      <code value="MedicationPrescription"/>
      <definition value="An order for both supply of the medication and the instructions for administration of the medicine to a patient."/>
    </concept>
    <concept>
      <code value="MedicationStatement"/>
      <definition value="A record of medication being taken by a patient, or that the medication has been given to a patient where the record is the result of a report from the patient, or another clinician."/>
    </concept>
    <concept>
      <code value="Message"/>
      <definition value="The root for a transmission either requesting or responding to an action.  The resource(s) that are the subject of the action as well as other Information related to the action are typically transmitted in a bundle of which the Message resource instance is the first resource in the bundle."/>
    </concept>
    <concept>
      <code value="Observation"/>
      <definition value="Simple assertions and measurements made about a patient, device or other subject."/>
    </concept>
    <concept>
      <code value="OperationOutcome"/>
      <definition value="A collection of error, warning or information messages that result from a system action."/>
    </concept>
    <concept>
      <code value="Order"/>
      <definition value="A request to perform an action."/>
    </concept>
    <concept>
      <code value="OrderResponse"/>
      <definition value="A response to an order."/>
    </concept>
    <concept>
      <code value="Organization"/>
      <definition value="A formally or informally recognized grouping of people or organizations formed for the purpose of achieving some form of collective action.  Includes companies, institutions, corporations, departments, community groups, healthcare practice groups, etc."/>
    </concept>
    <concept>
      <code value="Other"/>
      <definition value="Other is a conformant for handling resource concepts not yet defined for FHIR or outside HL7&#39;s scope of interest."/>
    </concept>
    <concept>
      <code value="Patient"/>
      <definition value="Demographics and other administrative information about a person or animal receiving care or other health-related services."/>
    </concept>
    <concept>
      <code value="Practitioner"/>
      <definition value="Demographics and qualification information for an individual who is directly or indirectly involved in the provisioning of healthcare."/>
    </concept>
    <concept>
      <code value="Procedure"/>
      <definition value="An action that is performed on a patient. This can be a physical &#39;thing&#39; like an operation, or less invasive like counseling or hypnotherapy."/>
    </concept>
    <concept>
      <code value="Profile"/>
      <definition value="A Resource Profile - a statement of use of one or more FHIR Resources.  It may include constraints on Resources and Data Types, Terminology Binding Statements and Extension Definitions."/>
    </concept>
    <concept>
      <code value="Provenance"/>
      <definition value="Provenance information that describes the activity that lead to the creation of a set of resources. This information can be used to help determine their reliability or trace where the information in them came from. The focus of the provenance resource is record keeping, audit and traceability, and not explicit statements of clinical significance."/>
    </concept>
    <concept>
      <code value="Query"/>
      <definition value="A description of a query with a set of parameters."/>
    </concept>
    <concept>
      <code value="Questionnaire"/>
      <definition value="A set of answers to predefined lists of questions. The questions may be ordered and grouped into coherent subsets, corresponding to the structure of the grouping of the underlying questions."/>
    </concept>
    <concept>
      <code value="RelatedPerson"/>
      <definition value="Information about a person that is involved in the care for a patient, but who is not the target of healthcare, nor has a formal responsibility in the care process."/>
    </concept>
    <concept>
      <code value="SecurityEvent"/>
      <definition value="A record of an event made for purposes of maintaining a security log. Typical uses include detection of intrusion attempts and monitoring for inappropriate usage."/>
    </concept>
    <concept>
      <code value="Specimen"/>
      <definition value="Sample for analysis."/>
    </concept>
    <concept>
      <code value="Substance"/>
      <definition value="A homogeneous material with a definite composition used in healthcare."/>
    </concept>
    <concept>
      <code value="Supply"/>
      <definition value="A supply -  request and provision."/>
    </concept>
    <concept>
      <code value="ValueSet"/>
      <definition value="A value set specifies a set of codes drawn from one or more code systems."/>
    </concept>
    <concept>
      <code value="Appointment"/>
      <definition value="Yet to be defined"/>
    </concept>
    <concept>
      <code value="InterestOfCare"/>
      <definition value="Yet to be defined"/>
    </concept>
  </define>
</ValueSet>