{"Profile":{"text":{"status":{"value":"generated"},"div":"<div><pre>\r\n&lt;<a title=\"A set of raw data produced by a device.\" class=\"dict\" href=\"devicelog-definitions.htm#DeviceLog\"><b>DeviceLog<\/b><\/a> xmlns=&quot;http://hl7.org/fhir&quot;&gt;\r\n &lt;!-- from <a href=\"resources.htm\">Resource<\/a>: <a href=\"extensibility.htm\">extension<\/a>, <a href=\"narrative.htm#Narrative\">narrative<\/a>, and <a href=\"references.htm#contained\">contained<\/a> --&gt;\r\n &lt;<a title=\"The point in time that the values are reported.\" class=\"dict\" href=\"devicelog-definitions.htm#DeviceLog.instant\"><b>instant<\/b><\/a> value=&quot;[<span style=\"color: darkgreen\"><a href=\"datatypes.htm#instant\">instant<\/a><\/span>]&quot;/&gt;<span style=\"color: Gray\">&lt;!--<\/span> <span style=\"color: brown\"><b>0..1<\/b><\/span> <span style=\"color: navy\">When the data values are reported<\/span><span style=\"color: Gray\"> --&gt;<\/span>\r\n &lt;<a title=\"An explicit reference  to the capabilities.\" class=\"dict\" href=\"devicelog-definitions.htm#DeviceLog.capabilities\"><b>capabilities<\/b><\/a>&gt;<span style=\"color: Gray\">&lt;!--<\/span> <span style=\"color: brown\"><b>0..1<\/b><\/span> <span style=\"color: darkgreen\"><a href=\"references.htm#Resource\">Resource<\/a>(<a href=\"devicecapabilities.htm#DeviceCapabilities\">DeviceCapabilities<\/a>)<\/span> <span style=\"color: navy\">Explicit reference to the capabilities<\/span><span style=\"color: Gray\"> --&gt;<\/span>&lt;/capabilities&gt;\r\n &lt;<a title=\"The subject of the measurement.\" class=\"dict\" href=\"devicelog-definitions.htm#DeviceLog.subject\"><b>subject<\/b><\/a>&gt;<span style=\"color: Gray\">&lt;!--<\/span> <span style=\"color: brown\"><b>0..1<\/b><\/span> <span style=\"color: darkgreen\"><a href=\"references.htm#Resource\">Resource<\/a>(<a href=\"patient.htm#Patient\">Patient<\/a>|<a href=\"group.htm#Group\">Group<\/a>|<a href=\"device.htm#Device\">Device<\/a>)<\/span> <span style=\"color: navy\">Subject of the measurement<\/span><span style=\"color: Gray\"> --&gt;<\/span>&lt;/subject&gt;\r\n &lt;<a title=\"An item of data that the device produces.\" class=\"dict\" href=\"devicelog-definitions.htm#DeviceLog.item\"><b>item<\/b><\/a>&gt;  <span style=\"color: Gray\">&lt;!-- <span style=\"color: brown\"><b>0..*<\/b><\/span> An item of data --&gt;<\/span>\r\n  &lt;<a title=\"Reference to a device capabilities declaration.\" class=\"dict\" href=\"devicelog-definitions.htm#DeviceLog.item.key\"><b>key<\/b><\/a> value=&quot;[<span style=\"color: darkgreen\"><a href=\"datatypes.htm#string\">string<\/a><\/span>]&quot;/&gt;<span style=\"color: Gray\">&lt;!--<\/span> <span style=\"color: brown\"><b>1..1<\/b><\/span> <span style=\"color: navy\">Reference to device capabilities declaration<\/span><span style=\"color: Gray\"> --&gt;<\/span>\r\n  &lt;<a title=\"The value of the data item, if available. Irrespective of the logical format of the data item, the value is always represented as a string.\" class=\"dict\" href=\"devicelog-definitions.htm#DeviceLog.item.value\"><b>value<\/b><\/a> value=&quot;[<span style=\"color: darkgreen\"><a href=\"datatypes.htm#string\">string<\/a><\/span>]&quot;/&gt;<span style=\"color: Gray\">&lt;!--<\/span> <span style=\"color: brown\"><b>0..1<\/b><\/span> <span style=\"color: navy\">The value of the data item, if available<\/span><span style=\"color: Gray\"> --&gt;<\/span>\r\n  &lt;<a title=\"Information about the quality of the data etc (this element modifies the meaning of other elements)\" class=\"dict\" href=\"devicelog-definitions.htm#DeviceLog.item.flag\"><span style=\"text-decoration: underline\"><b>flag<\/b><\/span><\/a> value=&quot;[<span style=\"color: darkgreen\"><a href=\"datatypes.htm#code\">code<\/a><\/span>]&quot;/&gt;<span style=\"color: Gray\">&lt;!--<\/span> <span style=\"color: brown\"><b>0..*<\/b><\/span> <span style=\"color: navy\"><a style=\"color: navy\" href=\"device-value-flag.htm\">Information about the quality of the data etc<\/a><\/span><span style=\"color: Gray\"> --&gt;<\/span>\r\n &lt;/item&gt;\r\n&lt;/DeviceLog&gt;\r\n<\/pre><\/div>"},"name":{"value":"devicelog"},"publisher":{"value":"FHIR Project"},"description":{"value":"Basic Profile. A set of raw data produced by a device."},"status":{"value":"draft"},"date":{"value":"2014-01-31"},"structure":[{"type":{"value":"DeviceLog"},"publish":{"value":true},"element":[{"path":{"value":"DeviceLog"},"definition":{"short":{"value":"A set of raw data produced by a device"},"formal":{"value":"A set of raw data produced by a device."},"comments":{"value":"This resource can only be understood in the context of the DeviceCapabilities that defines what the meanings of the key values are."},"min":{"value":1},"max":{"value":"1"},"type":[{"code":{"value":"Resource"}}],"condition":[],"isModifier":{"value":false}}},{"path":{"value":"DeviceLog.extension"},"definition":{"short":{"value":"Additional Content defined by implementations"},"formal":{"value":"May be used to represent additional information that is not part of the basic definition of the resource. In order to make the use of extensions safe and manageable, there is a strict governance applied to the definition and use of extensions. Though any implementer is allowed to define an extension, there is a set of requirements that must be met as part of the definition of the extension."},"comments":{"value":"there can be no stigma\nassociated with the use of extensions by any application, project, or standard - regardless of the institution or jurisdiction that uses or defines the extensions.  The use of extensions is what allows the FHIR specification to retain a core simplicity for everyone."},"synonym":[{"value":"extensions"},{"value":"user content"}],"min":{"value":0},"max":{"value":"*"},"type":[{"code":{"value":"Extension"}}],"isModifier":{"value":false}}},{"path":{"value":"DeviceLog.text"},"definition":{"short":{"value":"Text summary of the resource, for human interpretation"},"formal":{"value":"A human readable narrative that contains a summary of the resource, and may be used to represent the content of the resource to a human. The narrative need not encode all the structured data, but is required to contain sufficient detail to make it \"clinically safe\" for a human to just read the narrative. Resource definitions may define what content should be represented in the narrative to ensure clinical safety."},"comments":{"value":"Contained resources do not have narrative. Resources that are not contained SHOULD have a narrative."},"synonym":[{"value":"narrative"},{"value":"html"},{"value":"xhtml"},{"value":"display"}],"min":{"value":0},"max":{"value":"1"},"type":[{"code":{"value":"Narrative"}}],"isModifier":{"value":false}}},{"path":{"value":"DeviceLog.contained"},"definition":{"short":{"value":"Contained, inline Resources"},"formal":{"value":"These resources do not have an independent existence apart from the resource that contains them - they cannot be identified independently, and nor can they have their own independent transaction scope."},"comments":{"value":"This should never be done when the content can be identified properly, as once identification is lost, it is extremely difficult (and context dependent) to restore it again."},"synonym":[{"value":"inline resources"},{"value":"anonymous resources"},{"value":"contained resources"}],"min":{"value":0},"max":{"value":"*"},"type":[{"code":{"value":"Resource"}}],"isModifier":{"value":false}}},{"path":{"value":"DeviceLog.instant"},"definition":{"short":{"value":"When the data values are reported"},"formal":{"value":"The point in time that the values are reported."},"comments":{"value":"Not all devices have clocks, and so the time may not be included."},"min":{"value":0},"max":{"value":"1"},"type":[{"code":{"value":"instant"}}],"condition":[],"isModifier":{"value":false}}},{"path":{"value":"DeviceLog.capabilities"},"definition":{"short":{"value":"Explicit reference to the capabilities"},"formal":{"value":"An explicit reference  to the capabilities."},"comments":{"value":"Simple devices may not be in a position to provide an explicit capabilities reference (though even the simplest devices could refer to a capabilities resource on a manufacturer website)."},"min":{"value":0},"max":{"value":"1"},"type":[{"code":{"value":"Resource(DeviceCapabilities)"}}],"condition":[],"isModifier":{"value":false}}},{"path":{"value":"DeviceLog.subject"},"definition":{"short":{"value":"Subject of the measurement"},"formal":{"value":"The subject of the measurement."},"comments":{"value":"Devices may hold no information about the subject at all, or possibly just  an id read from a bar code, with no additional knowledge."},"min":{"value":0},"max":{"value":"1"},"type":[{"code":{"value":"Resource(Patient|Group|Device)"}}],"condition":[],"isModifier":{"value":false}}},{"path":{"value":"DeviceLog.item"},"definition":{"short":{"value":"An item of data"},"formal":{"value":"An item of data that the device produces."},"min":{"value":0},"max":{"value":"*"},"condition":[],"isModifier":{"value":false}}},{"path":{"value":"DeviceLog.item.key"},"definition":{"short":{"value":"Reference to device capabilities declaration"},"formal":{"value":"Reference to a device capabilities declaration."},"min":{"value":1},"max":{"value":"1"},"type":[{"code":{"value":"string"}}],"condition":[],"isModifier":{"value":false}}},{"path":{"value":"DeviceLog.item.value"},"definition":{"short":{"value":"The value of the data item, if available"},"formal":{"value":"The value of the data item, if available. Irrespective of the logical format of the data item, the value is always represented as a string."},"comments":{"value":"Usually, either a value or some flags should be provided."},"min":{"value":0},"max":{"value":"1"},"type":[{"code":{"value":"string"}}],"condition":[],"isModifier":{"value":false}}},{"path":{"value":"DeviceLog.item.flag"},"definition":{"short":{"value":"Information about the quality of the data etc"},"formal":{"value":"Information about the quality of the data etc."},"comments":{"value":"Usually, either a value or some flags should be provided."},"min":{"value":0},"max":{"value":"*"},"type":[{"code":{"value":"code"}}],"condition":[],"isModifier":{"value":true},"binding":{"value":"DeviceValueFlag"}}}]}],"binding":[{"name":{"value":"DeviceValueFlag"},"conformance":{"value":"required"},"referenceResource":{"type":{"value":"ValueSet"},"reference":{"value":"http://hl7.org/fhir/vs/device-value-flag"}}}]}}