{"Profile":{"text":{"status":{"value":"generated"},"div":"<div><pre>\r\n&lt;<a title=\"This resource identifies an instance of a manufactured thing that is used in the provision of healthcare without being substantially changed through that activity. The device may be a machine, an insert, a computer, an application, etc. This includes durable (reusable) medical equipment as well as disposable equipment used for diagnostic, treatment, and research for healthcare and public health.\" class=\"dict\" href=\"device-definitions.htm#Device\"><b>Device<\/b><\/a> xmlns=&quot;http://hl7.org/fhir&quot;&gt;\r\n &lt;!-- from <a href=\"resources.htm\">Resource<\/a>: <a href=\"extensibility.htm\">extension<\/a>, <a href=\"narrative.htm#Narrative\">narrative<\/a>, and <a href=\"references.htm#contained\">contained<\/a> --&gt;\r\n &lt;<a title=\"Describes what kind of device that this.\" class=\"dict\" href=\"device-definitions.htm#Device.type\"><b>type<\/b><\/a>&gt;<span style=\"color: Gray\">&lt;!--<\/span> <span style=\"color: brown\"><b>1..1<\/b><\/span> <span style=\"color: darkgreen\"><a href=\"datatypes.htm#CodeableConcept\">CodeableConcept<\/a><\/span> <span style=\"color: navy\">What kind of device this is<\/span><span style=\"color: Gray\"> --&gt;<\/span>&lt;/type&gt;\r\n &lt;<a title=\"The name of the manufacturer.\" class=\"dict\" href=\"device-definitions.htm#Device.manufacturer\"><b>manufacturer<\/b><\/a> value=&quot;[<span style=\"color: darkgreen\"><a href=\"datatypes.htm#string\">string<\/a><\/span>]&quot;/&gt;<span style=\"color: Gray\">&lt;!--<\/span> <span style=\"color: brown\"><b>0..1<\/b><\/span> <span style=\"color: navy\">Name of device manufacturer<\/span><span style=\"color: Gray\"> --&gt;<\/span>\r\n &lt;<a title=\"The &quot;model&quot; - an identifier assigned by the manufacturer to identify the product by its type. This number is shared by the all devices sold as the same type.\" class=\"dict\" href=\"device-definitions.htm#Device.model\"><b>model<\/b><\/a> value=&quot;[<span style=\"color: darkgreen\"><a href=\"datatypes.htm#string\">string<\/a><\/span>]&quot;/&gt;<span style=\"color: Gray\">&lt;!--<\/span> <span style=\"color: brown\"><b>0..1<\/b><\/span> <span style=\"color: navy\">Model id assigned by the manufacturer<\/span><span style=\"color: Gray\"> --&gt;<\/span>\r\n &lt;<a title=\"The version of the device, if the device has multiple releases under the same model, or if the device is software or carries firmware.\" class=\"dict\" href=\"device-definitions.htm#Device.version\"><b>version<\/b><\/a> value=&quot;[<span style=\"color: darkgreen\"><a href=\"datatypes.htm#string\">string<\/a><\/span>]&quot;/&gt;<span style=\"color: Gray\">&lt;!--<\/span> <span style=\"color: brown\"><b>0..1<\/b><\/span> <span style=\"color: navy\">Version number (i.e. software)<\/span><span style=\"color: Gray\"> --&gt;<\/span>\r\n &lt;<a title=\"Date of expiry of this device (if applicable).\" class=\"dict\" href=\"device-definitions.htm#Device.expiry\"><b>expiry<\/b><\/a> value=&quot;[<span style=\"color: darkgreen\"><a href=\"datatypes.htm#date\">date<\/a><\/span>]&quot;/&gt;<span style=\"color: Gray\">&lt;!--<\/span> <span style=\"color: brown\"><b>0..1<\/b><\/span> <span style=\"color: navy\">Date of expiry of this device (if applicable)<\/span><span style=\"color: Gray\"> --&gt;<\/span>\r\n &lt;<a title=\"Universal Device Id fields.\" class=\"dict\" href=\"device-definitions.htm#Device.identity\"><b>identity<\/b><\/a>&gt;  <span style=\"color: Gray\">&lt;!-- <span style=\"color: brown\"><b>0..1<\/b><\/span> Universal Device Id fields --&gt;<\/span>\r\n  &lt;<a title=\"The number assigned to this device by an authorised issuer of Device GTINs, based on the standards set by GS1.\" class=\"dict\" href=\"device-definitions.htm#Device.identity.gtin\"><b>gtin<\/b><\/a> value=&quot;[<span style=\"color: darkgreen\"><a href=\"datatypes.htm#string\">string<\/a><\/span>]&quot;/&gt;<span style=\"color: Gray\">&lt;!--<\/span> <span style=\"color: brown\"><b>0..1<\/b><\/span> <span style=\"color: navy\">Global Trade Identification Number<\/span><span style=\"color: Gray\"> --&gt;<\/span>\r\n  &lt;<a title=\"Lot number of manufacture.\" class=\"dict\" href=\"device-definitions.htm#Device.identity.lot\"><b>lot<\/b><\/a> value=&quot;[<span style=\"color: darkgreen\"><a href=\"datatypes.htm#string\">string<\/a><\/span>]&quot;/&gt;<span style=\"color: Gray\">&lt;!--<\/span> <span style=\"color: brown\"><b>0..1<\/b><\/span> <span style=\"color: navy\">Lot number of manufacture<\/span><span style=\"color: Gray\"> --&gt;<\/span>\r\n  &lt;<a title=\"The serial number assigned by the organization when the device was manufactured.\" class=\"dict\" href=\"device-definitions.htm#Device.identity.serialNumber\"><b>serialNumber<\/b><\/a> value=&quot;[<span style=\"color: darkgreen\"><a href=\"datatypes.htm#string\">string<\/a><\/span>]&quot;/&gt;<span style=\"color: Gray\">&lt;!--<\/span> <span style=\"color: brown\"><b>1..1<\/b><\/span> <span style=\"color: navy\">Serial number assigned by the manufacturer<\/span><span style=\"color: Gray\"> --&gt;<\/span>\r\n &lt;/identity&gt;\r\n &lt;<a title=\"The organization that is responsible for the provision and ongoing maintenance of the device.\" class=\"dict\" href=\"device-definitions.htm#Device.owner\"><b>owner<\/b><\/a>&gt;<span style=\"color: Gray\">&lt;!--<\/span> <span style=\"color: brown\"><b>0..1<\/b><\/span> <span style=\"color: darkgreen\"><a href=\"references.htm#Resource\">Resource<\/a>(<a href=\"organization.htm#Organization\">Organization<\/a>)<\/span> <span style=\"color: navy\">Organization responsible for device<\/span><span style=\"color: Gray\"> --&gt;<\/span>&lt;/owner&gt;\r\n &lt;<a title=\"Identifiers assigned to this device by various organizations (unless other specific fields exist for them).\" class=\"dict\" href=\"device-definitions.htm#Device.assignedId\"><b>assignedId<\/b><\/a>&gt;<span style=\"color: Gray\">&lt;!--<\/span> <span style=\"color: brown\"><b>0..*<\/b><\/span> <span style=\"color: darkgreen\"><a href=\"datatypes.htm#Identifier\">Identifier<\/a><\/span> <span style=\"color: navy\">Identifier assigned by various organizations<\/span><span style=\"color: Gray\"> --&gt;<\/span>&lt;/assignedId&gt;\r\n &lt;<a title=\"The resource may be found in a literal location (i.e. GPS coordinates), a logical place (i.e. &quot;in/with the patient&quot;), or a coded location.\" class=\"dict\" href=\"device-definitions.htm#Device.location\"><b>location<\/b><\/a>&gt;<span style=\"color: Gray\">&lt;!--<\/span> <span style=\"color: brown\"><b>0..1<\/b><\/span> <span style=\"color: darkgreen\"><a href=\"references.htm#Resource\">Resource<\/a>(<a href=\"location.htm#Location\">Location<\/a>)<\/span> <span style=\"color: navy\">Where the resource is found<\/span><span style=\"color: Gray\"> --&gt;<\/span>&lt;/location&gt;\r\n &lt;<a title=\"If the resource is affixed to a person.\" class=\"dict\" href=\"device-definitions.htm#Device.patient\"><b>patient<\/b><\/a>&gt;<span style=\"color: Gray\">&lt;!--<\/span> <span style=\"color: brown\"><b>0..1<\/b><\/span> <span style=\"color: darkgreen\"><a href=\"references.htm#Resource\">Resource<\/a>(<a href=\"patient.htm#Patient\">Patient<\/a>)<\/span> <span style=\"color: navy\">If the resource is affixed to a person<\/span><span style=\"color: Gray\"> --&gt;<\/span>&lt;/patient&gt;\r\n &lt;<a title=\"Contact details for an organization or a particular human that is responsible for the device.\" class=\"dict\" href=\"device-definitions.htm#Device.contact\"><b>contact<\/b><\/a>&gt;<span style=\"color: Gray\">&lt;!--<\/span> <span style=\"color: brown\"><b>0..*<\/b><\/span> <span style=\"color: darkgreen\"><a href=\"datatypes.htm#Contact\">Contact<\/a><\/span> <span style=\"color: navy\">Details for human/organization for support<\/span><span style=\"color: Gray\"> --&gt;<\/span>&lt;/contact&gt;\r\n &lt;<a title=\"A network address on which the device may be contacted directly.\" class=\"dict\" href=\"device-definitions.htm#Device.url\"><b>url<\/b><\/a> value=&quot;[<span style=\"color: darkgreen\"><a href=\"datatypes.htm#uri\">uri<\/a><\/span>]&quot;/&gt;<span style=\"color: Gray\">&lt;!--<\/span> <span style=\"color: brown\"><b>0..1<\/b><\/span> <span style=\"color: navy\">Network address to contact device<\/span><span style=\"color: Gray\"> --&gt;<\/span>\r\n&lt;/Device&gt;\r\n<\/pre><\/div>"},"name":{"value":"device"},"publisher":{"value":"FHIR Project"},"description":{"value":"Basic Profile. This resource identifies an instance of a manufactured thing that is used in the provision of healthcare without being substantially changed through that activity. The device may be a machine, an insert, a computer, an application, etc. This includes durable (reusable) medical equipment as well as disposable equipment used for diagnostic, treatment, and research for healthcare and public health."},"status":{"value":"draft"},"date":{"value":"2014-01-31"},"structure":[{"type":{"value":"Device"},"publish":{"value":true},"element":[{"path":{"value":"Device"},"definition":{"short":{"value":"An instance of a manufactured thing that is used in the provision of healthcare"},"formal":{"value":"This resource identifies an instance of a manufactured thing that is used in the provision of healthcare without being substantially changed through that activity. The device may be a machine, an insert, a computer, an application, etc. This includes durable (reusable) medical equipment as well as disposable equipment used for diagnostic, treatment, and research for healthcare and public health."},"min":{"value":1},"max":{"value":"1"},"type":[{"code":{"value":"Resource"}}],"condition":[],"isModifier":{"value":false}}},{"path":{"value":"Device.extension"},"definition":{"short":{"value":"Additional Content defined by implementations"},"formal":{"value":"May be used to represent additional information that is not part of the basic definition of the resource. In order to make the use of extensions safe and manageable, there is a strict governance applied to the definition and use of extensions. Though any implementer is allowed to define an extension, there is a set of requirements that must be met as part of the definition of the extension."},"comments":{"value":"there can be no stigma\nassociated with the use of extensions by any application, project, or standard - regardless of the institution or jurisdiction that uses or defines the extensions.  The use of extensions is what allows the FHIR specification to retain a core simplicity for everyone."},"synonym":[{"value":"extensions"},{"value":"user content"}],"min":{"value":0},"max":{"value":"*"},"type":[{"code":{"value":"Extension"}}],"isModifier":{"value":false}}},{"path":{"value":"Device.text"},"definition":{"short":{"value":"Text summary of the resource, for human interpretation"},"formal":{"value":"A human readable narrative that contains a summary of the resource, and may be used to represent the content of the resource to a human. The narrative need not encode all the structured data, but is required to contain sufficient detail to make it \"clinically safe\" for a human to just read the narrative. Resource definitions may define what content should be represented in the narrative to ensure clinical safety."},"comments":{"value":"Contained resources do not have narrative. Resources that are not contained SHOULD have a narrative."},"synonym":[{"value":"narrative"},{"value":"html"},{"value":"xhtml"},{"value":"display"}],"min":{"value":0},"max":{"value":"1"},"type":[{"code":{"value":"Narrative"}}],"isModifier":{"value":false}}},{"path":{"value":"Device.contained"},"definition":{"short":{"value":"Contained, inline Resources"},"formal":{"value":"These resources do not have an independent existence apart from the resource that contains them - they cannot be identified independently, and nor can they have their own independent transaction scope."},"comments":{"value":"This should never be done when the content can be identified properly, as once identification is lost, it is extremely difficult (and context dependent) to restore it again."},"synonym":[{"value":"inline resources"},{"value":"anonymous resources"},{"value":"contained resources"}],"min":{"value":0},"max":{"value":"*"},"type":[{"code":{"value":"Resource"}}],"isModifier":{"value":false}}},{"path":{"value":"Device.type"},"definition":{"short":{"value":"What kind of device this is"},"formal":{"value":"Describes what kind of device that this."},"min":{"value":1},"max":{"value":"1"},"type":[{"code":{"value":"CodeableConcept"}}],"condition":[],"isModifier":{"value":false},"binding":{"value":"DeviceKind"}}},{"path":{"value":"Device.manufacturer"},"definition":{"short":{"value":"Name of device manufacturer"},"formal":{"value":"The name of the manufacturer."},"min":{"value":0},"max":{"value":"1"},"type":[{"code":{"value":"string"}}],"condition":[],"isModifier":{"value":false}}},{"path":{"value":"Device.model"},"definition":{"short":{"value":"Model id assigned by the manufacturer"},"formal":{"value":"The \"model\" - an identifier assigned by the manufacturer to identify the product by its type. This number is shared by the all devices sold as the same type."},"min":{"value":0},"max":{"value":"1"},"type":[{"code":{"value":"string"}}],"condition":[],"isModifier":{"value":false}}},{"path":{"value":"Device.version"},"definition":{"short":{"value":"Version number (i.e. software)"},"formal":{"value":"The version of the device, if the device has multiple releases under the same model, or if the device is software or carries firmware."},"min":{"value":0},"max":{"value":"1"},"type":[{"code":{"value":"string"}}],"condition":[],"isModifier":{"value":false}}},{"path":{"value":"Device.expiry"},"definition":{"short":{"value":"Date of expiry of this device (if applicable)"},"formal":{"value":"Date of expiry of this device (if applicable)."},"min":{"value":0},"max":{"value":"1"},"type":[{"code":{"value":"date"}}],"condition":[],"isModifier":{"value":false}}},{"path":{"value":"Device.identity"},"definition":{"short":{"value":"Universal Device Id fields"},"formal":{"value":"Universal Device Id fields."},"min":{"value":0},"max":{"value":"1"},"condition":[],"isModifier":{"value":false}}},{"path":{"value":"Device.identity.gtin"},"definition":{"short":{"value":"Global Trade Identification Number"},"formal":{"value":"The number assigned to this device by an authorised issuer of Device GTINs, based on the standards set by GS1."},"comments":{"value":"This is a 14 digit number that may include leading 0s."},"min":{"value":0},"max":{"value":"1"},"type":[{"code":{"value":"string"}}],"condition":[],"isModifier":{"value":false}}},{"path":{"value":"Device.identity.lot"},"definition":{"short":{"value":"Lot number of manufacture"},"formal":{"value":"Lot number of manufacture."},"comments":{"value":"Alphanumeric Maximum 20."},"min":{"value":0},"max":{"value":"1"},"type":[{"code":{"value":"string"}}],"condition":[],"isModifier":{"value":false}}},{"path":{"value":"Device.identity.serialNumber"},"definition":{"short":{"value":"Serial number assigned by the manufacturer"},"formal":{"value":"The serial number assigned by the organization when the device was manufactured."},"comments":{"value":"Alphanumeric Maximum 20."},"min":{"value":1},"max":{"value":"1"},"type":[{"code":{"value":"string"}}],"condition":[],"isModifier":{"value":false}}},{"path":{"value":"Device.owner"},"definition":{"short":{"value":"Organization responsible for device"},"formal":{"value":"The organization that is responsible for the provision and ongoing maintenance of the device."},"min":{"value":0},"max":{"value":"1"},"type":[{"code":{"value":"Resource(Organization)"}}],"condition":[],"isModifier":{"value":false}}},{"path":{"value":"Device.assignedId"},"definition":{"short":{"value":"Identifier assigned by various organizations"},"formal":{"value":"Identifiers assigned to this device by various organizations (unless other specific fields exist for them)."},"comments":{"value":"Often fixed to the device as a barcode. May include names given to the device in local usage."},"min":{"value":0},"max":{"value":"*"},"type":[{"code":{"value":"Identifier"}}],"condition":[],"isModifier":{"value":false}}},{"path":{"value":"Device.location"},"definition":{"short":{"value":"Where the resource is found"},"formal":{"value":"The resource may be found in a literal location (i.e. GPS coordinates), a logical place (i.e. \"in/with the patient\"), or a coded location."},"min":{"value":0},"max":{"value":"1"},"type":[{"code":{"value":"Resource(Location)"}}],"condition":[],"isModifier":{"value":false}}},{"path":{"value":"Device.patient"},"definition":{"short":{"value":"If the resource is affixed to a person"},"formal":{"value":"If the resource is affixed to a person."},"min":{"value":0},"max":{"value":"1"},"type":[{"code":{"value":"Resource(Patient)"}}],"condition":[],"isModifier":{"value":false}}},{"path":{"value":"Device.contact"},"definition":{"short":{"value":"Details for human/organization for support"},"formal":{"value":"Contact details for an organization or a particular human that is responsible for the device."},"comments":{"value":"used for troubleshooting etc."},"min":{"value":0},"max":{"value":"*"},"type":[{"code":{"value":"Contact"}}],"condition":[],"isModifier":{"value":false}}},{"path":{"value":"Device.url"},"definition":{"short":{"value":"Network address to contact device"},"formal":{"value":"A network address on which the device may be contacted directly."},"comments":{"value":"if the device is running a FHIR server, the network address should  be the root URL from which a conformance statement may be retrieved."},"min":{"value":0},"max":{"value":"1"},"type":[{"code":{"value":"uri"}}],"condition":[],"isModifier":{"value":false}}}]}],"binding":[{"name":{"value":"DeviceKind"},"isExtensible":{"value":true},"conformance":{"value":"preferred"},"description":{"value":"Defines the nature of the device and the kind of functionality/services/behavior that may be expected from it"}}]}}