{"DeviceCapabilities":{"text":{"status":{"value":"generated"},"div":"<div>\n      <p>example<\/p>\n    <\/div>"},"name":{"value":"Patient Monitor"},"type":{"text":{"value":"Vital Signs Monitor"}},"manufacturer":{"value":"Acme Devices, Inc"},"virtualDevice":[{"channel":[{"metric":[{"code":{"coding":[{"system":{"value":"urn:std:iso:11073:10101"},"code":{"value":"147842"},"display":{"value":"MDC_ECG_HEART_RATE"}}]},"key":{"value":"M1"},"info":{"type":{"value":"Quantity"},"units":{"value":"/min"},"ucum":{"value":"/min"}}},{"code":{"coding":[{"system":{"value":"urn:std:iso:11073:10101"},"code":{"value":"148065"},"display":{"value":"MDC_ECG_V_P_C_CNT"}}]},"key":{"value":"M2"},"info":{"type":{"value":"Quantity"},"units":{"value":"/min"},"ucum":{"value":"/min"}}},{"code":{"coding":[{"system":{"value":"urn:std:iso:11073:10101"},"code":{"value":"147842"},"display":{"value":"MDC_ECG_HEART_RATE"}}]},"key":{"value":"M3"},"info":{"type":{"value":"Quantity"},"units":{"value":"/min"},"ucum":{"value":"/min"}}},{"code":{"coding":[{"system":{"value":"urn:std:iso:11073:10101"},"code":{"value":"150033"},"display":{"value":"MDC_PRESS_BLD_ART_SYS"}}]},"key":{"value":"M4"},"info":{"type":{"value":"Quantity"},"units":{"value":"mmHg"},"ucum":{"value":"mm[Hg]"}}},{"code":{"coding":[{"system":{"value":"urn:std:iso:11073:10101"},"code":{"value":"150034"},"display":{"value":"MDC_PRESS_BLD_ART_DIA"}}]},"key":{"value":"M5"},"info":{"type":{"value":"Quantity"},"units":{"value":"mmHg"},"ucum":{"value":"mm[Hg]"}}},{"code":{"coding":[{"system":{"value":"urn:std:iso:11073:10101"},"code":{"value":"149522"},"display":{"value":"MDC_BLD_PULS_RATE_INV"}}]},"key":{"value":"M6"},"info":{"type":{"value":"Quantity"},"units":{"value":"/min"},"ucum":{"value":"/min"}}},{"code":{"coding":[{"system":{"value":"urn:std:iso:11073:10101"},"code":{"value":"150047"},"display":{"value":"MDC_PRESS_BLD_ART_PULM_MEAN"}}]},"key":{"value":"M7"},"info":{"type":{"value":"Quantity"},"units":{"value":"mmHg"},"ucum":{"value":"mm[Hg]"}}},{"code":{"coding":[{"system":{"value":"urn:std:iso:11073:10101"},"code":{"value":"150045"},"display":{"value":"MDC_PRESS_BLD_ART_PULM_SYS"}}]},"key":{"value":"M8"},"info":{"type":{"value":"Quantity"},"units":{"value":"mmHg"},"ucum":{"value":"mm[Hg]"}}},{"code":{"coding":[{"system":{"value":"urn:std:iso:11073:10101"},"code":{"value":"150046"},"display":{"value":"MDC_PRESS_BLD_ART_PULM_DIA"}}]},"key":{"value":"M9"},"info":{"type":{"value":"Quantity"},"units":{"value":"mmHg"},"ucum":{"value":"mm[Hg]"}}}]}]}]}}