{"ValueSet":{"text":{"status":{"value":"generated"},"div":"<div><h2>DeviceDataType<\/h2><p>The type of data produced by a device<\/p><p>This value set defines it's own terms in the system http://hl7.org/fhir/device-data-type<\/p><table><tr><td><b>Code<\/b><\/td><td><b>Display<\/b><\/td><td><b>Definition<\/b><\/td><\/tr><tr><td>Quantity<\/td><td/><td>The data item is a quantity. The string value should be merged with the units, and the ucum value if provided, to create a valid quantity.<\/td><\/tr><tr><td>Range<\/td><td/><td>The data item is a range. The string value should be split about the &quot; - &quot; into low and high, with the units and ucum (if provided) filling out the low and high quantities.<\/td><\/tr><tr><td>Coding<\/td><td/><td>The data item is a code (i.e. true/false etc). The value should be built into a valid coding by filling out the system element provided.<\/td><\/tr><tr><td>Array<\/td><td/><td>The data item is an Array (a sequence of sample measures, which must be merged with the Array template).<\/td><\/tr><tr><td>string<\/td><td/><td>The data item is a simple string.<\/td><\/tr><\/table><\/div>"},"identifier":{"value":"http://hl7.org/fhir/vs/device-data-type"},"name":{"value":"DeviceDataType"},"publisher":{"value":"HL7 (FHIR Project)"},"telecom":[{"system":{"value":"url"},"value":{"value":"http://hl7.org/fhir"}},{"system":{"value":"email"},"value":{"value":"fhir@lists.hl7.org"}}],"description":{"value":"The type of data produced by a device"},"status":{"value":"draft"},"date":{"value":"2023-05-12T00:10:00"},"define":{"system":{"value":"http://hl7.org/fhir/device-data-type"},"caseSensitive":{"value":true},"concept":[{"code":{"value":"Quantity"},"definition":{"value":"The data item is a quantity. The string value should be merged with the units, and the ucum value if provided, to create a valid quantity."}},{"code":{"value":"Range"},"definition":{"value":"The data item is a range. The string value should be split about the \" - \" into low and high, with the units and ucum (if provided) filling out the low and high quantities."}},{"code":{"value":"Coding"},"definition":{"value":"The data item is a code (i.e. true/false etc). The value should be built into a valid coding by filling out the system element provided."}},{"code":{"value":"Array"},"definition":{"value":"The data item is an Array (a sequence of sample measures, which must be merged with the Array template)."}},{"code":{"value":"string"},"definition":{"value":"The data item is a simple string."}}]}}}