<?xml version="1.0" encoding="UTF-8"?>

<Profile xmlns="http://hl7.org/fhir">
  <text>
    <status value="generated"/><div xmlns="http://www.w3.org/1999/xhtml"><pre>
&lt;<a title="Describes the set of data produced by a device." class="dict" href="devicecapabilities-definitions.htm#DeviceCapabilities"><b>DeviceCapabilities</b></a> xmlns=&quot;http://hl7.org/fhir&quot;&gt;
 &lt;!-- from <a href="resources.htm">Resource</a>: <a href="extensibility.htm">extension</a>, <a href="narrative.htm#Narrative">narrative</a>, and <a href="references.htm#contained">contained</a> --&gt;
 &lt;<a title="The name of this device." class="dict" href="devicecapabilities-definitions.htm#DeviceCapabilities.name"><b>name</b></a> value=&quot;[<span style="color: darkgreen"><a href="datatypes.htm#string">string</a></span>]&quot;/&gt;<span style="color: Gray">&lt;!--</span> <span style="color: brown"><b>0..1</b></span> <span style="color: navy">The name of this device</span><span style="color: Gray"> --&gt;</span>
 &lt;<a title="The kind of device - what kind of functionality it provides." class="dict" href="devicecapabilities-definitions.htm#DeviceCapabilities.type"><b>type</b></a>&gt;<span style="color: Gray">&lt;!--</span> <span style="color: brown"><b>0..1</b></span> <span style="color: darkgreen"><a href="datatypes.htm#CodeableConcept">CodeableConcept</a></span> <span style="color: navy">The type of device</span><span style="color: Gray"> --&gt;</span>&lt;/type&gt;
 &lt;<a title="The company that built this device." class="dict" href="devicecapabilities-definitions.htm#DeviceCapabilities.manufacturer"><b>manufacturer</b></a> value=&quot;[<span style="color: darkgreen"><a href="datatypes.htm#string">string</a></span>]&quot;/&gt;<span style="color: Gray">&lt;!--</span> <span style="color: brown"><b>0..1</b></span> <span style="color: navy">Company that built the device</span><span style="color: Gray"> --&gt;</span>
 &lt;<a title="Identifies this particular device uniquely." class="dict" href="devicecapabilities-definitions.htm#DeviceCapabilities.identity"><b>identity</b></a>&gt;<span style="color: Gray">&lt;!--</span> <span style="color: brown"><b>0..1</b></span> <span style="color: darkgreen"><a href="references.htm#Resource">Resource</a>(<a href="device.htm#Device">Device</a>)</span> <span style="color: navy">Identifies this particular device uniquely</span><span style="color: Gray"> --&gt;</span>&lt;/identity&gt;
 &lt;<a title="A medical-related subsystem of a medical device." class="dict" href="devicecapabilities-definitions.htm#DeviceCapabilities.virtualDevice"><b>virtualDevice</b></a>&gt;  <span style="color: Gray">&lt;!-- <span style="color: brown"><b>0..*</b></span> A medical-related subsystem of a medical device --&gt;</span>
  &lt;<a title="Describes the compartment." class="dict" href="devicecapabilities-definitions.htm#DeviceCapabilities.virtualDevice.code"><b>code</b></a>&gt;<span style="color: Gray">&lt;!--</span> <span style="color: brown"><b>0..1</b></span> <span style="color: darkgreen"><a href="datatypes.htm#CodeableConcept">CodeableConcept</a></span> <span style="color: navy">Describes the compartment</span><span style="color: Gray"> --&gt;</span>&lt;/code&gt;
  &lt;<a title="Groups together physiological measurement data and derived data." class="dict" href="devicecapabilities-definitions.htm#DeviceCapabilities.virtualDevice.channel"><b>channel</b></a>&gt;  <span style="color: Gray">&lt;!-- <span style="color: brown"><b>0..*</b></span> Groups related data items --&gt;</span>
   &lt;<a title="Describes the channel." class="dict" href="devicecapabilities-definitions.htm#DeviceCapabilities.virtualDevice.channel.code"><b>code</b></a>&gt;<span style="color: Gray">&lt;!--</span> <span style="color: brown"><b>0..1</b></span> <span style="color: darkgreen"><a href="datatypes.htm#CodeableConcept">CodeableConcept</a></span> <span style="color: navy">Describes the channel</span><span style="color: Gray"> --&gt;</span>&lt;/code&gt;
   &lt;<a title="A piece of measured or derived data that will be reported by the machine." class="dict" href="devicecapabilities-definitions.htm#DeviceCapabilities.virtualDevice.channel.metric"><b>metric</b></a>&gt;  <span style="color: Gray">&lt;!-- <span style="color: brown"><b>0..*</b></span> Piece of data reported by device --&gt;</span>
    &lt;<a title="Describes the metrics." class="dict" href="devicecapabilities-definitions.htm#DeviceCapabilities.virtualDevice.channel.metric.code"><b>code</b></a>&gt;<span style="color: Gray">&lt;!--</span> <span style="color: brown"><b>1..1</b></span> <span style="color: darkgreen"><a href="datatypes.htm#CodeableConcept">CodeableConcept</a></span> <span style="color: navy">Describes the metrics</span><span style="color: Gray"> --&gt;</span>&lt;/code&gt;
    &lt;<a title="Used to link to data in device log." class="dict" href="devicecapabilities-definitions.htm#DeviceCapabilities.virtualDevice.channel.metric.key"><b>key</b></a> value=&quot;[<span style="color: darkgreen"><a href="datatypes.htm#string">string</a></span>]&quot;/&gt;<span style="color: Gray">&lt;!--</span> <span style="color: brown"><b>1..1</b></span> <span style="color: navy">Used to link to data in device log</span><span style="color: Gray"> --&gt;</span>
    &lt;<a title="How to interpret this metric value." class="dict" href="devicecapabilities-definitions.htm#DeviceCapabilities.virtualDevice.channel.metric.info"><b>info</b></a>&gt;  <span style="color: Gray">&lt;!-- <span style="color: brown"><b>1..1</b></span> How to interpret this metric value --&gt;</span>
     &lt;<a title="Type of data for this metric." class="dict" href="devicecapabilities-definitions.htm#DeviceCapabilities.virtualDevice.channel.metric.info.type"><b>type</b></a> value=&quot;[<span style="color: darkgreen"><a href="datatypes.htm#code">code</a></span>]&quot;/&gt;<span style="color: Gray">&lt;!--</span> <span title="Inv-1: If the type is &quot;Quantity&quot;, units must be provided" style="color: deeppink"><b>1..1</b></span> <span style="color: navy"><a style="color: navy" href="device-data-type.htm">Quantity | Coding | Array | string</a></span><span style="color: Gray"> --&gt;</span>
     &lt;<a title="Units for this data item (if a quantity or a range)." class="dict" href="devicecapabilities-definitions.htm#DeviceCapabilities.virtualDevice.channel.metric.info.units"><b>units</b></a> value=&quot;[<span style="color: darkgreen"><a href="datatypes.htm#string">string</a></span>]&quot;/&gt;<span style="color: Gray">&lt;!--</span> <span title="Inv-1: If the type is &quot;Quantity&quot;, units must be provided" style="color: deeppink"><b>0..1</b></span> <span style="color: navy">Human Readable units of data value</span><span style="color: Gray"> --&gt;</span>
     &lt;<a title="UCUM units (if a quantity or a range)." class="dict" href="devicecapabilities-definitions.htm#DeviceCapabilities.virtualDevice.channel.metric.info.ucum"><b>ucum</b></a> value=&quot;[<span style="color: darkgreen"><a href="datatypes.htm#code">code</a></span>]&quot;/&gt;<span style="color: Gray">&lt;!--</span> <span title="Inv-3: If the type is &quot;Quantity&quot;, ucum must be provided" style="color: deeppink"><b>0..1</b></span> <span style="color: navy"><a style="color: navy" href="http://unitsofmeasure.org.htm">UCUM units for data value</a></span><span style="color: Gray"> --&gt;</span>
     &lt;<a title="A template containing the fixed values for an array output (all the values but the data)." class="dict" href="devicecapabilities-definitions.htm#DeviceCapabilities.virtualDevice.channel.metric.info.template"><b>template</b></a>&gt;<span style="color: Gray">&lt;!--</span> <span title="Inv-4: If the type is &quot;SampledData&quot;, an sampling template must be provided" style="color: deeppink"><b>0..1</b></span> <span style="color: darkgreen"><a href="datatypes.htm#SampledData">SampledData</a></span> <span style="color: navy">Array template (fixed values)</span><span style="color: Gray"> --&gt;</span>&lt;/template&gt;
     &lt;<a title="System of the codes, if the type is a Coding." class="dict" href="devicecapabilities-definitions.htm#DeviceCapabilities.virtualDevice.channel.metric.info.system"><b>system</b></a> value=&quot;[<span style="color: darkgreen"><a href="datatypes.htm#uri">uri</a></span>]&quot;/&gt;<span style="color: Gray">&lt;!--</span> <span title="Inv-2: If the type is &quot;Coding&#39;, system must be provided" style="color: deeppink"><b>0..1</b></span> <span style="color: navy">System for coding</span><span style="color: Gray"> --&gt;</span>
    &lt;/info&gt;
    &lt;<a title="Additional data that qualifies the metric, or contributes to its assessment." class="dict" href="devicecapabilities-definitions.htm#DeviceCapabilities.virtualDevice.channel.metric.facet"><b>facet</b></a>&gt;  <span style="color: Gray">&lt;!-- <span style="color: brown"><b>0..*</b></span> Additional clarifying or qualifiying data --&gt;</span>
     &lt;<a title="Describes the facet." class="dict" href="devicecapabilities-definitions.htm#DeviceCapabilities.virtualDevice.channel.metric.facet.code"><b>code</b></a>&gt;<span style="color: Gray">&lt;!--</span> <span style="color: brown"><b>1..1</b></span> <span style="color: darkgreen"><a href="datatypes.htm#CodeableConcept">CodeableConcept</a></span> <span style="color: navy"><a style="color: navy" href="http://loinc.org.htm">Describes the facet</a></span><span style="color: Gray"> --&gt;</span>&lt;/code&gt;
     &lt;<a title="The factor to apply to the raw values to get the correct value." class="dict" href="devicecapabilities-definitions.htm#DeviceCapabilities.virtualDevice.channel.metric.facet.scale"><b>scale</b></a> value=&quot;[<span style="color: darkgreen"><a href="datatypes.htm#decimal">decimal</a></span>]&quot;/&gt;<span style="color: Gray">&lt;!--</span> <span style="color: brown"><b>0..1</b></span> <span style="color: navy">Factor to apply to raw values (default = 1)</span><span style="color: Gray"> --&gt;</span>
     &lt;<a title="Used to link to data in device log." class="dict" href="devicecapabilities-definitions.htm#DeviceCapabilities.virtualDevice.channel.metric.facet.key"><b>key</b></a> value=&quot;[<span style="color: darkgreen"><a href="datatypes.htm#string">string</a></span>]&quot;/&gt;<span style="color: Gray">&lt;!--</span> <span style="color: brown"><b>1..1</b></span> <span style="color: navy">Used to link to data in device log</span><span style="color: Gray"> --&gt;</span>
     &lt;<a title="How to interpret this facet value." class="dict" href="devicecapabilities-definitions.htm#DeviceCapabilities.virtualDevice.channel.metric.facet.info"><b>info</b></a>&gt;<span style="color: Gray">&lt;!--</span> <span style="color: brown"><b>1..1</b></span> <span style="color: darkgreen">Content as for DeviceCapabilities.virtualDevice.channel.metric.info</span> <span style="color: navy">How to interpret this facet value</span><span style="color: Gray"> --&gt;</span>&lt;/info&gt;
    &lt;/facet&gt;
   &lt;/metric&gt;
  &lt;/channel&gt;
 &lt;/virtualDevice&gt;
&lt;/DeviceCapabilities&gt;
</pre></div>
  </text>
  <name value="devicecapabilities"/>
  <publisher value="FHIR Project"/>
  <description value="Basic Profile. Describes the set of data produced by a device."/>
  <status value="draft"/>
  <date value="2014-01-31"/>
  <structure>
    <type value="DeviceCapabilities"/>
    <publish value="true"/>
    <element>
      <path value="DeviceCapabilities"/>
      <definition>
        <short value="Describes the set of data produced by a device"/>
        <formal value="Describes the set of data produced by a device."/>
        <comments value="This resource defines what the meanings of the key values are ina device log resource."/>
        <min value="1"/>
        <max value="1"/>
        <type>
          <code value="Resource"/>
        </type>
        <isModifier value="false"/>
      </definition>
    </element>
    <element>
      <path value="DeviceCapabilities.extension"/>
      <definition>
        <short value="Additional Content defined by implementations"/>
        <formal value="May be used to represent additional information that is not part of the basic definition of the resource. In order to make the use of extensions safe and manageable, there is a strict governance applied to the definition and use of extensions. Though any implementer is allowed to define an extension, there is a set of requirements that must be met as part of the definition of the extension."/>
        <comments value="there can be no stigma
associated with the use of extensions by any application, project, or standard - regardless of the institution or jurisdiction that uses or defines the extensions.  The use of extensions is what allows the FHIR specification to retain a core simplicity for everyone."/>
        <synonym value="extensions"/>
        <synonym value="user content"/>
        <min value="0"/>
        <max value="*"/>
        <type>
          <code value="Extension"/>
        </type>
        <isModifier value="false"/>
      </definition>
    </element>
    <element>
      <path value="DeviceCapabilities.text"/>
      <definition>
        <short value="Text summary of the resource, for human interpretation"/>
        <formal value="A human readable narrative that contains a summary of the resource, and may be used to represent the content of the resource to a human. The narrative need not encode all the structured data, but is required to contain sufficient detail to make it &quot;clinically safe&quot; for a human to just read the narrative. Resource definitions may define what content should be represented in the narrative to ensure clinical safety."/>
        <comments value="Contained resources do not have narrative. Resources that are not contained SHOULD have a narrative."/>
        <synonym value="narrative"/>
        <synonym value="html"/>
        <synonym value="xhtml"/>
        <synonym value="display"/>
        <min value="0"/>
        <max value="1"/>
        <type>
          <code value="Narrative"/>
        </type>
        <isModifier value="false"/>
      </definition>
    </element>
    <element>
      <path value="DeviceCapabilities.contained"/>
      <definition>
        <short value="Contained, inline Resources"/>
        <formal value="These resources do not have an independent existence apart from the resource that contains them - they cannot be identified independently, and nor can they have their own independent transaction scope."/>
        <comments value="This should never be done when the content can be identified properly, as once identification is lost, it is extremely difficult (and context dependent) to restore it again."/>
        <synonym value="inline resources"/>
        <synonym value="anonymous resources"/>
        <synonym value="contained resources"/>
        <min value="0"/>
        <max value="*"/>
        <type>
          <code value="Resource"/>
        </type>
        <isModifier value="false"/>
      </definition>
    </element>
    <element>
      <path value="DeviceCapabilities.name"/>
      <definition>
        <short value="The name of this device"/>
        <formal value="The name of this device."/>
        <min value="0"/>
        <max value="1"/>
        <type>
          <code value="string"/>
        </type>
        <isModifier value="false"/>
      </definition>
    </element>
    <element>
      <path value="DeviceCapabilities.type"/>
      <definition>
        <short value="The type of device"/>
        <formal value="The kind of device - what kind of functionality it provides."/>
        <comments value="See Device.type (same codes)."/>
        <min value="0"/>
        <max value="1"/>
        <type>
          <code value="CodeableConcept"/>
        </type>
        <isModifier value="false"/>
        <binding value="DeviceKind"/>
      </definition>
    </element>
    <element>
      <path value="DeviceCapabilities.manufacturer"/>
      <definition>
        <short value="Company that built the device"/>
        <formal value="The company that built this device."/>
        <min value="0"/>
        <max value="1"/>
        <type>
          <code value="string"/>
        </type>
        <isModifier value="false"/>
      </definition>
    </element>
    <element>
      <path value="DeviceCapabilities.identity"/>
      <definition>
        <short value="Identifies this particular device uniquely"/>
        <formal value="Identifies this particular device uniquely."/>
        <comments value="Some devices may be configured with identifying information."/>
        <min value="0"/>
        <max value="1"/>
        <type>
          <code value="Resource(Device)"/>
        </type>
        <isModifier value="false"/>
      </definition>
    </element>
    <element>
      <path value="DeviceCapabilities.virtualDevice"/>
      <definition>
        <short value="A medical-related subsystem of a medical device"/>
        <formal value="A medical-related subsystem of a medical device."/>
        <min value="0"/>
        <max value="*"/>
        <isModifier value="false"/>
      </definition>
    </element>
    <element>
      <path value="DeviceCapabilities.virtualDevice.code"/>
      <definition>
        <short value="Describes the compartment"/>
        <formal value="Describes the compartment."/>
        <min value="0"/>
        <max value="1"/>
        <type>
          <code value="CodeableConcept"/>
        </type>
        <isModifier value="false"/>
        <binding value="DeviceCompartmentKind"/>
      </definition>
    </element>
    <element>
      <path value="DeviceCapabilities.virtualDevice.channel"/>
      <definition>
        <short value="Groups related data items"/>
        <formal value="Groups together physiological measurement data and derived data."/>
        <min value="0"/>
        <max value="*"/>
        <isModifier value="false"/>
      </definition>
    </element>
    <element>
      <path value="DeviceCapabilities.virtualDevice.channel.code"/>
      <definition>
        <short value="Describes the channel"/>
        <formal value="Describes the channel."/>
        <min value="0"/>
        <max value="1"/>
        <type>
          <code value="CodeableConcept"/>
        </type>
        <isModifier value="false"/>
        <binding value="DeviceChannelKind"/>
      </definition>
    </element>
    <element>
      <path value="DeviceCapabilities.virtualDevice.channel.metric"/>
      <definition>
        <short value="Piece of data reported by device"/>
        <formal value="A piece of measured or derived data that will be reported by the machine."/>
        <min value="0"/>
        <max value="*"/>
        <isModifier value="false"/>
      </definition>
    </element>
    <element>
      <path value="DeviceCapabilities.virtualDevice.channel.metric.code"/>
      <definition>
        <short value="Describes the metrics"/>
        <formal value="Describes the metrics."/>
        <min value="1"/>
        <max value="1"/>
        <type>
          <code value="CodeableConcept"/>
        </type>
        <isModifier value="false"/>
        <binding value="DeviceMetricsCode"/>
      </definition>
    </element>
    <element>
      <path value="DeviceCapabilities.virtualDevice.channel.metric.key"/>
      <definition>
        <short value="Used to link to data in device log"/>
        <formal value="Used to link to data in device log."/>
        <min value="1"/>
        <max value="1"/>
        <type>
          <code value="string"/>
        </type>
        <isModifier value="false"/>
      </definition>
    </element>
    <element>
      <path value="DeviceCapabilities.virtualDevice.channel.metric.info"/>
      <definition>
        <short value="How to interpret this metric value"/>
        <formal value="How to interpret this metric value."/>
        <min value="1"/>
        <max value="1"/>
        <constraint>
          <key value="3"/>
          <name value="UCUM rule"/>
          <severity value="error"/>
          <human value="If the type is &quot;Quantity&quot;, ucum must be provided"/>
          <xpath value="((f:type/@value = &#39;Quantity&#39;) and (f:ucum)) or ((f:type/@value != &#39;Quantity&#39;) and not (f:ucum))"/>
        </constraint>
        <constraint>
          <key value="2"/>
          <name value="Coding Rule"/>
          <severity value="error"/>
          <human value="If the type is &quot;Coding&#39;, system must be provided"/>
          <xpath value="(f:type/@value != &#39;Coding&#39;) or f:system"/>
        </constraint>
        <constraint>
          <key value="1"/>
          <name value="Quantity rule"/>
          <severity value="error"/>
          <human value="If the type is &quot;Quantity&quot;, units must be provided"/>
          <xpath value="((f:type/@value = &#39;Quantity&#39;) and (f:units)) or (not (f:type/@value != &#39;Quantity&#39;) and not (f:units))"/>
        </constraint>
        <constraint>
          <key value="4"/>
          <name value="SampleData Rule"/>
          <severity value="error"/>
          <human value="If the type is &quot;SampledData&quot;, an sampling template must be provided"/>
          <xpath value="((f:type/@value = &#39;SampledData&#39;) and (f:template)) or ((f:type/@value != &#39;SampledData&#39;) and not (f:template))"/>
        </constraint>
        <isModifier value="false"/>
      </definition>
    </element>
    <element>
      <path value="DeviceCapabilities.virtualDevice.channel.metric.info.type"/>
      <definition>
        <short value="Quantity | Coding | Array | string"/>
        <formal value="Type of data for this metric."/>
        <min value="1"/>
        <max value="1"/>
        <type>
          <code value="code"/>
        </type>
        <isModifier value="false"/>
        <binding value="DeviceDataType"/>
      </definition>
    </element>
    <element>
      <path value="DeviceCapabilities.virtualDevice.channel.metric.info.units"/>
      <definition>
        <short value="Human Readable units of data value"/>
        <formal value="Units for this data item (if a quantity or a range)."/>
        <min value="0"/>
        <max value="1"/>
        <type>
          <code value="string"/>
        </type>
        <isModifier value="false"/>
      </definition>
    </element>
    <element>
      <path value="DeviceCapabilities.virtualDevice.channel.metric.info.ucum"/>
      <definition>
        <short value="UCUM units for data value"/>
        <formal value="UCUM units (if a quantity or a range)."/>
        <comments value="Although UCUM units are not required, they are strongly encouraged."/>
        <min value="0"/>
        <max value="1"/>
        <type>
          <code value="code"/>
        </type>
        <isModifier value="false"/>
        <binding value="UCUM"/>
      </definition>
    </element>
    <element>
      <path value="DeviceCapabilities.virtualDevice.channel.metric.info.template"/>
      <definition>
        <short value="Array template (fixed values)"/>
        <formal value="A template containing the fixed values for an array output (all the values but the data)."/>
        <min value="0"/>
        <max value="1"/>
        <type>
          <code value="SampledData"/>
        </type>
        <isModifier value="false"/>
      </definition>
    </element>
    <element>
      <path value="DeviceCapabilities.virtualDevice.channel.metric.info.system"/>
      <definition>
        <short value="System for coding"/>
        <formal value="System of the codes, if the type is a Coding."/>
        <min value="0"/>
        <max value="1"/>
        <type>
          <code value="uri"/>
        </type>
        <isModifier value="false"/>
      </definition>
    </element>
    <element>
      <path value="DeviceCapabilities.virtualDevice.channel.metric.facet"/>
      <definition>
        <short value="Additional clarifying or qualifiying data"/>
        <formal value="Additional data that qualifies the metric, or contributes to its assessment."/>
        <min value="0"/>
        <max value="*"/>
        <isModifier value="false"/>
      </definition>
    </element>
    <element>
      <path value="DeviceCapabilities.virtualDevice.channel.metric.facet.code"/>
      <definition>
        <short value="Describes the facet"/>
        <formal value="Describes the facet."/>
        <min value="1"/>
        <max value="1"/>
        <type>
          <code value="CodeableConcept"/>
        </type>
        <isModifier value="false"/>
        <binding value="DeviceFacetCode"/>
      </definition>
    </element>
    <element>
      <path value="DeviceCapabilities.virtualDevice.channel.metric.facet.scale"/>
      <definition>
        <short value="Factor to apply to raw values (default = 1)"/>
        <formal value="The factor to apply to the raw values to get the correct value."/>
        <comments value="The default value is 1."/>
        <min value="0"/>
        <max value="1"/>
        <type>
          <code value="decimal"/>
        </type>
        <isModifier value="false"/>
      </definition>
    </element>
    <element>
      <path value="DeviceCapabilities.virtualDevice.channel.metric.facet.key"/>
      <definition>
        <short value="Used to link to data in device log"/>
        <formal value="Used to link to data in device log."/>
        <min value="1"/>
        <max value="1"/>
        <type>
          <code value="string"/>
        </type>
        <isModifier value="false"/>
      </definition>
    </element>
    <element>
      <path value="DeviceCapabilities.virtualDevice.channel.metric.facet.info"/>
      <definition>
        <short value="How to interpret this facet value"/>
        <formal value="How to interpret this facet value."/>
        <min value="1"/>
        <max value="1"/>
        <type>
          <code value="@DeviceCapabilities.virtualDevice.channel.metric.info"/>
        </type>
        <isModifier value="false"/>
      </definition>
    </element>
  </structure>
  <binding>
    <name value="DeviceDataType"/>
    <conformance value="required"/>
    <referenceResource>
      <type value="ValueSet"/>
      <reference value="http://hl7.org/fhir/vs/device-data-type"/>
    </referenceResource>
  </binding>
  <binding>
    <name value="DeviceFacetCode"/>
    <isExtensible value="true"/>
    <conformance value="preferred"/>
    <referenceUri value="http://loinc.org"/>
  </binding>
  <binding>
    <name value="UCUM"/>
    <conformance value="required"/>
    <referenceUri value="http://unitsofmeasure.org"/>
  </binding>
  <binding>
    <name value="DeviceMetricsCode"/>
    <isExtensible value="true"/>
    <conformance value="preferred"/>
    <description value="Describes the metrics"/>
  </binding>
  <binding>
    <name value="DeviceChannelKind"/>
    <isExtensible value="true"/>
    <conformance value="preferred"/>
    <description value="Describes the channel"/>
  </binding>
  <binding>
    <name value="DeviceKind"/>
    <isExtensible value="true"/>
    <conformance value="preferred"/>
    <description value="Defines the nature of the device and the kind of functionality/services/behavior that may be expected from it"/>
  </binding>
  <binding>
    <name value="DeviceCompartmentKind"/>
    <isExtensible value="true"/>
    <conformance value="preferred"/>
    <description value="Describes the compartment"/>
  </binding>
</Profile>