{"feed":{"title":"Glucose Query Result","id":"urn:uuid:500bee81-d973-4afe-b592-d39fe71e38","link":[{"rel":"self","href":"urn:guid:180f219f-97a8-486d-99d9-ed631fe4fc52"}],"updated":"2013-05-28T22:12:21Z","author":[{"name":"Dr Dave"}],"entry":[{"title":"Glucose Result","id":"urn:guid:180f219f-97a8-486d-99d9-ed631fe4fc58","updated":"2013-05-28T22:12:21Z","content":{"DeviceObservation":{"text":{"status":{"value":"generated"},"div":"<div>Glucose 5.5 mmol/l<\/div>"},"contained":[{"Observation":{"_id":"o1","name":{"coding":[{"system":{"value":"http://snomed.info/sct"},"code":{"value":"308113006"},"display":{"value":"Self Monitoring Blood glucose"}}]},"status":{"value":"interim"},"reliability":{"value":"ok"},"component":[{"name":{"coding":[{"system":{"value":"http://snomed.info/sct"},"code":{"value":"308113006"},"display":{"value":"Self Monitoring Blood glucose"}}]},"valueQuantity":{"value":{"value":"5.5"},"units":{"value":"mmol/L"}}}]}}],"code":{"coding":[{"system":{"value":"or"},"code":{"value":"glu"}}]},"issued":{"value":"2008-12-11T14:45:00+11:00"},"subject":{"type":{"value":"Patient"},"reference":{"value":"patient/@ihe-pcd"}},"device":{"type":{"value":"Device"},"reference":{"value":"device/@ihe-pcd"}},"measurement":[{"type":{"value":"Observation"},"reference":{"value":"#o1"}}]}}},{"title":"Glucose Result","id":"urn:guid:f539c23c-23a6-4fdc-b73f-898fbccce074","updated":"2013-05-28T22:12:21Z","content":{"DeviceObservation":{"text":{"status":{"value":"generated"},"div":"<div>Glucose 5.6 mmol/l<\/div>"},"contained":[{"Observation":{"_id":"o2","name":{"coding":[{"system":{"value":"http://snomed.info/sct"},"code":{"value":"308113006"},"display":{"value":"Self Monitoring Blood glucose"}}]},"status":{"value":"interim"},"reliability":{"value":"ok"},"component":[{"name":{"coding":[{"system":{"value":"http://snomed.info/sct"},"code":{"value":"308113006"},"display":{"value":"Self Monitoring Blood glucose"}}]},"valueQuantity":{"value":{"value":"5.6"},"units":{"value":"mmol/L"}}}]}}],"code":{"coding":[{"system":{"value":"or"},"code":{"value":"glu"}}]},"issued":{"value":"2008-12-11T15:45:00+11:00"},"subject":{"type":{"value":"Patient"},"reference":{"value":"patient/@ihe-pcd"}},"device":{"type":{"value":"Device"},"reference":{"value":"device/@ihe-pcd"}},"measurement":[{"type":{"value":"Observation"},"reference":{"value":"#o2"}}]}}}]}}