{"DeviceObservation":{"text":{"status":{"value":"generated"},"div":"<div>[Put rendering here]<\/div>"},"contained":[{"Observation":{"_id":"o1","name":{"coding":[{"system":{"value":"urn:std:iso:11073:10101"},"code":{"value":"147842"},"display":{"value":"MDC_ECG_HEART_RATE"}}]},"valueQuantity":{"value":{"value":"60"},"units":{"value":"/min"},"system":{"value":"http://unitsofmeasure.org"},"code":{"value":"/min"}},"status":{"value":"interim"},"reliability":{"value":"ok"}}},{"Observation":{"_id":"o2","name":{"coding":[{"system":{"value":"urn:std:iso:11073:10101"},"code":{"value":"148065"},"display":{"value":"MDC_ECG_V_P_C_CNT"}}]},"valueQuantity":{"value":{"value":"0"},"units":{"value":"/min"},"system":{"value":"http://unitsofmeasure.org"},"code":{"value":"/min"}},"status":{"value":"interim"},"reliability":{"value":"ok"}}},{"Observation":{"_id":"o3","name":{"coding":[{"system":{"value":"urn:std:iso:11073:10101"},"code":{"value":"147842"},"display":{"value":"MDC_ECG_HEART_RATE"}}]},"valueQuantity":{"value":{"value":"60"},"units":{"value":"/min"},"system":{"value":"http://unitsofmeasure.org"},"code":{"value":"/min"}},"status":{"value":"interim"},"reliability":{"value":"ok"}}},{"Observation":{"_id":"o4","name":{"coding":[{"system":{"value":"urn:std:iso:11073:10101"},"code":{"value":"150033"},"display":{"value":"MDC_PRESS_BLD_ART_SYS"}}]},"valueQuantity":{"value":{"value":"120"},"units":{"value":"mmHg"},"system":{"value":"http://unitsofmeasure.org"},"code":{"value":"mm[Hg]"}},"status":{"value":"interim"},"reliability":{"value":"ok"}}},{"Observation":{"_id":"o5","name":{"coding":[{"system":{"value":"urn:std:iso:11073:10101"},"code":{"value":"150034"},"display":{"value":"MDC_PRESS_BLD_ART_DIA"}}]},"valueQuantity":{"value":{"value":"80"},"units":{"value":"mmHg"},"system":{"value":"http://unitsofmeasure.org"},"code":{"value":"mm[Hg]"}},"status":{"value":"interim"},"reliability":{"value":"ok"}}},{"Observation":{"_id":"o6","name":{"coding":[{"system":{"value":"urn:std:iso:11073:10101"},"code":{"value":"149522"},"display":{"value":"MDC_BLD_PULS_RATE_INV"}}]},"valueQuantity":{"value":{"value":"60"},"units":{"value":"/min"},"system":{"value":"http://unitsofmeasure.org"},"code":{"value":"/min"}},"status":{"value":"interim"},"reliability":{"value":"ok"}}},{"Observation":{"_id":"o7","name":{"coding":[{"system":{"value":"urn:std:iso:11073:10101"},"code":{"value":"150047"},"display":{"value":"MDC_PRESS_BLD_ART_PULM_MEAN"}}]},"valueQuantity":{"value":{"value":"14"},"units":{"value":"mmHg"},"system":{"value":"http://unitsofmeasure.org"},"code":{"value":"mm[Hg]"}},"status":{"value":"interim"},"reliability":{"value":"ok"}}},{"Observation":{"_id":"o8","name":{"coding":[{"system":{"value":"urn:std:iso:11073:10101"},"code":{"value":"150045"},"display":{"value":"MDC_PRESS_BLD_ART_PULM_SYS"}}]},"valueQuantity":{"value":{"value":"25"},"units":{"value":"mmHg"},"system":{"value":"http://unitsofmeasure.org"},"code":{"value":"mm[Hg]"}},"status":{"value":"interim"},"reliability":{"value":"ok"}}},{"Observation":{"_id":"o9","name":{"coding":[{"system":{"value":"urn:std:iso:11073:10101"},"code":{"value":"150046"},"display":{"value":"MDC_PRESS_BLD_ART_PULM_DIA"}}]},"valueQuantity":{"value":{"value":"10"},"units":{"value":"mmHg"},"system":{"value":"http://unitsofmeasure.org"},"code":{"value":"mm[Hg]"}},"status":{"value":"interim"},"reliability":{"value":"ok"}}}],"code":{"coding":[{"system":{"value":"urn:std:iso:11073:10101"},"code":{"value":"126.169.95.2"},"display":{"value":"2000"}}]},"identifier":[{"system":{"value":"http://acme.org/examples/AwareGateway/080019FFFF4F6AC0"},"key":{"value":"080019FFFF4F6AFE20081211144657"}}],"issued":{"value":"2008-12-11T14:45:00+11:00"},"subject":{"type":{"value":"Patient"},"reference":{"value":"patient/@ihe-pcd"}},"device":{"type":{"value":"Device"},"reference":{"value":"device/@ihe-pcd"}},"measurement":[{"type":{"value":"Observation"},"reference":{"value":"#o1"}},{"type":{"value":"Observation"},"reference":{"value":"#o2"}},{"type":{"value":"Observation"},"reference":{"value":"#o3"}},{"type":{"value":"Observation"},"reference":{"value":"#o4"}},{"type":{"value":"Observation"},"reference":{"value":"#o5"}},{"type":{"value":"Observation"},"reference":{"value":"#o6"}},{"type":{"value":"Observation"},"reference":{"value":"#o7"}}]}}