<?xml version="1.0" encoding="UTF-8"?><feed xmlns="http://www.w3.org/2005/Atom">
    <title>Glucose Query Result</title>

    <id>urn:uuid:500bee81-d973-4afe-b592-d39fe71e38</id>
    <link href="urn:guid:180f219f-97a8-486d-99d9-ed631fe4fc52" rel="self"/>
    <updated>2013-05-28T22:12:21Z</updated>

    <author>
        <name>Dr Dave</name>
    </author>
    <!--  The first result  -->
    <entry>
        <title>Glucose Result</title>
        <id>urn:guid:180f219f-97a8-486d-99d9-ed631fe4fc58</id>
        <updated>2013-05-28T22:12:21Z</updated>
        
        <content type="text/xml">
            <DeviceObservation xmlns="http://hl7.org/fhir">
                <text>
                    <status value="generated"/>
                    <div xmlns="http://www.w3.org/1999/xhtml">Glucose 5.5 mmol/l</div>
                </text>
                <contained>
                    <Observation id="o1">
                        <name>
                            <coding>
                                <system value="http://snomed.info/sct"/> <!--    snomed    -->
                                <code value="308113006"/>
                                <display value="Self Monitoring Blood glucose"/>
                            </coding>
                        </name>                       
                        <status value="interim"/>
                        <reliability value="ok"/>
                        <component>
                            <name>
                                <coding>
                                    <system value="http://snomed.info/sct"/> <!--    snomed    -->
                                    <code value="308113006"/>
                                    <display value="Self Monitoring Blood glucose"/>
                                </coding>
                            </name>
                            <valueQuantity>
                                <value value="5.5"/>
                                <units value="mmol/L"/>
                            </valueQuantity>
                        </component>
                    </Observation>
                </contained>
                
                <code>
                    <coding>
                        <system value="or"/>
                        <code value="glu"/>                      
                    </coding>
                </code>
                <issued value="2008-12-11T14:45:00"/>
                <subject>
                    <type value="Patient"/>
                    <reference value="patient/@ihe-pcd"/> 
                </subject>
                <device>
                    <type value="Device"/>
                    <reference value="device/@ihe-pcd"/> 
                </device>  
                <measurement>
                    <type value="Observation"/>
                    <reference value="#o1"/>
                </measurement>
            </DeviceObservation>
            
        </content>
    </entry>

    <!--  The second result  -->
    <entry>
        <title>Glucose Result</title>
        <id>urn:guid:f539c23c-23a6-4fdc-b73f-898fbccce074</id>
        <updated>2013-05-28T22:12:21Z</updated>
        
        <content type="text/xml">
            <DeviceObservation xmlns="http://hl7.org/fhir">
                <text>
                    <status value="generated"/>
                    <div xmlns="http://www.w3.org/1999/xhtml">Glucose 5.6 mmol/l</div>
                </text>
                <contained>
                    <Observation id="o2">
                        <name>
                            <coding>
                                <system value="http://snomed.info/sct"/> <!--    snomed    -->
                                <code value="308113006"/>
                                <display value="Self Monitoring Blood glucose"/>
                            </coding>
                        </name>                       
                        <status value="interim"/>
                        <reliability value="ok"/>
                        <component>
                            <name>
                                <coding>
                                    <system value="http://snomed.info/sct"/> <!--    snomed    -->
                                    <code value="308113006"/>
                                    <display value="Self Monitoring Blood glucose"/>
                                </coding>
                            </name>
                            <valueQuantity>
                                <value value="5.6"/>
                                <units value="mmol/L"/>
                            </valueQuantity>
                        </component>
                    </Observation>
                </contained>
                <code>
                    <coding>
                        <system value="or"/>
                        <code value="glu"/>                      
                    </coding>
                </code>
                <issued value="2008-12-11T15:45:00"/>
                <subject>
                    <type value="Patient"/>
                    <reference value="patient/@ihe-pcd"/> 
                </subject>
                <device>
                    <type value="Device"/>
                    <reference value="device/@ihe-pcd"/> 
                </device>  
                <measurement>
                    <type value="Observation"/>
                    <reference value="#o2"/>
                </measurement>
            </DeviceObservation>
            
        </content>
    </entry>


</feed>