{"Profile":{"text":{"status":{"value":"generated"},"div":"<div><pre>\r\n&lt;<a title=\"A set of observations produced by a device.\" class=\"dict\" href=\"deviceobservation-definitions.htm#DeviceObservation\"><b>DeviceObservation<\/b><\/a> xmlns=&quot;http://hl7.org/fhir&quot;&gt;\r\n &lt;!-- from <a href=\"resources.htm\">Resource<\/a>: <a href=\"extensibility.htm\">extension<\/a>, <a href=\"narrative.htm#Narrative\">narrative<\/a>, and <a href=\"references.htm#contained\">contained<\/a> --&gt;\r\n &lt;<a title=\"A code that identifies what type of device observation this is.\" class=\"dict\" href=\"deviceobservation-definitions.htm#DeviceObservation.code\"><b>code<\/b><\/a>&gt;<span style=\"color: Gray\">&lt;!--<\/span> <span style=\"color: brown\"><b>1..1<\/b><\/span> <span style=\"color: darkgreen\"><a href=\"datatypes.htm#CodeableConcept\">CodeableConcept<\/a><\/span> <span style=\"color: navy\">Type of device observation<\/span><span style=\"color: Gray\"> --&gt;<\/span>&lt;/code&gt;\r\n &lt;<a title=\"Identifiers assigned to this observation.\" class=\"dict\" href=\"deviceobservation-definitions.htm#DeviceObservation.identifier\"><b>identifier<\/b><\/a>&gt;<span style=\"color: Gray\">&lt;!--<\/span> <span style=\"color: brown\"><b>0..*<\/b><\/span> <span style=\"color: darkgreen\"><a href=\"datatypes.htm#Identifier\">Identifier<\/a><\/span> <span style=\"color: navy\">Identifiers assigned to this observation<\/span><span style=\"color: Gray\"> --&gt;<\/span>&lt;/identifier&gt;\r\n &lt;<a title=\"Date the measurements were made.\" class=\"dict\" href=\"deviceobservation-definitions.htm#DeviceObservation.issued\"><b>issued<\/b><\/a> value=&quot;[<span style=\"color: darkgreen\"><a href=\"datatypes.htm#instant\">instant<\/a><\/span>]&quot;/&gt;<span style=\"color: Gray\">&lt;!--<\/span> <span style=\"color: brown\"><b>1..1<\/b><\/span> <span style=\"color: navy\">Date the measurements were made<\/span><span style=\"color: Gray\"> --&gt;<\/span>\r\n &lt;<a title=\"The subject of the measurements. Usually, but not always, this is a patient. However devices are also used to make measurements on other things as well.\" class=\"dict\" href=\"deviceobservation-definitions.htm#DeviceObservation.subject\"><b>subject<\/b><\/a>&gt;<span style=\"color: Gray\">&lt;!--<\/span> <span style=\"color: brown\"><b>1..1<\/b><\/span> <span style=\"color: darkgreen\"><a href=\"references.htm#Resource\">Resource<\/a>(<a href=\"patient.htm#Patient\">Patient<\/a>|<a href=\"group.htm#Group\">Group<\/a>|<a href=\"device.htm#Device\">Device<\/a>)<\/span> <span style=\"color: navy\">The subject of the measurements<\/span><span style=\"color: Gray\"> --&gt;<\/span>&lt;/subject&gt;\r\n &lt;<a title=\"Device that produced the results.\" class=\"dict\" href=\"deviceobservation-definitions.htm#DeviceObservation.device\"><b>device<\/b><\/a>&gt;<span style=\"color: Gray\">&lt;!--<\/span> <span style=\"color: brown\"><b>1..1<\/b><\/span> <span style=\"color: darkgreen\"><a href=\"references.htm#Resource\">Resource<\/a>(<a href=\"device.htm#Device\">Device<\/a>)<\/span> <span style=\"color: navy\">Device that produced the results<\/span><span style=\"color: Gray\"> --&gt;<\/span>&lt;/device&gt;\r\n &lt;<a title=\"The actual measurements that the device produced.\" class=\"dict\" href=\"deviceobservation-definitions.htm#DeviceObservation.measurement\"><b>measurement<\/b><\/a>&gt;<span style=\"color: Gray\">&lt;!--<\/span> <span style=\"color: brown\"><b>0..*<\/b><\/span> <span style=\"color: darkgreen\"><a href=\"references.htm#Resource\">Resource<\/a>(<a href=\"observation.htm#Observation\">Observation<\/a>)<\/span> <span style=\"color: navy\">Actual measurements<\/span><span style=\"color: Gray\"> --&gt;<\/span>&lt;/measurement&gt;\r\n&lt;/DeviceObservation&gt;\r\n<\/pre><\/div>"},"name":{"value":"deviceobservation"},"publisher":{"value":"FHIR Project"},"description":{"value":"Basic Profile. A set of observations produced by a device."},"status":{"value":"draft"},"date":{"value":"2014-01-31"},"structure":[{"type":{"value":"DeviceObservation"},"publish":{"value":true},"element":[{"path":{"value":"DeviceObservation"},"definition":{"short":{"value":"A set of observations produced by a device"},"formal":{"value":"A set of observations produced by a device."},"min":{"value":1},"max":{"value":"1"},"type":[{"code":{"value":"Resource"}}],"condition":[],"isModifier":{"value":false}}},{"path":{"value":"DeviceObservation.extension"},"definition":{"short":{"value":"Additional Content defined by implementations"},"formal":{"value":"May be used to represent additional information that is not part of the basic definition of the resource. In order to make the use of extensions safe and manageable, there is a strict governance applied to the definition and use of extensions. Though any implementer is allowed to define an extension, there is a set of requirements that must be met as part of the definition of the extension."},"comments":{"value":"there can be no stigma\nassociated with the use of extensions by any application, project, or standard - regardless of the institution or jurisdiction that uses or defines the extensions.  The use of extensions is what allows the FHIR specification to retain a core simplicity for everyone."},"synonym":[{"value":"extensions"},{"value":"user content"}],"min":{"value":0},"max":{"value":"*"},"type":[{"code":{"value":"Extension"}}],"isModifier":{"value":false}}},{"path":{"value":"DeviceObservation.text"},"definition":{"short":{"value":"Text summary of the resource, for human interpretation"},"formal":{"value":"A human readable narrative that contains a summary of the resource, and may be used to represent the content of the resource to a human. The narrative need not encode all the structured data, but is required to contain sufficient detail to make it \"clinically safe\" for a human to just read the narrative. Resource definitions may define what content should be represented in the narrative to ensure clinical safety."},"comments":{"value":"Contained resources do not have narrative. Resources that are not contained SHOULD have a narrative."},"synonym":[{"value":"narrative"},{"value":"html"},{"value":"xhtml"},{"value":"display"}],"min":{"value":0},"max":{"value":"1"},"type":[{"code":{"value":"Narrative"}}],"isModifier":{"value":false}}},{"path":{"value":"DeviceObservation.contained"},"definition":{"short":{"value":"Contained, inline Resources"},"formal":{"value":"These resources do not have an independent existence apart from the resource that contains them - they cannot be identified independently, and nor can they have their own independent transaction scope."},"comments":{"value":"This should never be done when the content can be identified properly, as once identification is lost, it is extremely difficult (and context dependent) to restore it again."},"synonym":[{"value":"inline resources"},{"value":"anonymous resources"},{"value":"contained resources"}],"min":{"value":0},"max":{"value":"*"},"type":[{"code":{"value":"Resource"}}],"isModifier":{"value":false}}},{"path":{"value":"DeviceObservation.code"},"definition":{"short":{"value":"Type of device observation"},"formal":{"value":"A code that identifies what type of device observation this is."},"min":{"value":1},"max":{"value":"1"},"type":[{"code":{"value":"CodeableConcept"}}],"condition":[],"isModifier":{"value":false}}},{"path":{"value":"DeviceObservation.identifier"},"definition":{"short":{"value":"Identifiers assigned to this observation"},"formal":{"value":"Identifiers assigned to this observation."},"min":{"value":0},"max":{"value":"*"},"type":[{"code":{"value":"Identifier"}}],"condition":[],"isModifier":{"value":false}}},{"path":{"value":"DeviceObservation.issued"},"definition":{"short":{"value":"Date the measurements were made"},"formal":{"value":"Date the measurements were made."},"comments":{"value":"In this context, it is assumed that the issued date is the date that the observations were actually made."},"min":{"value":1},"max":{"value":"1"},"type":[{"code":{"value":"instant"}}],"condition":[],"isModifier":{"value":false}}},{"path":{"value":"DeviceObservation.subject"},"definition":{"short":{"value":"The subject of the measurements"},"formal":{"value":"The subject of the measurements. Usually, but not always, this is a patient. However devices are also used to make measurements on other things as well."},"min":{"value":1},"max":{"value":"1"},"type":[{"code":{"value":"Resource(Patient|Group|Device)"}}],"condition":[],"isModifier":{"value":false}}},{"path":{"value":"DeviceObservation.device"},"definition":{"short":{"value":"Device that produced the results"},"formal":{"value":"Device that produced the results."},"min":{"value":1},"max":{"value":"1"},"type":[{"code":{"value":"Resource(Device)"}}],"condition":[],"isModifier":{"value":false}}},{"path":{"value":"DeviceObservation.measurement"},"definition":{"short":{"value":"Actual measurements"},"formal":{"value":"The actual measurements that the device produced."},"min":{"value":0},"max":{"value":"*"},"type":[{"code":{"value":"Resource(Observation)"}}],"condition":[],"isModifier":{"value":false}}}]}]}}