{"Device":{"text":{"status":{"value":"generated"},"div":"<div>\n      <p>example<\/p>\n    <\/div>"},"type":{"coding":[{"system":{"value":"http://snomed.info/sct"},"code":{"value":"86184003"},"display":{"value":"Electrocardiographic monitor and recorder"}}],"text":{"value":"ECG"}},"manufacturer":{"value":"Acme Devices, Inc"},"model":{"value":"AB 45-J"},"identity":{"gtin":{"value":"04012313012313"},"lot":{"value":"43453424"},"serialNumber":{"value":"AMID-342135-8464"}},"assignedId":[{"system":{"value":"http://goodcare.org/devices/id"},"key":{"value":"345675"}}],"contact":[{"system":{"value":"phone"},"value":{"value":"ext 4352"}}]}}