<?xml version="1.0" encoding="UTF-8"?>

<Profile xmlns="http://hl7.org/fhir">
  <text>
    <status value="generated"/><div xmlns="http://www.w3.org/1999/xhtml"><pre>
&lt;<a title="A request for a diagnostic investigation service to be performed." class="dict" href="diagnosticorder-definitions.htm#DiagnosticOrder"><b>DiagnosticOrder</b></a> xmlns=&quot;http://hl7.org/fhir&quot;&gt;
 &lt;!-- from <a href="resources.htm">Resource</a>: <a href="extensibility.htm">extension</a>, <a href="narrative.htm#Narrative">narrative</a>, and <a href="references.htm#contained">contained</a> --&gt;
 &lt;<a title="Who or what the investigation is to be performed on. This is usually a human patient, but diagnostic tests can also be requested on animals, groups of humans or animals, devices such as dialysis machines, or even locations (typically for environmental scans)." class="dict" href="diagnosticorder-definitions.htm#DiagnosticOrder.subject"><b>subject</b></a>&gt;<span style="color: Gray">&lt;!--</span> <span style="color: brown"><b>1..1</b></span> <span style="color: darkgreen"><a href="references.htm#Resource">Resource</a>(<a href="patient.htm#Patient">Patient</a>|<a href="group.htm#Group">Group</a>|<a href="location.htm#Location">Location</a>|<a href="device.htm#Device">Device</a>)</span> <span style="color: navy">Who/what test is about</span><span style="color: Gray"> --&gt;</span>&lt;/subject&gt;
 &lt;<a title="The practitioner that holds legal responsibility for ordering the investigation." class="dict" href="diagnosticorder-definitions.htm#DiagnosticOrder.orderer"><b>orderer</b></a>&gt;<span style="color: Gray">&lt;!--</span> <span style="color: brown"><b>0..1</b></span> <span style="color: darkgreen"><a href="references.htm#Resource">Resource</a>(<a href="practitioner.htm#Practitioner">Practitioner</a>)</span> <span style="color: navy">Who ordered the test</span><span style="color: Gray"> --&gt;</span>&lt;/orderer&gt;
 &lt;<a title="Identifiers assigned to this order by the order or by the receiver." class="dict" href="diagnosticorder-definitions.htm#DiagnosticOrder.identifier"><b>identifier</b></a>&gt;<span style="color: Gray">&lt;!--</span> <span style="color: brown"><b>0..*</b></span> <span style="color: darkgreen"><a href="datatypes.htm#Identifier">Identifier</a></span> <span style="color: navy">Identifiers assigned to this order</span><span style="color: Gray"> --&gt;</span>&lt;/identifier&gt;
 &lt;<a title="An encounter that provides additional informaton about the healthcare context in which this request is made." class="dict" href="diagnosticorder-definitions.htm#DiagnosticOrder.encounter"><b>encounter</b></a>&gt;<span style="color: Gray">&lt;!--</span> <span style="color: brown"><b>0..1</b></span> <span style="color: darkgreen"><a href="references.htm#Resource">Resource</a>(<a href="encounter.htm#Encounter">Encounter</a>)</span> <span style="color: navy">The encounter that this diagnostic order is associated with</span><span style="color: Gray"> --&gt;</span>&lt;/encounter&gt;
 &lt;<a title="An explanation or justification for why this diagnostic investigation is being requested." class="dict" href="diagnosticorder-definitions.htm#DiagnosticOrder.clinicalNotes"><b>clinicalNotes</b></a> value=&quot;[<span style="color: darkgreen"><a href="datatypes.htm#string">string</a></span>]&quot;/&gt;<span style="color: Gray">&lt;!--</span> <span style="color: brown"><b>0..1</b></span> <span style="color: navy">Explanation/Justification for test</span><span style="color: Gray"> --&gt;</span>
 &lt;<a title="One or more specimens that the diagnostic investigation is about." class="dict" href="diagnosticorder-definitions.htm#DiagnosticOrder.specimen"><b>specimen</b></a>&gt;<span style="color: Gray">&lt;!--</span> <span style="color: brown"><b>0..*</b></span> <span style="color: darkgreen"><a href="references.htm#Resource">Resource</a>(<a href="specimen.htm#Specimen">Specimen</a>)</span> <span style="color: navy">If the whole order relates to specific specimens</span><span style="color: Gray"> --&gt;</span>&lt;/specimen&gt;
 &lt;<a title="The status of the order." class="dict" href="diagnosticorder-definitions.htm#DiagnosticOrder.status"><b>status</b></a> value=&quot;[<span style="color: darkgreen"><a href="datatypes.htm#code">code</a></span>]&quot;/&gt;<span style="color: Gray">&lt;!--</span> <span style="color: brown"><b>0..1</b></span> <span style="color: navy"><a style="color: navy" href="diagnostic-order-status.htm">requested | received | accepted | inprogress | review | complete | suspended | rejected | failed</a></span><span style="color: Gray"> --&gt;</span>
 &lt;<a title="The clinical priority associated with this order." class="dict" href="diagnosticorder-definitions.htm#DiagnosticOrder.priority"><b>priority</b></a> value=&quot;[<span style="color: darkgreen"><a href="datatypes.htm#code">code</a></span>]&quot;/&gt;<span style="color: Gray">&lt;!--</span> <span style="color: brown"><b>0..1</b></span> <span style="color: navy"><a style="color: navy" href="diagnostic-order-priority.htm">normal | urgent | stat</a></span><span style="color: Gray"> --&gt;</span>
 &lt;<a title="A summary of the events of interest that have occurred as the request is processed." class="dict" href="diagnosticorder-definitions.htm#DiagnosticOrder.event"><b>event</b></a>&gt;  <span style="color: Gray">&lt;!-- <span style="color: brown"><b>0..*</b></span> A list of events of interest in the lifecycle --&gt;</span>
  &lt;<a title="The status for the event." class="dict" href="diagnosticorder-definitions.htm#DiagnosticOrder.event.status"><b>status</b></a> value=&quot;[<span style="color: darkgreen"><a href="datatypes.htm#code">code</a></span>]&quot;/&gt;<span style="color: Gray">&lt;!--</span> <span style="color: brown"><b>1..1</b></span> <span style="color: navy"><a style="color: navy" href="diagnostic-order-status.htm">requested | received | accepted | inprogress | review | complete | suspended | rejected | failed</a></span><span style="color: Gray"> --&gt;</span>
  &lt;<a title="The date/time at which the event occurred." class="dict" href="diagnosticorder-definitions.htm#DiagnosticOrder.event.date"><b>date</b></a> value=&quot;[<span style="color: darkgreen"><a href="datatypes.htm#dateTime">dateTime</a></span>]&quot;/&gt;<span style="color: Gray">&lt;!--</span> <span style="color: brown"><b>1..1</b></span> <span style="color: navy">The date at which the event happened</span><span style="color: Gray"> --&gt;</span>
  &lt;<a title="The person who was responsible for performing or recording the action." class="dict" href="diagnosticorder-definitions.htm#DiagnosticOrder.event.actor"><b>actor</b></a>&gt;<span style="color: Gray">&lt;!--</span> <span style="color: brown"><b>0..1</b></span> <span style="color: darkgreen"><a href="references.htm#Resource">Resource</a>(<a href="practitioner.htm#Practitioner">Practitioner</a>|<a href="device.htm#Device">Device</a>)</span> <span style="color: navy">Who recorded or did this</span><span style="color: Gray"> --&gt;</span>&lt;/actor&gt;
 &lt;/event&gt;
 &lt;<a title="The specific diagnostic investigations that are requested as part of this request. Sometimes, there can only be one item per request, but in most contexts, more than one investigation can be requested." class="dict" href="diagnosticorder-definitions.htm#DiagnosticOrder.item"><b>item</b></a>&gt;  <span style="color: Gray">&lt;!-- <span style="color: brown"><b>0..*</b></span> The items the orderer requested --&gt;</span>
  &lt;<a title="A code that identifies a particular diagnostic investigation that has been requested." class="dict" href="diagnosticorder-definitions.htm#DiagnosticOrder.item.code"><b>code</b></a>&gt;<span style="color: Gray">&lt;!--</span> <span style="color: brown"><b>1..1</b></span> <span style="color: darkgreen"><a href="datatypes.htm#CodeableConcept">CodeableConcept</a></span> <span style="color: navy"><a style="color: navy" href="valueset-diagnostic-requests.htm">Code for this item</a></span><span style="color: Gray"> --&gt;</span>&lt;/code&gt;
  &lt;<a title="If the item is related to a specific speciment." class="dict" href="diagnosticorder-definitions.htm#DiagnosticOrder.item.specimen"><b>specimen</b></a>&gt;<span style="color: Gray">&lt;!--</span> <span style="color: brown"><b>0..*</b></span> <span style="color: darkgreen"><a href="references.htm#Resource">Resource</a>(<a href="specimen.htm#Specimen">Specimen</a>)</span> <span style="color: navy">If this item relates to specific specimens</span><span style="color: Gray"> --&gt;</span>&lt;/specimen&gt;
  &lt;<a title="Anatomical location where the request test should be performed." class="dict" href="diagnosticorder-definitions.htm#DiagnosticOrder.item.bodySite"><b>bodySite</b></a>&gt;<span style="color: Gray">&lt;!--</span> <span style="color: brown"><b>0..1</b></span> <span style="color: darkgreen"><a href="datatypes.htm#CodeableConcept">CodeableConcept</a></span> <span style="color: navy"><a style="color: navy" href="valueset-body-site.htm">Location of requested test (if applicable)</a></span><span style="color: Gray"> --&gt;</span>&lt;/bodySite&gt;
  &lt;<a title="The status of this individual item within the order." class="dict" href="diagnosticorder-definitions.htm#DiagnosticOrder.item.status"><b>status</b></a> value=&quot;[<span style="color: darkgreen"><a href="datatypes.htm#code">code</a></span>]&quot;/&gt;<span style="color: Gray">&lt;!--</span> <span style="color: brown"><b>0..1</b></span> <span style="color: navy"><a style="color: navy" href="diagnostic-order-status.htm">requested | received | accepted | inprogress | review | complete | suspended | rejected | failed</a></span><span style="color: Gray"> --&gt;</span>
  &lt;<a title="A summary of the events of interest that have occurred as this item of the request is processed." class="dict" href="diagnosticorder-definitions.htm#DiagnosticOrder.item.event"><b>event</b></a>&gt;<span style="color: Gray">&lt;!--</span> <span style="color: brown"><b>0..*</b></span> <span style="color: darkgreen">Content as for DiagnosticOrder.event</span> <span style="color: navy">Events specific to this item</span><span style="color: Gray"> --&gt;</span>&lt;/event&gt;
 &lt;/item&gt;
&lt;/DiagnosticOrder&gt;
</pre></div>
  </text>
  <name value="diagnosticorder"/>
  <publisher value="FHIR Project"/>
  <description value="Basic Profile. A request for a diagnostic investigation service to be performed."/>
  <status value="draft"/>
  <date value="2014-01-31"/>
  <structure>
    <type value="DiagnosticOrder"/>
    <publish value="true"/>
    <element>
      <path value="DiagnosticOrder"/>
      <definition>
        <short value="A request for a diagnostic service"/>
        <formal value="A request for a diagnostic investigation service to be performed."/>
        <min value="1"/>
        <max value="1"/>
        <type>
          <code value="Resource"/>
        </type>
        <isModifier value="false"/>
      </definition>
    </element>
    <element>
      <path value="DiagnosticOrder.extension"/>
      <definition>
        <short value="Additional Content defined by implementations"/>
        <formal value="May be used to represent additional information that is not part of the basic definition of the resource. In order to make the use of extensions safe and manageable, there is a strict governance applied to the definition and use of extensions. Though any implementer is allowed to define an extension, there is a set of requirements that must be met as part of the definition of the extension."/>
        <comments value="there can be no stigma
associated with the use of extensions by any application, project, or standard - regardless of the institution or jurisdiction that uses or defines the extensions.  The use of extensions is what allows the FHIR specification to retain a core simplicity for everyone."/>
        <synonym value="extensions"/>
        <synonym value="user content"/>
        <min value="0"/>
        <max value="*"/>
        <type>
          <code value="Extension"/>
        </type>
        <isModifier value="false"/>
      </definition>
    </element>
    <element>
      <path value="DiagnosticOrder.text"/>
      <definition>
        <short value="Text summary of the resource, for human interpretation"/>
        <formal value="A human readable narrative that contains a summary of the resource, and may be used to represent the content of the resource to a human. The narrative need not encode all the structured data, but is required to contain sufficient detail to make it &quot;clinically safe&quot; for a human to just read the narrative. Resource definitions may define what content should be represented in the narrative to ensure clinical safety."/>
        <comments value="Contained resources do not have narrative. Resources that are not contained SHOULD have a narrative."/>
        <synonym value="narrative"/>
        <synonym value="html"/>
        <synonym value="xhtml"/>
        <synonym value="display"/>
        <min value="0"/>
        <max value="1"/>
        <type>
          <code value="Narrative"/>
        </type>
        <isModifier value="false"/>
      </definition>
    </element>
    <element>
      <path value="DiagnosticOrder.contained"/>
      <definition>
        <short value="Contained, inline Resources"/>
        <formal value="These resources do not have an independent existence apart from the resource that contains them - they cannot be identified independently, and nor can they have their own independent transaction scope."/>
        <comments value="This should never be done when the content can be identified properly, as once identification is lost, it is extremely difficult (and context dependent) to restore it again."/>
        <synonym value="inline resources"/>
        <synonym value="anonymous resources"/>
        <synonym value="contained resources"/>
        <min value="0"/>
        <max value="*"/>
        <type>
          <code value="Resource"/>
        </type>
        <isModifier value="false"/>
      </definition>
    </element>
    <element>
      <path value="DiagnosticOrder.subject"/>
      <definition>
        <short value="Who/what test is about"/>
        <formal value="Who or what the investigation is to be performed on. This is usually a human patient, but diagnostic tests can also be requested on animals, groups of humans or animals, devices such as dialysis machines, or even locations (typically for environmental scans)."/>
        <min value="1"/>
        <max value="1"/>
        <type>
          <code value="Resource(Patient|Group|Location|Device)"/>
        </type>
        <isModifier value="false"/>
      </definition>
    </element>
    <element>
      <path value="DiagnosticOrder.orderer"/>
      <definition>
        <short value="Who ordered the test"/>
        <formal value="The practitioner that holds legal responsibility for ordering the investigation."/>
        <min value="0"/>
        <max value="1"/>
        <type>
          <code value="Resource(Practitioner)"/>
        </type>
        <isModifier value="false"/>
      </definition>
    </element>
    <element>
      <path value="DiagnosticOrder.identifier"/>
      <definition>
        <short value="Identifiers assigned to this order"/>
        <formal value="Identifiers assigned to this order by the order or by the receiver."/>
        <min value="0"/>
        <max value="*"/>
        <type>
          <code value="Identifier"/>
        </type>
        <isModifier value="false"/>
      </definition>
    </element>
    <element>
      <path value="DiagnosticOrder.encounter"/>
      <definition>
        <short value="The encounter that this diagnostic order is associated with"/>
        <formal value="An encounter that provides additional informaton about the healthcare context in which this request is made."/>
        <min value="0"/>
        <max value="1"/>
        <type>
          <code value="Resource(Encounter)"/>
        </type>
        <isModifier value="false"/>
      </definition>
    </element>
    <element>
      <path value="DiagnosticOrder.clinicalNotes"/>
      <definition>
        <short value="Explanation/Justification for test"/>
        <formal value="An explanation or justification for why this diagnostic investigation is being requested."/>
        <comments value="This may be used to decide how the diagnostic investigation will be performed, or even if it will be performed at all."/>
        <min value="0"/>
        <max value="1"/>
        <type>
          <code value="string"/>
        </type>
        <isModifier value="false"/>
      </definition>
    </element>
    <element>
      <path value="DiagnosticOrder.specimen"/>
      <definition>
        <short value="If the whole order relates to specific specimens"/>
        <formal value="One or more specimens that the diagnostic investigation is about."/>
        <comments value="Many investigation requests will create a need for specimens, but the request itself is not actually about the specimens. This is provided for when the diagnostic investigation is requested on already existing specimens."/>
        <min value="0"/>
        <max value="*"/>
        <type>
          <code value="Resource(Specimen)"/>
        </type>
        <isModifier value="false"/>
      </definition>
    </element>
    <element>
      <path value="DiagnosticOrder.status"/>
      <definition>
        <short value="requested | received | accepted | inprogress | review | complete | suspended | rejected | failed"/>
        <formal value="The status of the order."/>
        <comments value="Typically the system placing the order sets the status to requested. There after, the order is maintained by the receiver that updates the status as the request is handled."/>
        <min value="0"/>
        <max value="1"/>
        <type>
          <code value="code"/>
        </type>
        <isModifier value="false"/>
        <binding value="DiagnosticOrderStatus"/>
      </definition>
    </element>
    <element>
      <path value="DiagnosticOrder.priority"/>
      <definition>
        <short value="normal | urgent | stat"/>
        <formal value="The clinical priority associated with this order."/>
        <comments value="The Order resource also has a priority. Generally, these should be the same, but they can be different, for instance in the case where the clinician indicates that the order is urgent, but the subsequent workflow process overrule this priority for some reason. The effective default value is &quot;normal&quot;."/>
        <min value="0"/>
        <max value="1"/>
        <type>
          <code value="code"/>
        </type>
        <isModifier value="false"/>
        <binding value="DiagnosticOrderPriority"/>
      </definition>
    </element>
    <element>
      <path value="DiagnosticOrder.event"/>
      <definition>
        <short value="A list of events of interest in the lifecycle"/>
        <formal value="A summary of the events of interest that have occurred as the request is processed."/>
        <comments value="This is not the same as an audit trail - it is a view of the important things that happened in the past. Typically, there would only be one entry for any given status, and systems may not record all the status events."/>
        <min value="0"/>
        <max value="*"/>
        <isModifier value="false"/>
      </definition>
    </element>
    <element>
      <path value="DiagnosticOrder.event.status"/>
      <definition>
        <short value="requested | received | accepted | inprogress | review | complete | suspended | rejected | failed"/>
        <formal value="The status for the event."/>
        <min value="1"/>
        <max value="1"/>
        <type>
          <code value="code"/>
        </type>
        <isModifier value="false"/>
        <binding value="DiagnosticOrderStatus"/>
      </definition>
    </element>
    <element>
      <path value="DiagnosticOrder.event.date"/>
      <definition>
        <short value="The date at which the event happened"/>
        <formal value="The date/time at which the event occurred."/>
        <min value="1"/>
        <max value="1"/>
        <type>
          <code value="dateTime"/>
        </type>
        <isModifier value="false"/>
      </definition>
    </element>
    <element>
      <path value="DiagnosticOrder.event.actor"/>
      <definition>
        <short value="Who recorded or did this"/>
        <formal value="The person who was responsible for performing or recording the action."/>
        <min value="0"/>
        <max value="1"/>
        <type>
          <code value="Resource(Practitioner|Device)"/>
        </type>
        <isModifier value="false"/>
      </definition>
    </element>
    <element>
      <path value="DiagnosticOrder.item"/>
      <definition>
        <short value="The items the orderer requested"/>
        <formal value="The specific diagnostic investigations that are requested as part of this request. Sometimes, there can only be one item per request, but in most contexts, more than one investigation can be requested."/>
        <comments value="There would always be at least one item in normal usage, but this is optional so that a workflow can quote order details without having to list the items."/>
        <min value="0"/>
        <max value="*"/>
        <isModifier value="false"/>
      </definition>
    </element>
    <element>
      <path value="DiagnosticOrder.item.code"/>
      <definition>
        <short value="Code for this item"/>
        <formal value="A code that identifies a particular diagnostic investigation that has been requested."/>
        <min value="1"/>
        <max value="1"/>
        <type>
          <code value="CodeableConcept"/>
        </type>
        <isModifier value="false"/>
        <binding value="DiagnosticRequests"/>
      </definition>
    </element>
    <element>
      <path value="DiagnosticOrder.item.specimen"/>
      <definition>
        <short value="If this item relates to specific specimens"/>
        <formal value="If the item is related to a specific speciment."/>
        <comments value="A single specimen should not appear in both DIagnosticOrder.specimen and DiagnosticOrder.item.specimen."/>
        <min value="0"/>
        <max value="*"/>
        <type>
          <code value="Resource(Specimen)"/>
        </type>
        <isModifier value="false"/>
      </definition>
    </element>
    <element>
      <path value="DiagnosticOrder.item.bodySite"/>
      <definition>
        <short value="Location of requested test (if applicable)"/>
        <formal value="Anatomical location where the request test should be performed."/>
        <min value="0"/>
        <max value="1"/>
        <type>
          <code value="CodeableConcept"/>
        </type>
        <isModifier value="false"/>
        <binding value="BodySite"/>
      </definition>
    </element>
    <element>
      <path value="DiagnosticOrder.item.status"/>
      <definition>
        <short value="requested | received | accepted | inprogress | review | complete | suspended | rejected | failed"/>
        <formal value="The status of this individual item within the order."/>
        <comments value="If the request has multiple items that have their own life cycles, then the items will have their own status while the overall diagnostic order is (usually) &quot;in progress&quot;."/>
        <min value="0"/>
        <max value="1"/>
        <type>
          <code value="code"/>
        </type>
        <isModifier value="false"/>
        <binding value="DiagnosticOrderStatus"/>
      </definition>
    </element>
    <element>
      <path value="DiagnosticOrder.item.event"/>
      <definition>
        <short value="Events specific to this item"/>
        <formal value="A summary of the events of interest that have occurred as this item of the request is processed."/>
        <min value="0"/>
        <max value="*"/>
        <type>
          <code value="@DiagnosticOrder.event"/>
        </type>
        <isModifier value="false"/>
      </definition>
    </element>
  </structure>
  <binding>
    <name value="DiagnosticRequests"/>
    <isExtensible value="true"/>
    <conformance value="example"/>
    <referenceResource>
      <type value="ValueSet"/>
      <reference value="http://hl7.org/fhir/vs/diagnostic-requests"/>
    </referenceResource>
  </binding>
  <binding>
    <name value="BodySite"/>
    <isExtensible value="true"/>
    <conformance value="example"/>
    <referenceResource>
      <type value="ValueSet"/>
      <reference value="http://hl7.org/fhir/vs/body-site"/>
    </referenceResource>
  </binding>
  <binding>
    <name value="DiagnosticOrderStatus"/>
    <conformance value="required"/>
    <referenceResource>
      <type value="ValueSet"/>
      <reference value="http://hl7.org/fhir/vs/diagnostic-order-status"/>
    </referenceResource>
  </binding>
  <binding>
    <name value="DiagnosticOrderPriority"/>
    <conformance value="required"/>
    <referenceResource>
      <type value="ValueSet"/>
      <reference value="http://hl7.org/fhir/vs/diagnostic-order-priority"/>
    </referenceResource>
  </binding>
</Profile>