<?xml version="1.0" encoding="UTF-8"?><DiagnosticReport xmlns="http://hl7.org/fhir">
 <status value="final"/>
 <issued value="2013-03-11T10:28:00+01:00"/>
 <subject><!-- It entails Roel's diagnostic report -->
     <type value="Patient"/>
     <reference value="patient/@f201"/>
     <display value="Roel"/>
 </subject>
 <performer><!-- The diagnostic report was issued by AUMC -->
     <type value="Organization"/><!-- TODO Why can't this be a practitioner (OR organization)? -->
     <reference value="organization/@f201"/>
     <display value="AUMC"/>
 </performer>
 <!-- No identifier was available -->
 <requestDetail>
     <encounter>         
        <type value="Encounter"/>
        <reference value="encounter/@f203"/>
        <display value="Roel&#39;s encounter on March eleventh 2013"/>
     </encounter>
     <requester>
         <type value="Practitioner"/>
         <reference value="practitioner/@f201"/>
         <display value="Dokter Bronsig"/>
     </requester>
 </requestDetail>
 <serviceCategory><!-- Lab test -->
    <coding>
        <system value="http://snomed.info/sct"/>
        <code value="15220000"/>
        <display value="Laboratory test"/> 
    </coding>
     <coding>
         <system value="http://hl7.org/fhir/v2/0074"/>
         <code value="LAB"/>
     </coding>
 </serviceCategory>
 <diagnosticTime value="2013-03-11T03:45:00+01:00"/>
 <results> 
  <name>
    <coding>
        <system value="http://snomed.info/sct"/>
        <code value="104177005"/>
        <display value="Blood culture for bacteria"/> 
    </coding>
  </name>
  <result>
        <type value="Observation"/>
        <reference value="observation/@f206"/>
        <display value="Results for staphylococcus analysis on Roel&#39;s blood culture"/>  
  </result>
 </results>
 <conclusion value="Blood culture tested positive on staphylococcus aureus"/>
 <codedDiagnosis>
    <coding>
        <system value="http://snomed.info/sct"/>
        <code value="428763004"/>
        <display value="Bacteremia due to staphylococcus"/> 
    </coding>
 </codedDiagnosis>
</DiagnosticReport>