{"DiagnosticReport":{"status":{"value":"final"},"issued":{"value":"2012-12-01T12:00:00+01:00"},"subject":{"type":{"value":"Patient"},"reference":{"value":"patient/@f201"},"display":{"value":"Roel"}},"performer":{"type":{"value":"Organization"},"reference":{"value":"organization/@f203"},"display":{"value":"Blijdorp MC"}},"serviceCategory":{"coding":[{"system":{"value":"http://snomed.info/sct"},"code":{"value":"394914008"},"display":{"value":"Radiology"}},{"system":{"value":"http://hl7.org/fhir/v2/0074"},"code":{"value":"RAD"}}]},"diagnosticTime":{"value":"2012-12-01T12:00:00+01:00"},"results":{"name":{"coding":[{"system":{"value":"http://snomed.info/sct"},"code":{"value":"429858000"},"display":{"value":"CT of head-neck"}}]}},"conclusion":{"value":"CT brains: large tumor sphenoid/clivus."},"codedDiagnosis":[{"coding":[{"system":{"value":"http://snomed.info/sct"},"code":{"value":"188340000"},"display":{"value":"Malignant craniopharyngeal tumor"}}]}]}}