{"ValueSet":{"text":{"status":{"value":"generated"},"div":"<div><h2>DiagnosticOrderStatus<\/h2><p>The status of a diagnostic order<\/p><p>This value set defines it's own terms in the system http://hl7.org/fhir/diagnostic-order-status<\/p><table><tr><td><b>Code<\/b><\/td><td><b>Display<\/b><\/td><td><b>Definition<\/b><\/td><\/tr><tr><td>requested<\/td><td/><td>The request has been placed.<\/td><\/tr><tr><td>received<\/td><td/><td>The receiving system has received the order, but not yet decided whether it will be performed.<\/td><\/tr><tr><td>accepted<\/td><td/><td>The receiving system has accepted the order, but work has not yet commenced.<\/td><\/tr><tr><td>inprogress<\/td><td/><td>The work to fulfill the order is happening.<\/td><\/tr><tr><td>review<\/td><td/><td>The work is complete, and the outcomes are being reviewed for approval.<\/td><\/tr><tr><td>complete<\/td><td/><td>The work has been complete, the report(s) released, and no further work is planned.<\/td><\/tr><tr><td>suspended<\/td><td/><td>The request has been held by originating system/user request.<\/td><\/tr><tr><td>rejected<\/td><td/><td>The receiving system has declined to fulfill the request.<\/td><\/tr><tr><td>failed<\/td><td/><td>The diagnostic investigation was attempted, but due to some procedural error, it could not be completed.<\/td><\/tr><\/table><\/div>"},"identifier":{"value":"http://hl7.org/fhir/vs/diagnostic-order-status"},"name":{"value":"DiagnosticOrderStatus"},"publisher":{"value":"HL7 (FHIR Project)"},"telecom":[{"system":{"value":"url"},"value":{"value":"http://hl7.org/fhir"}},{"system":{"value":"email"},"value":{"value":"fhir@lists.hl7.org"}}],"description":{"value":"The status of a diagnostic order"},"status":{"value":"draft"},"date":{"value":"2023-05-12T00:10:00"},"define":{"system":{"value":"http://hl7.org/fhir/diagnostic-order-status"},"caseSensitive":{"value":true},"concept":[{"code":{"value":"requested"},"definition":{"value":"The request has been placed."}},{"code":{"value":"received"},"definition":{"value":"The receiving system has received the order, but not yet decided whether it will be performed."}},{"code":{"value":"accepted"},"definition":{"value":"The receiving system has accepted the order, but work has not yet commenced."}},{"code":{"value":"inprogress"},"definition":{"value":"The work to fulfill the order is happening."}},{"code":{"value":"review"},"definition":{"value":"The work is complete, and the outcomes are being reviewed for approval."}},{"code":{"value":"complete"},"definition":{"value":"The work has been complete, the report(s) released, and no further work is planned."}},{"code":{"value":"suspended"},"definition":{"value":"The request has been held by originating system/user request."}},{"code":{"value":"rejected"},"definition":{"value":"The receiving system has declined to fulfill the request."}},{"code":{"value":"failed"},"definition":{"value":"The diagnostic investigation was attempted, but due to some procedural error, it could not be completed."}}]}}}