{"ValueSet":{"text":{"status":{"value":"generated"},"div":"<div><h2>DiagnosticOrderPriority<\/h2><p>The clinical priority of a diagnostic order<\/p><p>This value set defines it's own terms in the system http://hl7.org/fhir/diagnostic-order-priority<\/p><table><tr><td><b>Code<\/b><\/td><td><b>Display<\/b><\/td><td><b>Definition<\/b><\/td><\/tr><tr><td>normal<\/td><td>Normal<\/td><td>The order has no particular priority with it.<\/td><\/tr><tr><td>urgent<\/td><td>Urgent<\/td><td>The order should be urgently.<\/td><\/tr><tr><td>stat<\/td><td>Stat<\/td><td>The order is time-critical.<\/td><\/tr><\/table><\/div>"},"identifier":{"value":"http://hl7.org/fhir/vs/diagnostic-order-priority"},"name":{"value":"DiagnosticOrderPriority"},"publisher":{"value":"HL7 (FHIR Project)"},"telecom":[{"system":{"value":"url"},"value":{"value":"http://hl7.org/fhir"}},{"system":{"value":"email"},"value":{"value":"fhir@lists.hl7.org"}}],"description":{"value":"The clinical priority of a diagnostic order"},"status":{"value":"draft"},"date":{"value":"2023-05-12T00:10:00"},"define":{"system":{"value":"http://hl7.org/fhir/diagnostic-order-priority"},"caseSensitive":{"value":true},"concept":[{"code":{"value":"normal"},"display":{"value":"Normal"},"definition":{"value":"The order has no particular priority with it."}},{"code":{"value":"urgent"},"display":{"value":"Urgent"},"definition":{"value":"The order should be urgently."}},{"code":{"value":"stat"},"display":{"value":"Stat"},"definition":{"value":"The order is time-critical."}}]}}}