<?xml version="1.0" encoding="UTF-8"?><DiagnosticReport xmlns="http://hl7.org/fhir">
  <text>
        <status value="generated"/>
        <div xmlns="http://www.w3.org/1999/xhtml"> 
      <h3>Lipid Report for Wile. E. COYOTE (MRN: 23453) issued 3-Mar 2009 14:26</h3>            
<!--  you could use ab html table here, but laboratories are still 
 using fixed text tables, and this will take decades to change...  -->
            <pre>
Test                  Units       Value       Reference Range
Cholesterol           mmol/L      6.3         &lt;4.5
Triglyceride          mmol/L      1.3         &lt;2.0
HDL Cholesterol       mmol/L      1.3         &gt;1.5
LDL Chol. (calc)      mmol/L      4.2         &lt;3.0
      </pre>
            <p>Acme Laboratory, Inc signed: Dr Pete Pathologist</p>
        </div>
    </text>
    <contained>
    <!--  
	  all the data items (= Observations) are contained 
	  in this diagnostic report. It would be equally 
      valid - and normal - for them to be separate trackable
      items. However for the purposes of this example, it's
	  more convenient to have them here. For more discussion,
	  see under "Contained Resources" on the Resource Definitions
	  topic page  -->
	  <!--  for users steeped in v2, each observation roughly corresponds with an 
	    OBX, and the Diagnostic Report with an ORU_R01 message  -->
      <Observation id="cholesterol">
        <name>
          <coding>
            <system value="http://loinc.org"/>
            <code value="35200-5"/>
          </coding>
          <text value="Cholesterol"/>
        </name>
        <valueQuantity>
          <value value="6.3"/>
          <units value="mmol/L"/>
          <system value="http://unitsofmeasure.org"/>
          <code value="mmol/L"/>
        </valueQuantity>
        <status value="final"/>
        <reliability value="ok"/>
        <referenceRange>
          <rangeQuantity>
            <value value="4.5"/>
            <comparator value="&lt;"/>
            <units value="mmol/L"/>
            <system value="http://unitsofmeasure.org"/>
            <code value="mmol/L"/>
          </rangeQuantity>
        </referenceRange>
      </Observation>
    </contained> 
    <contained>  
      <Observation id="triglyceride">
        <name>
          <coding>
            <system value="http://loinc.org"/>
            <code value="35217-9"/>
          </coding>
          <text value="Triglyceride"/>
        </name>
        <valueQuantity>
          <value value="1.3"/>
          <units value="mmol/L"/>
          <system value="http://unitsofmeasure.org"/>
          <code value="mmol/L"/>
        </valueQuantity>
        <status value="final"/>
        <reliability value="ok"/>
        <referenceRange>
          <rangeQuantity>
            <value value="2.0"/>
            <comparator value="&lt;"/>
            <units value="mmol/L"/>
            <system value="http://unitsofmeasure.org"/>
            <code value="mmol/L"/>
          </rangeQuantity>
        </referenceRange>
      </Observation>
    </contained> 
    <contained>  
      <Observation id="hdlcholesterol">
        <name>
          <coding>
            <system value="http://loinc.org"/>
            <code value="2085-9"/>
          </coding>
          <text value="Cholesterol in HDL"/>
        </name>
        <valueQuantity>
          <value value="1.3"/>
          <units value="mmol/L"/>
          <system value="http://unitsofmeasure.org"/>
          <code value="mmol/L"/>
        </valueQuantity>
        <status value="final"/>
        <reliability value="ok"/>
        <referenceRange>
          <rangeQuantity>
            <value value="1.5"/>
            <comparator value="&gt;"/>
            <units value="mmol/L"/>
            <system value="http://unitsofmeasure.org"/>
            <code value="mmol/L"/>
          </rangeQuantity>
        </referenceRange>
      </Observation>
    </contained> 
    <contained>  
      <Observation id="ldlcholesterol">
        <name>
          <coding>
            <system value="http://loinc.org"/>
            <code value="13457-7"/>
          </coding>
          <text value="LDL Chol. (Calc)"/>
        </name>
        <valueQuantity>
          <value value="4.6"/>
          <units value="mmol/L"/>
          <system value="http://unitsofmeasure.org"/>
          <code value="mmol/L"/>
        </valueQuantity>
        <status value="final"/>
        <reliability value="ok"/>
        <referenceRange>
          <rangeQuantity>
            <value value="3.0"/>
            <comparator value="&lt;"/>
            <units value="mmol/L"/>
            <system value="http://unitsofmeasure.org"/>
            <code value="mmol/L"/>
          </rangeQuantity>
        </referenceRange>
      </Observation>
    </contained> 
  <!--  first, various administrative/context stuff  -->
  <status value="final"/> <!--  all this report is final  -->
  <issued value="2013-01-27T11:45:33+11:00"/>
  <subject>
    <type value="Patient"/>
    <reference value="patient/@pat2"/>
  </subject>
  <performer>
    <type value="Organization"/>
    <reference value="organization/@1832473e-2fe0-452d-abe9-3cdb9879522f"/>
    <display value="Acme Laboratory, Inc"/>
  </performer>
  <reportId>
    <system value="http://acme.com/lab/reports"/>
    <key value="5234342"/>
  </reportId>
  <serviceCategory>
    <coding>
      <system value="http://hl7.org/fhir/v2/0074"/>
      <code value="HM"/>
    </coding>
  </serviceCategory>
  <diagnosticTime value="2011-03-04T08:30:00+11:00"/>
  <results>
    <name>
      <coding>
        <system value="http://loinc.org"/>
        <code value="57698-3"/>
        <display value="Lipid panel with direct LDL"/>
      </coding>
      <text value="Lipid Panel"/>
    </name>
    <!--  now the atomic results  -->
    <result>
      <type value="Observation"/>
      <reference value="#cholesterol"/>
    </result>  
    <result>
      <type value="Observation"/>
      <reference value="#triglyceride"/>
    </result>
    <result>
      <type value="Observation"/>
      <reference value="#hdlcholesterol"/>
    </result>
    <result>
      <type value="Observation"/>
      <reference value="#ldlcholesterol"/>
    </result>
  </results>
</DiagnosticReport>