{"DiagnosticReport":{"status":{"value":"final"},"issued":{"value":"2013-05-15T19:32:52+01:00"},"subject":{"type":{"value":"Patient"},"reference":{"value":"patient/@f001"},"display":{"value":"P. van den Heuvel"}},"performer":{"type":{"value":"Organization"},"reference":{"value":"organization/@f001"},"display":{"value":"Burgers University Medical Centre"}},"reportId":{"use":{"value":"official"},"system":{"value":"http://www.bmc.nl/zorgportal/identifiers/reports"},"key":{"value":"nr1239044"}},"requestDetail":[{"encounter":{"type":{"value":"Encounter"},"reference":{"value":"encounter/@f001"}},"requestOrderId":{"use":{"value":"official"},"system":{"value":"http://www.bmc.nl/zorgportal/identifiers/labresults"},"key":{"value":"L2381"}},"receiverOrderId":{"use":{"value":"official"},"system":{"value":"http://www.bmc.nl/zorgportal/identifiers/diagnostics"},"key":{"value":"D2838"}},"requestTest":[{"coding":[{"system":{"value":"http://loinc.org"},"code":{"value":"19071-0"},"display":{"value":"Blood removed from patient"}}]}],"bodySite":{"coding":[{"system":{"value":"http://snomed.info/sct"},"code":{"value":"14975008"},"display":{"value":"Forearm structure"}}]},"requester":{"type":{"value":"Practitioner"},"reference":{"value":"practitioner/@f001"},"display":{"value":"E.van den Broek"}},"clinicalInfo":{"value":"patient almost fainted during procedure"}}],"serviceCategory":{"coding":[{"system":{"value":"http://snomed.info/sct"},"code":{"value":"252275004"},"display":{"value":"Haematology test"}},{"system":{"value":"http://hl7.org/fhir/v2/0074"},"code":{"value":"HM"}}]},"diagnosticTime":{"value":"2013-04-02"},"results":{"name":{"coding":[{"system":{"value":"http://loinc.org"},"code":{"value":"15430-2"},"display":{"value":"FULL BLOOD EXAMINATION"}}]},"result":[{"type":{"value":"Observation"},"reference":{"value":"observation/@f001"}},{"type":{"value":"Observation"},"reference":{"value":"observation/@f002"}},{"type":{"value":"Observation"},"reference":{"value":"observation/@f003"}},{"type":{"value":"Observation"},"reference":{"value":"observation/@f004"}},{"type":{"value":"Observation"},"reference":{"value":"observation/@f005"}}]},"conclusion":{"value":"Core lab"}}}