{"DiagnosticReport":{"text":{"status":{"value":"generated"},"div":"<div> \n      <h3>Lipid Report for Wile. E. COYOTE (MRN: 23453) issued 3-Mar 2009 14:26<\/h3>            \n\n            <pre>\nTest                  Units       Value       Reference Range\nCholesterol           mmol/L      6.3         &lt;4.5\nTriglyceride          mmol/L      1.3         &lt;2.0\nHDL Cholesterol       mmol/L      1.3         &gt;1.5\nLDL Chol. (calc)      mmol/L      4.2         &lt;3.0\n      <\/pre>\n            <p>Acme Laboratory, Inc signed: Dr Pete Pathologist<\/p>\n        <\/div>"},"contained":[{"Observation":{"_id":"cholesterol","name":{"coding":[{"system":{"value":"http://loinc.org"},"code":{"value":"35200-5"}}],"text":{"value":"Cholesterol"}},"valueQuantity":{"value":{"value":"6.3"},"units":{"value":"mmol/L"},"system":{"value":"http://unitsofmeasure.org"},"code":{"value":"mmol/L"}},"status":{"value":"final"},"reliability":{"value":"ok"},"referenceRange":[{"rangeQuantity":{"value":{"value":"4.5"},"comparator":{"value":"<"},"units":{"value":"mmol/L"},"system":{"value":"http://unitsofmeasure.org"},"code":{"value":"mmol/L"}}}]}},{"Observation":{"_id":"triglyceride","name":{"coding":[{"system":{"value":"http://loinc.org"},"code":{"value":"35217-9"}}],"text":{"value":"Triglyceride"}},"valueQuantity":{"value":{"value":"1.3"},"units":{"value":"mmol/L"},"system":{"value":"http://unitsofmeasure.org"},"code":{"value":"mmol/L"}},"status":{"value":"final"},"reliability":{"value":"ok"},"referenceRange":[{"rangeQuantity":{"value":{"value":"2.0"},"comparator":{"value":"<"},"units":{"value":"mmol/L"},"system":{"value":"http://unitsofmeasure.org"},"code":{"value":"mmol/L"}}}]}},{"Observation":{"_id":"hdlcholesterol","name":{"coding":[{"system":{"value":"http://loinc.org"},"code":{"value":"2085-9"}}],"text":{"value":"Cholesterol in HDL"}},"valueQuantity":{"value":{"value":"1.3"},"units":{"value":"mmol/L"},"system":{"value":"http://unitsofmeasure.org"},"code":{"value":"mmol/L"}},"status":{"value":"final"},"reliability":{"value":"ok"},"referenceRange":[{"rangeQuantity":{"value":{"value":"1.5"},"comparator":{"value":">"},"units":{"value":"mmol/L"},"system":{"value":"http://unitsofmeasure.org"},"code":{"value":"mmol/L"}}}]}},{"Observation":{"_id":"ldlcholesterol","name":{"coding":[{"system":{"value":"http://loinc.org"},"code":{"value":"13457-7"}}],"text":{"value":"LDL Chol. (Calc)"}},"valueQuantity":{"value":{"value":"4.6"},"units":{"value":"mmol/L"},"system":{"value":"http://unitsofmeasure.org"},"code":{"value":"mmol/L"}},"status":{"value":"final"},"reliability":{"value":"ok"},"referenceRange":[{"rangeQuantity":{"value":{"value":"3.0"},"comparator":{"value":"<"},"units":{"value":"mmol/L"},"system":{"value":"http://unitsofmeasure.org"},"code":{"value":"mmol/L"}}}]}}],"status":{"value":"final"},"issued":{"value":"2013-01-27T11:45:33+11:00"},"subject":{"type":{"value":"Patient"},"reference":{"value":"patient/@pat2"}},"performer":{"type":{"value":"Organization"},"reference":{"value":"organization/@1832473e-2fe0-452d-abe9-3cdb9879522f"},"display":{"value":"Acme Laboratory, Inc"}},"reportId":{"system":{"value":"http://acme.com/lab/reports"},"key":{"value":"5234342"}},"serviceCategory":{"coding":[{"system":{"value":"http://hl7.org/fhir/v2/0074"},"code":{"value":"HM"}}]},"diagnosticTime":{"value":"2011-03-04T08:30:00+11:00"},"results":{"name":{"coding":[{"system":{"value":"http://loinc.org"},"code":{"value":"57698-3"},"display":{"value":"Lipid panel with direct LDL"}}],"text":{"value":"Lipid Panel"}},"result":[{"type":{"value":"Observation"},"reference":{"value":"#cholesterol"}},{"type":{"value":"Observation"},"reference":{"value":"#triglyceride"}},{"type":{"value":"Observation"},"reference":{"value":"#hdlcholesterol"}},{"type":{"value":"Observation"},"reference":{"value":"#ldlcholesterol"}}]}}}