{"DiagnosticReport":{"status":{"value":"final"},"issued":{"value":"2013-03-11T10:28:00+01:00"},"subject":{"type":{"value":"Patient"},"reference":{"value":"patient/@f201"},"display":{"value":"Roel"}},"performer":{"type":{"value":"Organization"},"reference":{"value":"organization/@f201"},"display":{"value":"AUMC"}},"requestDetail":[{"encounter":{"type":{"value":"Encounter"},"reference":{"value":"encounter/@f203"},"display":{"value":"Roel's encounter on March eleventh 2013"}},"requester":{"type":{"value":"Practitioner"},"reference":{"value":"practitioner/@f201"},"display":{"value":"Dokter Bronsig"}}}],"serviceCategory":{"coding":[{"system":{"value":"http://snomed.info/sct"},"code":{"value":"15220000"},"display":{"value":"Laboratory test"}},{"system":{"value":"http://hl7.org/fhir/v2/0074"},"code":{"value":"LAB"}}]},"diagnosticTime":{"value":"2013-03-11T03:45:00+01:00"},"results":{"name":{"coding":[{"system":{"value":"http://snomed.info/sct"},"code":{"value":"104177005"},"display":{"value":"Blood culture for bacteria"}}]},"result":[{"type":{"value":"Observation"},"reference":{"value":"observation/@f206"},"display":{"value":"Results for staphylococcus analysis on Roel's blood culture"}}]},"conclusion":{"value":"Blood culture tested positive on staphylococcus aureus"},"codedDiagnosis":[{"coding":[{"system":{"value":"http://snomed.info/sct"},"code":{"value":"428763004"},"display":{"value":"Bacteremia due to staphylococcus"}}]}]}}