{"ValueSet":{"text":{"status":{"value":"generated"},"div":"<div><h2>DocumentStatus<\/h2><p>The workflow/clinical status of this document<\/p><p>This value set defines it's own terms in the system http://hl7.org/fhir/document-status<\/p><table><tr><td><b>Code<\/b><\/td><td><b>Display<\/b><\/td><td><b>Definition<\/b><\/td><\/tr><tr><td>interim<\/td><td/><td>This is an initial or interim document. The content may be incomplete or unverified.<\/td><\/tr><tr><td>final<\/td><td/><td>The document is complete and verified by an appropriate person.<\/td><\/tr><tr><td>amended<\/td><td/><td>The document has been modified subsequent to being released as &quot;final&quot;, and is complete and verified by an authorised person.<\/td><\/tr><tr><td>withdrawn<\/td><td/><td>The document has been withdrawn following prior release.<\/td><\/tr><\/table><\/div>"},"identifier":{"value":"http://hl7.org/fhir/vs/document-status"},"name":{"value":"DocumentStatus"},"publisher":{"value":"HL7 (FHIR Project)"},"telecom":[{"system":{"value":"url"},"value":{"value":"http://hl7.org/fhir"}},{"system":{"value":"email"},"value":{"value":"fhir@lists.hl7.org"}}],"description":{"value":"The workflow/clinical status of this document"},"status":{"value":"draft"},"date":{"value":"2023-05-12T00:10:00"},"define":{"system":{"value":"http://hl7.org/fhir/document-status"},"caseSensitive":{"value":true},"concept":[{"code":{"value":"interim"},"definition":{"value":"This is an initial or interim document. The content may be incomplete or unverified."}},{"code":{"value":"final"},"definition":{"value":"The document is complete and verified by an appropriate person."}},{"code":{"value":"amended"},"definition":{"value":"The document has been modified subsequent to being released as \"final\", and is complete and verified by an authorised person."}},{"code":{"value":"withdrawn"},"definition":{"value":"The document has been withdrawn following prior release."}}]}}}